Country,Trade,Value_USD,Month,Year
Argentina,Export,21774777,1,2015
Argentina,Import,115446756,1,2015
Argentina,Export,21229715,2,2015
Argentina,Import,107058752,2,2015
Argentina,Export,16769612,3,2015
Argentina,Import,169265511,3,2015
Argentina,Export,20263723,4,2015
Argentina,Import,160191343,4,2015
Argentina,Export,27356817,5,2015
Argentina,Import,265610080,5,2015
Argentina,Export,20655026,6,2015
Argentina,Import,200695047,6,2015
Argentina,Export,45326881,7,2015
Argentina,Import,198267287,7,2015
Argentina,Export,61349525,8,2015
Argentina,Import,283920482,8,2015
Argentina,Export,41968522,9,2015
Argentina,Import,186808380,9,2015
Argentina,Export,26952561,10,2015
Argentina,Import,152115929,10,2015
Argentina,Export,41914751,11,2015
Argentina,Import,135410556,11,2015
Argentina,Export,37618152,12,2015
Argentina,Import,171641282,12,2015
Australia,Export,233618065,1,2015
Australia,Import,182868181,1,2015
Australia,Export,218141814,2,2015
Australia,Import,90972624,2,2015
Australia,Export,272683384,3,2015
Australia,Import,202236086,3,2015
Australia,Export,264961213,4,2015
Australia,Import,126277905,4,2015
Australia,Export,245907700,5,2015
Australia,Import,158386855,5,2015
Australia,Export,270425275,6,2015
Australia,Import,212839408,6,2015
Australia,Export,194246452,7,2015
Australia,Import,158827135,7,2015
Australia,Export,269369049,8,2015
Australia,Import,186602363,8,2015
Australia,Export,214192975,9,2015
Australia,Import,232577640,9,2015
Australia,Export,226364203,10,2015
Australia,Import,154740626,10,2015
Australia,Export,232632309,11,2015
Australia,Import,148602345,11,2015
Australia,Export,203967509,12,2015
Australia,Import,144140869,12,2015
Belarus,Export,0,1,2015
Belarus,Import,2461565,1,2015
Belarus,Export,0,2,2015
Belarus,Import,12582850,2,2015
Belarus,Export,0,3,2015
Belarus,Import,22686502,3,2015
Belarus,Export,0,4,2015
Belarus,Import,16104999,4,2015
Belarus,Export,0,5,2015
Belarus,Import,3897326,5,2015
Belarus,Export,0,6,2015
Belarus,Import,21182132,6,2015
Belarus,Export,0,7,2015
Belarus,Import,2665915,7,2015
Belarus,Export,0,8,2015
Belarus,Import,2749074,8,2015
Belarus,Export,0,9,2015
Belarus,Import,589578,9,2015
Belarus,Export,0,10,2015
Belarus,Import,22333111,10,2015
Belarus,Export,0,11,2015
Belarus,Import,1449323,11,2015
Belarus,Export,48839090,12,2015
Belarus,Import,11474262,12,2015
Belgium,Export,153445490,1,2015
Belgium,Import,32717821,1,2015
Belgium,Export,108780811,2,2015
Belgium,Import,24957642,2,2015
Belgium,Export,118258330,3,2015
Belgium,Import,36932728,3,2015
Belgium,Export,148740038,4,2015
Belgium,Import,31677431,4,2015
Belgium,Export,174493424,5,2015
Belgium,Import,35456212,5,2015
Belgium,Export,171318034,6,2015
Belgium,Import,80558947,6,2015
Belgium,Export,157196213,7,2015
Belgium,Import,45791015,7,2015
Belgium,Export,139965472,8,2015
Belgium,Import,41493429,8,2015
Belgium,Export,117168905,9,2015
Belgium,Import,38836562,9,2015
Belgium,Export,154881270,10,2015
Belgium,Import,41584665,10,2015
Belgium,Export,167575936,11,2015
Belgium,Import,42471005,11,2015
Belgium,Export,184572640,12,2015
Belgium,Import,46442504,12,2015
Brazil,Export,141176116,1,2015
Brazil,Import,246419042,1,2015
Brazil,Export,116240194,2,2015
Brazil,Import,143360487,2,2015
Brazil,Export,172958730,3,2015
Brazil,Import,204091319,3,2015
Brazil,Export,162160972,4,2015
Brazil,Import,153982942,4,2015
Brazil,Export,109723268,5,2015
Brazil,Import,131865489,5,2015
Brazil,Export,76346257,6,2015
Brazil,Import,122122633,6,2015
Brazil,Export,112868129,7,2015
Brazil,Import,129870372,7,2015
Brazil,Export,124081849,8,2015
Brazil,Import,187709304,8,2015
Brazil,Export,131896272,9,2015
Brazil,Import,274846431,9,2015
Brazil,Export,108615117,10,2015
Brazil,Import,194977594,10,2015
Brazil,Export,95438741,11,2015
Brazil,Import,307557903,11,2015
Brazil,Export,89776323,12,2015
Brazil,Import,315846065,12,2015
Brunei,Export,1043384,1,2015
Brunei,Import,0,1,2015
Brunei,Export,1019670,2,2015
Brunei,Import,588890,2,2015
Brunei,Export,3138355,3,2015
Brunei,Import,1083330,3,2015
Brunei,Export,2203404,4,2015
Brunei,Import,0,4,2015
Brunei,Export,860406,5,2015
Brunei,Import,67479,5,2015
Brunei,Export,2966692,6,2015
Brunei,Import,43200315,6,2015
Brunei,Export,985228,7,2015
Brunei,Import,2100866,7,2015
Brunei,Export,1287718,8,2015
Brunei,Import,1074268,8,2015
Brunei,Export,6757003,9,2015
Brunei,Import,1948595,9,2015
Brunei,Export,3173866,10,2015
Brunei,Import,2056226,10,2015
Brunei,Export,953734,11,2015
Brunei,Import,0,11,2015
Brunei,Export,1447389,12,2015
Brunei,Import,277886,12,2015
Bungaria,Export,3152105,1,2015
Bungaria,Import,2382957,1,2015
Bungaria,Export,2570830,2,2015
Bungaria,Import,1821275,2,2015
Bungaria,Export,4011503,3,2015
Bungaria,Import,5265519,3,2015
Bungaria,Export,3403048,4,2015
Bungaria,Import,3844414,4,2015
Bungaria,Export,2908559,5,2015
Bungaria,Import,2783674,5,2015
Bungaria,Export,2902222,6,2015
Bungaria,Import,3367591,6,2015
Bungaria,Export,3132500,7,2015
Bungaria,Import,3103122,7,2015
Bungaria,Export,4219160,8,2015
Bungaria,Import,3465200,8,2015
Bungaria,Export,2972623,9,2015
Bungaria,Import,13793117,9,2015
Bungaria,Export,4166615,10,2015
Bungaria,Import,3517662,10,2015
Bungaria,Export,3851903,11,2015
Bungaria,Import,14701529,11,2015
Bungaria,Export,3810450,12,2015
Bungaria,Import,4189599,12,2015
Cambodia,Export,205626404,1,2015
Cambodia,Import,85417738,1,2015
Cambodia,Export,166973519,2,2015
Cambodia,Import,84373028,2,2015
Cambodia,Export,240199088,3,2015
Cambodia,Import,168046569,3,2015
Cambodia,Export,199509842,4,2015
Cambodia,Import,95457434,4,2015
Cambodia,Export,203765557,5,2015
Cambodia,Import,53326120,5,2015
Cambodia,Export,218650112,6,2015
Cambodia,Import,51732207,6,2015
Cambodia,Export,212848171,7,2015
Cambodia,Import,63145413,7,2015
Cambodia,Export,203553616,8,2015
Cambodia,Import,46659035,8,2015
Cambodia,Export,203103339,9,2015
Cambodia,Import,61459024,9,2015
Cambodia,Export,181862055,10,2015
Cambodia,Import,56964321,10,2015
Cambodia,Export,188853336,11,2015
Cambodia,Import,86384000,11,2015
Cambodia,Export,196756363,12,2015
Cambodia,Import,115531907,12,2015
Cameroon,Export,0,1,2015
Cameroon,Import,22955513,1,2015
Cameroon,Export,0,2,2015
Cameroon,Import,8551769,2,2015
Cameroon,Export,0,3,2015
Cameroon,Import,11887442,3,2015
Cameroon,Export,0,4,2015
Cameroon,Import,11847674,4,2015
Cameroon,Export,0,5,2015
Cameroon,Import,5484090,5,2015
Cameroon,Export,0,6,2015
Cameroon,Import,21127883,6,2015
Cameroon,Export,0,7,2015
Cameroon,Import,6212504,7,2015
Cameroon,Export,0,8,2015
Cameroon,Import,11523224,8,2015
Cameroon,Export,0,9,2015
Cameroon,Import,13819991,9,2015
Cameroon,Export,0,10,2015
Cameroon,Import,12922313,10,2015
Cameroon,Export,0,11,2015
Cameroon,Import,18692251,11,2015
Cameroon,Export,0,12,2015
Cameroon,Import,17752270,12,2015
Canada,Export,177724551,1,2015
Canada,Import,21202457,1,2015
Canada,Export,119552809,2,2015
Canada,Import,47684200,2,2015
Canada,Export,191325234,3,2015
Canada,Import,27265146,3,2015
Canada,Export,216679950,4,2015
Canada,Import,36029090,4,2015
Canada,Export,241681871,5,2015
Canada,Import,41061633,5,2015
Canada,Export,248683949,6,2015
Canada,Import,40315344,6,2015
Canada,Export,236384708,7,2015
Canada,Import,50339268,7,2015
Canada,Export,204616334,8,2015
Canada,Import,50959977,8,2015
Canada,Export,180577724,9,2015
Canada,Import,42983763,9,2015
Canada,Export,211371718,10,2015
Canada,Import,35078980,10,2015
Canada,Export,202510444,11,2015
Canada,Import,30127277,11,2015
Canada,Export,197483010,12,2015
Canada,Import,34405102,12,2015
Chile,Export,46171396,1,2015
Chile,Import,28237187,1,2015
Chile,Export,38610242,2,2015
Chile,Import,15151309,2,2015
Chile,Export,62634672,3,2015
Chile,Import,36432914,3,2015
Chile,Export,57426861,4,2015
Chile,Import,23983512,4,2015
Chile,Export,65798287,5,2015
Chile,Import,28068724,5,2015
Chile,Export,57285181,6,2015
Chile,Import,25287363,6,2015
Chile,Export,49265536,7,2015
Chile,Import,22743386,7,2015
Chile,Export,49542667,8,2015
Chile,Import,21508806,8,2015
Chile,Export,63480746,9,2015
Chile,Import,23659267,9,2015
Chile,Export,62805736,10,2015
Chile,Import,23504852,10,2015
Chile,Export,57247794,11,2015
Chile,Import,23315169,11,2015
Chile,Export,45415453,12,2015
Chile,Import,22889523,12,2015
"China, PR",Export,1314632650,1,2015
"China, PR",Import,4481510537,1,2015
"China, PR",Export,898493338,2,2015
"China, PR",Import,3181617622,2,2015
"China, PR",Export,1357350102,3,2015
"China, PR",Import,4022692011,3,2015
"China, PR",Export,1305757026,4,2015
"China, PR",Import,3934649488,4,2015
"China, PR",Export,1405337256,5,2015
"China, PR",Import,4679541724,5,2015
"China, PR",Export,1510029837,6,2015
"China, PR",Import,4441187682,6,2015
"China, PR",Export,1347955586,7,2015
"China, PR",Import,4364579477,7,2015
"China, PR",Export,1567309716,8,2015
"China, PR",Import,4242040678,8,2015
"China, PR",Export,1409634513,9,2015
"China, PR",Import,4196374281,9,2015
"China, PR",Export,1574511537,10,2015
"China, PR",Import,4127171430,10,2015
"China, PR",Export,1525655132,11,2015
"China, PR",Import,4216224318,11,2015
"China, PR",Export,1651752867,12,2015
"China, PR",Import,4438945648,12,2015
Croatia,Export,2749535,1,2015
Croatia,Import,1589300,1,2015
Croatia,Export,2443124,2,2015
Croatia,Import,1010521,2,2015
Croatia,Export,2613910,3,2015
Croatia,Import,4841201,3,2015
Croatia,Export,2168321,4,2015
Croatia,Import,1392353,4,2015
Croatia,Export,2652828,5,2015
Croatia,Import,2334230,5,2015
Croatia,Export,2585029,6,2015
Croatia,Import,1619780,6,2015
Croatia,Export,3404350,7,2015
Croatia,Import,1853130,7,2015
Croatia,Export,3213963,8,2015
Croatia,Import,1723144,8,2015
Croatia,Export,2175648,9,2015
Croatia,Import,2209020,9,2015
Croatia,Export,3275612,10,2015
Croatia,Import,1872659,10,2015
Croatia,Export,2159903,11,2015
Croatia,Import,1010659,11,2015
Croatia,Export,3319457,12,2015
Croatia,Import,2191386,12,2015
Cyprus,Export,3224878,1,2015
Cyprus,Import,723710,1,2015
Cyprus,Export,2105405,2,2015
Cyprus,Import,2064445,2,2015
Cyprus,Export,2483219,3,2015
Cyprus,Import,2833876,3,2015
Cyprus,Export,3280085,4,2015
Cyprus,Import,2968863,4,2015
Cyprus,Export,2622293,5,2015
Cyprus,Import,1386917,5,2015
Cyprus,Export,3701879,6,2015
Cyprus,Import,2301957,6,2015
Cyprus,Export,2959756,7,2015
Cyprus,Import,1012610,7,2015
Cyprus,Export,2342959,8,2015
Cyprus,Import,745695,8,2015
Cyprus,Export,2613006,9,2015
Cyprus,Import,2157581,9,2015
Cyprus,Export,2323772,10,2015
Cyprus,Import,1698406,10,2015
Cyprus,Export,2373430,11,2015
Cyprus,Import,3376741,11,2015
Cyprus,Export,3406749,12,2015
Cyprus,Import,4001877,12,2015
Czech Republic,Export,15408787,1,2015
Czech Republic,Import,5687529,1,2015
Czech Republic,Export,9308048,2,2015
Czech Republic,Import,6176913,2,2015
Czech Republic,Export,11625394,3,2015
Czech Republic,Import,6778991,3,2015
Czech Republic,Export,12639188,4,2015
Czech Republic,Import,5254522,4,2015
Czech Republic,Export,15879140,5,2015
Czech Republic,Import,6435973,5,2015
Czech Republic,Export,16170105,6,2015
Czech Republic,Import,8326636,6,2015
Czech Republic,Export,15992275,7,2015
Czech Republic,Import,7007977,7,2015
Czech Republic,Export,14527829,8,2015
Czech Republic,Import,7569006,8,2015
Czech Republic,Export,12908404,9,2015
Czech Republic,Import,5496748,9,2015
Czech Republic,Export,11297253,10,2015
Czech Republic,Import,6404255,10,2015
Czech Republic,Export,20830599,11,2015
Czech Republic,Import,5833532,11,2015
Czech Republic,Export,14920762,12,2015
Czech Republic,Import,7614583,12,2015
Côte d'lvoire,Export,24338684,1,2015
Côte d'lvoire,Import,3813233,1,2015
Côte d'lvoire,Export,1972358,2,2015
Côte d'lvoire,Import,4696227,2,2015
Côte d'lvoire,Export,2722668,3,2015
Côte d'lvoire,Import,7418295,3,2015
Côte d'lvoire,Export,4206476,4,2015
Côte d'lvoire,Import,13021454,4,2015
Côte d'lvoire,Export,21912353,5,2015
Côte d'lvoire,Import,54512292,5,2015
Côte d'lvoire,Export,3245079,6,2015
Côte d'lvoire,Import,100954650,6,2015
Côte d'lvoire,Export,26366881,7,2015
Côte d'lvoire,Import,91577631,7,2015
Côte d'lvoire,Export,22572215,8,2015
Côte d'lvoire,Import,110311684,8,2015
Côte d'lvoire,Export,2183467,9,2015
Côte d'lvoire,Import,36853664,9,2015
Côte d'lvoire,Export,4957182,10,2015
Côte d'lvoire,Import,15624426,10,2015
Côte d'lvoire,Export,21293657,11,2015
Côte d'lvoire,Import,9393124,11,2015
Côte d'lvoire,Export,2936947,12,2015
Côte d'lvoire,Import,4830034,12,2015
Denmark,Export,34847537,1,2015
Denmark,Import,12954363,1,2015
Denmark,Export,20854998,2,2015
Denmark,Import,9057698,2,2015
Denmark,Export,24056568,3,2015
Denmark,Import,22700368,3,2015
Denmark,Export,25364109,4,2015
Denmark,Import,15306453,4,2015
Denmark,Export,23246723,5,2015
Denmark,Import,20758800,5,2015
Denmark,Export,26900054,6,2015
Denmark,Import,19282561,6,2015
Denmark,Export,24382645,7,2015
Denmark,Import,35323359,7,2015
Denmark,Export,20020059,8,2015
Denmark,Import,22204168,8,2015
Denmark,Export,15006477,9,2015
Denmark,Import,17693549,9,2015
Denmark,Export,21972276,10,2015
Denmark,Import,27348192,10,2015
Denmark,Export,24182290,11,2015
Denmark,Import,19433430,11,2015
Denmark,Export,31960341,12,2015
Denmark,Import,22854056,12,2015
Estonia,Export,2141457,1,2015
Estonia,Import,1435797,1,2015
Estonia,Export,1083103,2,2015
Estonia,Import,1153783,2,2015
Estonia,Export,1518901,3,2015
Estonia,Import,3914887,3,2015
Estonia,Export,1504998,4,2015
Estonia,Import,1700832,4,2015
Estonia,Export,1695068,5,2015
Estonia,Import,2316119,5,2015
Estonia,Export,3040079,6,2015
Estonia,Import,941995,6,2015
Estonia,Export,3129477,7,2015
Estonia,Import,361729,7,2015
Estonia,Export,2059991,8,2015
Estonia,Import,1573532,8,2015
Estonia,Export,1480261,9,2015
Estonia,Import,578839,9,2015
Estonia,Export,2219807,10,2015
Estonia,Import,2935098,10,2015
Estonia,Export,2634998,11,2015
Estonia,Import,781274,11,2015
Estonia,Export,3250958,12,2015
Estonia,Import,1627045,12,2015
FR. Germany,Export,553805885,1,2015
FR. Germany,Import,224991281,1,2015
FR. Germany,Export,361059972,2,2015
FR. Germany,Import,150290473,2,2015
FR. Germany,Export,482720884,3,2015
FR. Germany,Import,209317716,3,2015
FR. Germany,Export,460472974,4,2015
FR. Germany,Import,217358337,4,2015
FR. Germany,Export,489376853,5,2015
FR. Germany,Import,207785830,5,2015
FR. Germany,Export,508081002,6,2015
FR. Germany,Import,194521442,6,2015
FR. Germany,Export,468220036,7,2015
FR. Germany,Import,248303677,7,2015
FR. Germany,Export,461120371,8,2015
FR. Germany,Import,310435026,8,2015
FR. Germany,Export,444299919,9,2015
FR. Germany,Import,242655094,9,2015
FR. Germany,Export,473015085,10,2015
FR. Germany,Import,223817689,10,2015
FR. Germany,Export,483985743,11,2015
FR. Germany,Import,212515699,11,2015
FR. Germany,Export,557206074,12,2015
FR. Germany,Import,318053912,12,2015
Finland,Export,9716515,1,2015
Finland,Import,20956808,1,2015
Finland,Export,7934544,2,2015
Finland,Import,14023317,2,2015
Finland,Export,10282797,3,2015
Finland,Import,17544143,3,2015
Finland,Export,7542802,4,2015
Finland,Import,14076935,4,2015
Finland,Export,10510750,5,2015
Finland,Import,15626243,5,2015
Finland,Export,10113111,6,2015
Finland,Import,23637631,6,2015
Finland,Export,12959966,7,2015
Finland,Import,21712832,7,2015
Finland,Export,8910407,8,2015
Finland,Import,10107495,8,2015
Finland,Export,8003552,9,2015
Finland,Import,14634939,9,2015
Finland,Export,8231576,10,2015
Finland,Import,16583570,10,2015
Finland,Export,12997758,11,2015
Finland,Import,17383513,11,2015
Finland,Export,11301890,12,2015
Finland,Import,24194481,12,2015
France,Export,259476343,1,2015
France,Import,106535958,1,2015
France,Export,154215698,2,2015
France,Import,83564958,2,2015
France,Export,235203513,3,2015
France,Import,123945634,3,2015
France,Export,213540252,4,2015
France,Import,84060626,4,2015
France,Export,235823105,5,2015
France,Import,99537375,5,2015
France,Export,269844472,6,2015
France,Import,95904116,6,2015
France,Export,242169809,7,2015
France,Import,143821961,7,2015
France,Export,274702189,8,2015
France,Import,79866777,8,2015
France,Export,244035545,9,2015
France,Import,315999105,9,2015
France,Export,282875460,10,2015
France,Import,88039351,10,2015
France,Export,301879124,11,2015
France,Import,167874770,11,2015
France,Export,251224738,12,2015
France,Import,107732138,12,2015
Greece,Export,14979003,1,2015
Greece,Import,4535154,1,2015
Greece,Export,9968892,2,2015
Greece,Import,1490390,2,2015
Greece,Export,19902098,3,2015
Greece,Import,2487286,3,2015
Greece,Export,17206316,4,2015
Greece,Import,750616,4,2015
Greece,Export,16983452,5,2015
Greece,Import,2810907,5,2015
Greece,Export,14793264,6,2015
Greece,Import,1662347,6,2015
Greece,Export,5185680,7,2015
Greece,Import,2626900,7,2015
Greece,Export,8824244,8,2015
Greece,Import,3064213,8,2015
Greece,Export,16398973,9,2015
Greece,Import,1576982,9,2015
Greece,Export,18908772,10,2015
Greece,Import,2110490,10,2015
Greece,Export,14356549,11,2015
Greece,Import,2333405,11,2015
Greece,Export,10862446,12,2015
Greece,Import,3168550,12,2015
Hong Kong SAR (China),Export,518917780,1,2015
Hong Kong SAR (China),Import,92775332,1,2015
Hong Kong SAR (China),Export,347338920,2,2015
Hong Kong SAR (China),Import,67223426,2,2015
Hong Kong SAR (China),Export,605444005,3,2015
Hong Kong SAR (China),Import,115064678,3,2015
Hong Kong SAR (China),Export,529999314,4,2015
Hong Kong SAR (China),Import,114515717,4,2015
Hong Kong SAR (China),Export,564710929,5,2015
Hong Kong SAR (China),Import,140059038,5,2015
Hong Kong SAR (China),Export,613639763,6,2015
Hong Kong SAR (China),Import,132080856,6,2015
Hong Kong SAR (China),Export,608912055,7,2015
Hong Kong SAR (China),Import,123273881,7,2015
Hong Kong SAR (China),Export,632529857,8,2015
Hong Kong SAR (China),Import,101843015,8,2015
Hong Kong SAR (China),Export,652678713,9,2015
Hong Kong SAR (China),Import,111179868,9,2015
Hong Kong SAR (China),Export,684043677,10,2015
Hong Kong SAR (China),Import,117762946,10,2015
Hong Kong SAR (China),Export,610260155,11,2015
Hong Kong SAR (China),Import,108900605,11,2015
Hong Kong SAR (China),Export,584526283,12,2015
Hong Kong SAR (China),Import,98230460,12,2015
Hungary,Export,4288531,1,2015
Hungary,Import,8708877,1,2015
Hungary,Export,4242838,2,2015
Hungary,Import,9009327,2,2015
Hungary,Export,5706340,3,2015
Hungary,Import,10824804,3,2015
Hungary,Export,5879763,4,2015
Hungary,Import,6091411,4,2015
Hungary,Export,4685091,5,2015
Hungary,Import,8021852,5,2015
Hungary,Export,4648921,6,2015
Hungary,Import,14662360,6,2015
Hungary,Export,6264908,7,2015
Hungary,Import,7609472,7,2015
Hungary,Export,6544192,8,2015
Hungary,Import,14665514,8,2015
Hungary,Export,5436784,9,2015
Hungary,Import,13133634,9,2015
Hungary,Export,6368790,10,2015
Hungary,Import,13367760,10,2015
Hungary,Export,6236901,11,2015
Hungary,Import,10863696,11,2015
Hungary,Export,5557434,12,2015
Hungary,Import,12465683,12,2015
India,Export,206695225,1,2015
India,Import,260080405,1,2015
India,Export,216129200,2,2015
India,Import,180676496,2,2015
India,Export,223568258,3,2015
India,Import,263371174,3,2015
India,Export,204947523,4,2015
India,Import,214135784,4,2015
India,Export,188395604,5,2015
India,Import,211273670,5,2015
India,Export,186852138,6,2015
India,Import,213216107,6,2015
India,Export,235518124,7,2015
India,Import,226730767,7,2015
India,Export,191185815,8,2015
India,Import,209272670,8,2015
India,Export,207530185,9,2015
India,Import,218556031,9,2015
India,Export,224991100,10,2015
India,Import,221812718,10,2015
India,Export,199312235,11,2015
India,Import,206283686,11,2015
India,Export,202925571,12,2015
India,Import,229343497,12,2015
Indonesia,Export,324318195,1,2015
Indonesia,Import,204369163,1,2015
Indonesia,Export,238665240,2,2015
Indonesia,Import,134727542,2,2015
Indonesia,Export,264896202,3,2015
Indonesia,Import,235863936,3,2015
Indonesia,Export,219768245,4,2015
Indonesia,Import,196086112,4,2015
Indonesia,Export,203215669,5,2015
Indonesia,Import,225785724,5,2015
Indonesia,Export,190934707,6,2015
Indonesia,Import,199554158,6,2015
Indonesia,Export,154859055,7,2015
Indonesia,Import,232542406,7,2015
Indonesia,Export,214666332,8,2015
Indonesia,Import,227581610,8,2015
Indonesia,Export,198453222,9,2015
Indonesia,Import,262386887,9,2015
Indonesia,Export,275318647,10,2015
Indonesia,Import,265687901,10,2015
Indonesia,Export,300773967,11,2015
Indonesia,Import,272662150,11,2015
Indonesia,Export,268882536,12,2015
Indonesia,Import,297509833,12,2015
Ireland,Export,10720292,1,2015
Ireland,Import,13476224,1,2015
Ireland,Export,8308093,2,2015
Ireland,Import,11167625,2,2015
Ireland,Export,9848893,3,2015
Ireland,Import,25648481,3,2015
Ireland,Export,17239907,4,2015
Ireland,Import,27275689,4,2015
Ireland,Export,9433208,5,2015
Ireland,Import,25227891,5,2015
Ireland,Export,9601367,6,2015
Ireland,Import,14540940,6,2015
Ireland,Export,10198579,7,2015
Ireland,Import,18565652,7,2015
Ireland,Export,8945214,8,2015
Ireland,Import,21129414,8,2015
Ireland,Export,7928821,9,2015
Ireland,Import,16187296,9,2015
Ireland,Export,7098349,10,2015
Ireland,Import,39747711,10,2015
Ireland,Export,7291324,11,2015
Ireland,Import,0,11,2015
Ireland,Export,10170373,12,2015
Ireland,Import,37764541,12,2015
Israel,Export,42980408,1,2015
Israel,Import,73528826,1,2015
Israel,Export,24204023,2,2015
Israel,Import,55810386,2,2015
Israel,Export,30426969,3,2015
Israel,Import,99483254,3,2015
Israel,Export,64791879,4,2015
Israel,Import,75888110,4,2015
Israel,Export,65558543,5,2015
Israel,Import,94031613,5,2015
Israel,Export,52057209,6,2015
Israel,Import,98706035,6,2015
Israel,Export,46501702,7,2015
Israel,Import,129145969,7,2015
Israel,Export,42537055,8,2015
Israel,Import,122633593,8,2015
Israel,Export,40502055,9,2015
Israel,Import,105575257,9,2015
Israel,Export,43956557,10,2015
Israel,Import,99234387,10,2015
Israel,Export,41409493,11,2015
Israel,Import,91055690,11,2015
Israel,Export,40039313,12,2015
Israel,Import,120254081,12,2015
Italy,Export,248927553,1,2015
Italy,Import,127137097,1,2015
Italy,Export,186982251,2,2015
Italy,Import,73704881,2,2015
Italy,Export,226014543,3,2015
Italy,Import,125899225,3,2015
Italy,Export,238630421,4,2015
Italy,Import,113060368,4,2015
Italy,Export,285908844,5,2015
Italy,Import,121475862,5,2015
Italy,Export,276711798,6,2015
Italy,Import,139637961,6,2015
Italy,Export,247043589,7,2015
Italy,Import,150741728,7,2015
Italy,Export,223785210,8,2015
Italy,Import,118934170,8,2015
Italy,Export,227207609,9,2015
Italy,Import,121697943,9,2015
Italy,Export,253049165,10,2015
Italy,Import,124364620,10,2015
Italy,Export,260527050,11,2015
Italy,Import,105439726,11,2015
Italy,Export,192169390,12,2015
Italy,Import,144654778,12,2015
Japan,Export,1148043887,1,2015
Japan,Import,1194188228,1,2015
Japan,Export,919384387,2,2015
Japan,Import,962504966,2,2015
Japan,Export,1215687326,3,2015
Japan,Import,1451065570,3,2015
Japan,Export,1198641118,4,2015
Japan,Import,1194516048,4,2015
Japan,Export,1076045375,5,2015
Japan,Import,1269363503,5,2015
Japan,Export,1166988673,6,2015
Japan,Import,1237971913,6,2015
Japan,Export,1306148669,7,2015
Japan,Import,1273740343,7,2015
Japan,Export,1238743471,8,2015
Japan,Import,1159527578,8,2015
Japan,Export,1195222220,9,2015
Japan,Import,1150816782,9,2015
Japan,Export,1198109349,10,2015
Japan,Import,1172745071,10,2015
Japan,Export,1260211790,11,2015
Japan,Import,1148068281,11,2015
Japan,Export,1265894887,12,2015
Japan,Import,1201495949,12,2015
Kazakhstan,Export,0,1,2015
Kazakhstan,Import,1183487,1,2015
Kazakhstan,Export,0,2,2015
Kazakhstan,Import,992013,2,2015
Kazakhstan,Export,0,3,2015
Kazakhstan,Import,542915,3,2015
Kazakhstan,Export,0,4,2015
Kazakhstan,Import,840031,4,2015
Kazakhstan,Export,0,5,2015
Kazakhstan,Import,1181472,5,2015
Kazakhstan,Export,0,6,2015
Kazakhstan,Import,901985,6,2015
Kazakhstan,Export,0,7,2015
Kazakhstan,Import,592014,7,2015
Kazakhstan,Export,0,8,2015
Kazakhstan,Import,119959,8,2015
Kazakhstan,Export,0,9,2015
Kazakhstan,Import,66998,9,2015
Kazakhstan,Export,0,10,2015
Kazakhstan,Import,499333,10,2015
Kazakhstan,Export,0,11,2015
Kazakhstan,Import,984386,11,2015
Kazakhstan,Export,0,12,2015
Kazakhstan,Import,975653,12,2015
Korea,Export,623483299,1,2015
Korea,Import,2124654251,1,2015
Korea,Export,467682776,2,2015
Korea,Import,1965965677,2,2015
Korea,Export,684323514,3,2015
Korea,Import,2489004718,3,2015
Korea,Export,644287778,4,2015
Korea,Import,2292941874,4,2015
Korea,Export,613545486,5,2015
Korea,Import,2470642189,5,2015
Korea,Export,601482145,6,2015
Korea,Import,2417659252,6,2015
Korea,Export,736849694,7,2015
Korea,Import,2560771605,7,2015
Korea,Export,974553698,8,2015
Korea,Import,2281693395,8,2015
Korea,Export,1009893133,9,2015
Korea,Import,2369620681,9,2015
Korea,Export,1035304229,10,2015
Korea,Import,2268383752,10,2015
Korea,Export,786032718,11,2015
Korea,Import,2219629242,11,2015
Korea,Export,745847218,12,2015
Korea,Import,2139479472,12,2015
Kuwait,Export,7960594,1,2015
Kuwait,Import,9231323,1,2015
Kuwait,Export,4448284,2,2015
Kuwait,Import,3771281,2,2015
Kuwait,Export,6440844,3,2015
Kuwait,Import,36759936,3,2015
Kuwait,Export,8842659,4,2015
Kuwait,Import,47260981,4,2015
Kuwait,Export,7400398,5,2015
Kuwait,Import,3942323,5,2015
Kuwait,Export,6901643,6,2015
Kuwait,Import,4158371,6,2015
Kuwait,Export,8439367,7,2015
Kuwait,Import,6525233,7,2015
Kuwait,Export,9053950,8,2015
Kuwait,Import,1404136,8,2015
Kuwait,Export,7046712,9,2015
Kuwait,Import,5006067,9,2015
Kuwait,Export,7603326,10,2015
Kuwait,Import,3542649,10,2015
Kuwait,Export,7157867,11,2015
Kuwait,Import,2555964,11,2015
Kuwait,Export,7179849,12,2015
Kuwait,Import,4799945,12,2015
Lao PDR,Export,53431078,1,2015
Lao PDR,Import,50760961,1,2015
Lao PDR,Export,37241142,2,2015
Lao PDR,Import,51197906,2,2015
Lao PDR,Export,58610666,3,2015
Lao PDR,Import,63772286,3,2015
Lao PDR,Export,54511915,4,2015
Lao PDR,Import,71678562,4,2015
Lao PDR,Export,60416894,5,2015
Lao PDR,Import,66922091,5,2015
Lao PDR,Export,49850828,6,2015
Lao PDR,Import,45478808,6,2015
Lao PDR,Export,42174621,7,2015
Lao PDR,Import,43836064,7,2015
Lao PDR,Export,40077510,8,2015
Lao PDR,Import,40684751,8,2015
Lao PDR,Export,33798888,9,2015
Lao PDR,Import,34685323,9,2015
Lao PDR,Export,33731865,10,2015
Lao PDR,Import,27668686,10,2015
Lao PDR,Export,36029052,11,2015
Lao PDR,Import,32873686,11,2015
Lao PDR,Export,43050479,12,2015
Lao PDR,Import,54058517,12,2015
Latvia,Export,13735208,1,2015
Latvia,Import,459308,1,2015
Latvia,Export,9173487,2,2015
Latvia,Import,203592,2,2015
Latvia,Export,12807950,3,2015
Latvia,Import,252446,3,2015
Latvia,Export,11541693,4,2015
Latvia,Import,103364,4,2015
Latvia,Export,12003016,5,2015
Latvia,Import,980477,5,2015
Latvia,Export,11169912,6,2015
Latvia,Import,563756,6,2015
Latvia,Export,11392360,7,2015
Latvia,Import,484792,7,2015
Latvia,Export,12795166,8,2015
Latvia,Import,691999,8,2015
Latvia,Export,13751619,9,2015
Latvia,Import,338578,9,2015
Latvia,Export,12684168,10,2015
Latvia,Import,643430,10,2015
Latvia,Export,12232863,11,2015
Latvia,Import,923233,11,2015
Latvia,Export,5488285,12,2015
Latvia,Import,1330553,12,2015
Litva,Export,2900729,1,2015
Litva,Import,585328,1,2015
Litva,Export,1930476,2,2015
Litva,Import,1947713,2,2015
Litva,Export,3389982,3,2015
Litva,Import,2126010,3,2015
Litva,Export,2268530,4,2015
Litva,Import,2126081,4,2015
Litva,Export,3675398,5,2015
Litva,Import,799817,5,2015
Litva,Export,2634056,6,2015
Litva,Import,1942554,6,2015
Litva,Export,3776007,7,2015
Litva,Import,1132717,7,2015
Litva,Export,4085116,8,2015
Litva,Import,1207854,8,2015
Litva,Export,3844689,9,2015
Litva,Import,1238050,9,2015
Litva,Export,4351509,10,2015
Litva,Import,1009418,10,2015
Litva,Export,2546392,11,2015
Litva,Import,799538,11,2015
Litva,Export,2927628,12,2015
Litva,Import,1392317,12,2015
Luxembourg,Export,1730072,1,2015
Luxembourg,Import,332972,1,2015
Luxembourg,Export,1801225,2,2015
Luxembourg,Import,1145677,2,2015
Luxembourg,Export,1788097,3,2015
Luxembourg,Import,1408518,3,2015
Luxembourg,Export,3181324,4,2015
Luxembourg,Import,1185648,4,2015
Luxembourg,Export,3362194,5,2015
Luxembourg,Import,907789,5,2015
Luxembourg,Export,4738772,6,2015
Luxembourg,Import,824304,6,2015
Luxembourg,Export,4847099,7,2015
Luxembourg,Import,870693,7,2015
Luxembourg,Export,4233533,8,2015
Luxembourg,Import,937874,8,2015
Luxembourg,Export,5009528,9,2015
Luxembourg,Import,647061,9,2015
Luxembourg,Export,3089807,10,2015
Luxembourg,Import,1173209,10,2015
Luxembourg,Export,3243641,11,2015
Luxembourg,Import,436352,11,2015
Luxembourg,Export,3159859,12,2015
Luxembourg,Import,546659,12,2015
Malaysia,Export,318029887,1,2015
Malaysia,Import,353631370,1,2015
Malaysia,Export,191014657,2,2015
Malaysia,Import,221675436,2,2015
Malaysia,Export,293863281,3,2015
Malaysia,Import,411097219,3,2015
Malaysia,Export,289884888,4,2015
Malaysia,Import,320799718,4,2015
Malaysia,Export,315821357,5,2015
Malaysia,Import,375744468,5,2015
Malaysia,Export,354776628,6,2015
Malaysia,Import,381946835,6,2015
Malaysia,Export,349274402,7,2015
Malaysia,Import,341968850,7,2015
Malaysia,Export,297581024,8,2015
Malaysia,Import,323059670,8,2015
Malaysia,Export,282521427,9,2015
Malaysia,Import,356833515,9,2015
Malaysia,Export,305435463,10,2015
Malaysia,Import,349326752,10,2015
Malaysia,Export,250087128,11,2015
Malaysia,Import,343551054,11,2015
Malaysia,Export,268780539,12,2015
Malaysia,Import,379425319,12,2015
Malta,Export,300081,1,2015
Malta,Import,2159496,1,2015
Malta,Export,200874,2,2015
Malta,Import,1419637,2,2015
Malta,Export,198624,3,2015
Malta,Import,1908177,3,2015
Malta,Export,155145,4,2015
Malta,Import,973576,4,2015
Malta,Export,202608,5,2015
Malta,Import,1277009,5,2015
Malta,Export,371719,6,2015
Malta,Import,764097,6,2015
Malta,Export,280883,7,2015
Malta,Import,2406043,7,2015
Malta,Export,30194788,8,2015
Malta,Import,3229684,8,2015
Malta,Export,78861,9,2015
Malta,Import,2374394,9,2015
Malta,Export,173729,10,2015
Malta,Import,2452011,10,2015
Malta,Export,30489663,11,2015
Malta,Import,2687744,11,2015
Malta,Export,98472,12,2015
Malta,Import,2470284,12,2015
Mexico,Export,103074912,1,2015
Mexico,Import,35343234,1,2015
Mexico,Export,78883655,2,2015
Mexico,Import,25673440,2,2015
Mexico,Export,117849761,3,2015
Mexico,Import,45343811,3,2015
Mexico,Export,142009745,4,2015
Mexico,Import,42380164,4,2015
Mexico,Export,146718952,5,2015
Mexico,Import,42943982,5,2015
Mexico,Export,120792749,6,2015
Mexico,Import,42436836,6,2015
Mexico,Export,154112803,7,2015
Mexico,Import,50523141,7,2015
Mexico,Export,139898397,8,2015
Mexico,Import,35595285,8,2015
Mexico,Export,146770038,9,2015
Mexico,Import,48646126,9,2015
Mexico,Export,147842324,10,2015
Mexico,Import,27526170,10,2015
Mexico,Export,159442898,11,2015
Mexico,Import,33291457,11,2015
Mexico,Export,94994297,12,2015
Mexico,Import,43101691,12,2015
Myanmar,Export,30640843,1,2015
Myanmar,Import,6694581,1,2015
Myanmar,Export,25532463,2,2015
Myanmar,Import,4070761,2,2015
Myanmar,Export,29205157,3,2015
Myanmar,Import,6398576,3,2015
Myanmar,Export,35223010,4,2015
Myanmar,Import,6727832,4,2015
Myanmar,Export,35936649,5,2015
Myanmar,Import,5067387,5,2015
Myanmar,Export,32586510,6,2015
Myanmar,Import,5557608,6,2015
Myanmar,Export,34702307,7,2015
Myanmar,Import,4064787,7,2015
Myanmar,Export,27622089,8,2015
Myanmar,Import,6335986,8,2015
Myanmar,Export,34093678,9,2015
Myanmar,Import,3144629,9,2015
Myanmar,Export,28251163,10,2015
Myanmar,Import,3399945,10,2015
Myanmar,Export,30244485,11,2015
Myanmar,Import,2432710,11,2015
Myanmar,Export,39300726,12,2015
Myanmar,Import,2571013,12,2015
Netherlands,Export,383958090,1,2015
Netherlands,Import,37709685,1,2015
Netherlands,Export,246430686,2,2015
Netherlands,Import,26594147,2,2015
Netherlands,Export,333246331,3,2015
Netherlands,Import,46272150,3,2015
Netherlands,Export,363649140,4,2015
Netherlands,Import,44225947,4,2015
Netherlands,Export,421358334,5,2015
Netherlands,Import,73812243,5,2015
Netherlands,Export,429060389,6,2015
Netherlands,Import,57877518,6,2015
Netherlands,Export,429002216,7,2015
Netherlands,Import,98654714,7,2015
Netherlands,Export,424150587,8,2015
Netherlands,Import,67349606,8,2015
Netherlands,Export,437666532,9,2015
Netherlands,Import,62336765,9,2015
Netherlands,Export,412876797,10,2015
Netherlands,Import,62827548,10,2015
Netherlands,Export,403291785,11,2015
Netherlands,Import,60725485,11,2015
Netherlands,Export,508673818,12,2015
Netherlands,Import,60580357,12,2015
New Zealand,Export,23806063,1,2015
New Zealand,Import,34073837,1,2015
New Zealand,Export,17568304,2,2015
New Zealand,Import,26257924,2,2015
New Zealand,Export,21834261,3,2015
New Zealand,Import,46864621,3,2015
New Zealand,Export,31184899,4,2015
New Zealand,Import,43179558,4,2015
New Zealand,Export,36596307,5,2015
New Zealand,Import,37944630,5,2015
New Zealand,Export,27881329,6,2015
New Zealand,Import,28622648,6,2015
New Zealand,Export,27449995,7,2015
New Zealand,Import,28886804,7,2015
New Zealand,Export,31687960,8,2015
New Zealand,Import,25355573,8,2015
New Zealand,Export,31284228,9,2015
New Zealand,Import,22189402,9,2015
New Zealand,Export,32284981,10,2015
New Zealand,Import,25691760,10,2015
New Zealand,Export,26209505,11,2015
New Zealand,Import,28421527,11,2015
New Zealand,Export,20323341,12,2015
New Zealand,Import,30233433,12,2015
Norway,Export,12461609,1,2015
Norway,Import,18135942,1,2015
Norway,Export,7780295,2,2015
Norway,Import,11125778,2,2015
Norway,Export,9113623,3,2015
Norway,Import,12965112,3,2015
Norway,Export,7298097,4,2015
Norway,Import,12205379,4,2015
Norway,Export,7933864,5,2015
Norway,Import,15622194,5,2015
Norway,Export,10016353,6,2015
Norway,Import,18124758,6,2015
Norway,Export,7937634,7,2015
Norway,Import,23224125,7,2015
Norway,Export,6741014,8,2015
Norway,Import,20984799,8,2015
Norway,Export,5532384,9,2015
Norway,Import,11721918,9,2015
Norway,Export,6536453,10,2015
Norway,Import,15731572,10,2015
Norway,Export,10908352,11,2015
Norway,Import,18704388,11,2015
Norway,Export,12156392,12,2015
Norway,Import,25672340,12,2015
Pakistan,Export,35375819,1,2015
Pakistan,Import,13732235,1,2015
Pakistan,Export,30655853,2,2015
Pakistan,Import,9774178,2,2015
Pakistan,Export,30880848,3,2015
Pakistan,Import,13030630,3,2015
Pakistan,Export,33308792,4,2015
Pakistan,Import,13670083,4,2015
Pakistan,Export,35012054,5,2015
Pakistan,Import,13633072,5,2015
Pakistan,Export,35920099,6,2015
Pakistan,Import,10987227,6,2015
Pakistan,Export,29001138,7,2015
Pakistan,Import,10707879,7,2015
Pakistan,Export,40514700,8,2015
Pakistan,Import,14029356,8,2015
Pakistan,Export,34407351,9,2015
Pakistan,Import,18825416,9,2015
Pakistan,Export,35830797,10,2015
Pakistan,Import,17342153,10,2015
Pakistan,Export,34259383,11,2015
Pakistan,Import,13419386,11,2015
Pakistan,Export,46544868,12,2015
Pakistan,Import,11790151,12,2015
Peru,Export,20666706,1,2015
Peru,Import,3072691,1,2015
Peru,Export,15124664,2,2015
Peru,Import,4895720,2,2015
Peru,Export,22527772,3,2015
Peru,Import,3367036,3,2015
Peru,Export,24863390,4,2015
Peru,Import,1025569,4,2015
Peru,Export,19844181,5,2015
Peru,Import,2728655,5,2015
Peru,Export,21458965,6,2015
Peru,Import,3276914,6,2015
Peru,Export,20035415,7,2015
Peru,Import,2826634,7,2015
Peru,Export,21065663,8,2015
Peru,Import,2195959,8,2015
Peru,Export,13362029,9,2015
Peru,Import,14658580,9,2015
Peru,Export,24921559,10,2015
Peru,Import,10109041,10,2015
Peru,Export,21983271,11,2015
Peru,Import,8127250,11,2015
Peru,Export,16059466,12,2015
Peru,Import,3366466,12,2015
Philippines,Export,140025139,1,2015
Philippines,Import,59659475,1,2015
Philippines,Export,90733630,2,2015
Philippines,Import,63727600,2,2015
Philippines,Export,240558533,3,2015
Philippines,Import,80333404,3,2015
Philippines,Export,178203803,4,2015
Philippines,Import,56419347,4,2015
Philippines,Export,127783522,5,2015
Philippines,Import,77426952,5,2015
Philippines,Export,150138939,6,2015
Philippines,Import,65718428,6,2015
Philippines,Export,197316872,7,2015
Philippines,Import,107904409,7,2015
Philippines,Export,138780723,8,2015
Philippines,Import,75237419,8,2015
Philippines,Export,156845869,9,2015
Philippines,Import,80041622,9,2015
Philippines,Export,241871222,10,2015
Philippines,Import,85270207,10,2015
Philippines,Export,195760428,11,2015
Philippines,Import,88982113,11,2015
Philippines,Export,173104685,12,2015
Philippines,Import,66776331,12,2015
Poland,Export,50516108,1,2015
Poland,Import,14882194,1,2015
Poland,Export,42328957,2,2015
Poland,Import,8097598,2,2015
Poland,Export,57982841,3,2015
Poland,Import,18608450,3,2015
Poland,Export,45721282,4,2015
Poland,Import,12733996,4,2015
Poland,Export,47630155,5,2015
Poland,Import,14702702,5,2015
Poland,Export,47313438,6,2015
Poland,Import,21819921,6,2015
Poland,Export,53629456,7,2015
Poland,Import,14388832,7,2015
Poland,Export,49163358,8,2015
Poland,Import,13813690,8,2015
Poland,Export,42751207,9,2015
Poland,Import,10897752,9,2015
Poland,Export,47522616,10,2015
Poland,Import,13425294,10,2015
Poland,Export,47553380,11,2015
Poland,Import,11635118,11,2015
Poland,Export,56628372,12,2015
Poland,Import,22429696,12,2015
Portugal,Export,20847590,1,2015
Portugal,Import,5454775,1,2015
Portugal,Export,14800371,2,2015
Portugal,Import,7417566,2,2015
Portugal,Export,19351807,3,2015
Portugal,Import,7048155,3,2015
Portugal,Export,22092402,4,2015
Portugal,Import,6748448,4,2015
Portugal,Export,27308567,5,2015
Portugal,Import,9700424,5,2015
Portugal,Export,25744639,6,2015
Portugal,Import,4573274,6,2015
Portugal,Export,26046123,7,2015
Portugal,Import,6413767,7,2015
Portugal,Export,29064847,8,2015
Portugal,Import,4361022,8,2015
Portugal,Export,26632881,9,2015
Portugal,Import,3172518,9,2015
Portugal,Export,30459837,10,2015
Portugal,Import,2814849,10,2015
Portugal,Export,30327599,11,2015
Portugal,Import,6082727,11,2015
Portugal,Export,15848048,12,2015
Portugal,Import,5339105,12,2015
Romania,Export,7014692,1,2015
Romania,Import,2244408,1,2015
Romania,Export,6395641,2,2015
Romania,Import,2370574,2,2015
Romania,Export,10554222,3,2015
Romania,Import,4425437,3,2015
Romania,Export,7767211,4,2015
Romania,Import,3641947,4,2015
Romania,Export,7360036,5,2015
Romania,Import,3171065,5,2015
Romania,Export,6197622,6,2015
Romania,Import,21634090,6,2015
Romania,Export,10372976,7,2015
Romania,Import,5194840,7,2015
Romania,Export,9127476,8,2015
Romania,Import,3042269,8,2015
Romania,Export,9645076,9,2015
Romania,Import,15285750,9,2015
Romania,Export,11053222,10,2015
Romania,Import,5027132,10,2015
Romania,Export,7660440,11,2015
Romania,Import,4260796,11,2015
Romania,Export,9899329,12,2015
Romania,Import,3726572,12,2015
Russia Federation,Export,133263808,1,2015
Russia Federation,Import,57791834,1,2015
Russia Federation,Export,86593508,2,2015
Russia Federation,Import,31979107,2,2015
Russia Federation,Export,99359474,3,2015
Russia Federation,Import,39012595,3,2015
Russia Federation,Export,97420450,4,2015
Russia Federation,Import,49515854,4,2015
Russia Federation,Export,87899849,5,2015
Russia Federation,Import,54177343,5,2015
Russia Federation,Export,120903811,6,2015
Russia Federation,Import,73106920,6,2015
Russia Federation,Export,138306394,7,2015
Russia Federation,Import,136607338,7,2015
Russia Federation,Export,169810657,8,2015
Russia Federation,Import,54944069,8,2015
Russia Federation,Export,145157526,9,2015
Russia Federation,Import,52851224,9,2015
Russia Federation,Export,132848549,10,2015
Russia Federation,Import,70228855,10,2015
Russia Federation,Export,148551147,11,2015
Russia Federation,Import,49111177,11,2015
Russia Federation,Export,86345837,12,2015
Russia Federation,Import,76454098,12,2015
Saudi Arabia,Export,44531329,1,2015
Saudi Arabia,Import,67332246,1,2015
Saudi Arabia,Export,21478011,2,2015
Saudi Arabia,Import,57078035,2,2015
Saudi Arabia,Export,39286267,3,2015
Saudi Arabia,Import,112216068,3,2015
Saudi Arabia,Export,46771230,4,2015
Saudi Arabia,Import,77691141,4,2015
Saudi Arabia,Export,61600451,5,2015
Saudi Arabia,Import,97145053,5,2015
Saudi Arabia,Export,55455578,6,2015
Saudi Arabia,Import,101892773,6,2015
Saudi Arabia,Export,43545905,7,2015
Saudi Arabia,Import,108458853,7,2015
Saudi Arabia,Export,46105589,8,2015
Saudi Arabia,Import,89986984,8,2015
Saudi Arabia,Export,48011684,9,2015
Saudi Arabia,Import,81370720,9,2015
Saudi Arabia,Export,43486612,10,2015
Saudi Arabia,Import,103234783,10,2015
Saudi Arabia,Export,50557864,11,2015
Saudi Arabia,Import,98590648,11,2015
Saudi Arabia,Export,38097865,12,2015
Saudi Arabia,Import,89561923,12,2015
Senegal,Export,8333985,1,2015
Senegal,Import,0,1,2015
Senegal,Export,2420721,2,2015
Senegal,Import,0,2,2015
Senegal,Export,1970569,3,2015
Senegal,Import,0,3,2015
Senegal,Export,4621245,4,2015
Senegal,Import,0,4,2015
Senegal,Export,4866344,5,2015
Senegal,Import,0,5,2015
Senegal,Export,3079150,6,2015
Senegal,Import,0,6,2015
Senegal,Export,3451661,7,2015
Senegal,Import,0,7,2015
Senegal,Export,1986263,8,2015
Senegal,Import,0,8,2015
Senegal,Export,2885540,9,2015
Senegal,Import,0,9,2015
Senegal,Export,2244463,10,2015
Senegal,Import,0,10,2015
Senegal,Export,1450511,11,2015
Senegal,Import,0,11,2015
Senegal,Export,2710297,12,2015
Senegal,Import,0,12,2015
Singapore,Export,337795226,1,2015
Singapore,Import,638704530,1,2015
Singapore,Export,162487450,2,2015
Singapore,Import,485743370,2,2015
Singapore,Export,245661380,3,2015
Singapore,Import,645339455,3,2015
Singapore,Export,268383167,4,2015
Singapore,Import,670860381,4,2015
Singapore,Export,332930200,5,2015
Singapore,Import,588203505,5,2015
Singapore,Export,247595829,6,2015
Singapore,Import,514751805,6,2015
Singapore,Export,279219434,7,2015
Singapore,Import,463738622,7,2015
Singapore,Export,237389442,8,2015
Singapore,Import,352502486,8,2015
Singapore,Export,266468061,9,2015
Singapore,Import,382941776,9,2015
Singapore,Export,255348063,10,2015
Singapore,Import,444258433,10,2015
Singapore,Export,224576901,11,2015
Singapore,Import,444925216,11,2015
Singapore,Export,232232308,12,2015
Singapore,Import,439213385,12,2015
Slovakia,Export,21430602,1,2015
Slovakia,Import,1599177,1,2015
Slovakia,Export,12727245,2,2015
Slovakia,Import,621642,2,2015
Slovakia,Export,11349898,3,2015
Slovakia,Import,2315948,3,2015
Slovakia,Export,22886713,4,2015
Slovakia,Import,1858172,4,2015
Slovakia,Export,29505279,5,2015
Slovakia,Import,1753568,5,2015
Slovakia,Export,29632694,6,2015
Slovakia,Import,1405347,6,2015
Slovakia,Export,27883399,7,2015
Slovakia,Import,1739384,7,2015
Slovakia,Export,17633483,8,2015
Slovakia,Import,1253612,8,2015
Slovakia,Export,18722465,9,2015
Slovakia,Import,1255882,9,2015
Slovakia,Export,26471031,10,2015
Slovakia,Import,677581,10,2015
Slovakia,Export,28551960,11,2015
Slovakia,Import,1793161,11,2015
Slovakia,Export,29241376,12,2015
Slovakia,Import,1948330,12,2015
Slovenia,Export,13385676,1,2015
Slovenia,Import,3428483,1,2015
Slovenia,Export,10646767,2,2015
Slovenia,Import,1589772,2,2015
Slovenia,Export,14409793,3,2015
Slovenia,Import,2524882,3,2015
Slovenia,Export,13109713,4,2015
Slovenia,Import,2283640,4,2015
Slovenia,Export,13533021,5,2015
Slovenia,Import,2269904,5,2015
Slovenia,Export,15923230,6,2015
Slovenia,Import,2455132,6,2015
Slovenia,Export,18585656,7,2015
Slovenia,Import,3192574,7,2015
Slovenia,Export,16414760,8,2015
Slovenia,Import,2763419,8,2015
Slovenia,Export,17992524,9,2015
Slovenia,Import,3098883,9,2015
Slovenia,Export,19885036,10,2015
Slovenia,Import,1440621,10,2015
Slovenia,Export,20015031,11,2015
Slovenia,Import,2246458,11,2015
Slovenia,Export,23316785,12,2015
Slovenia,Import,6936559,12,2015
South Africa,Export,94966178,1,2015
South Africa,Import,7261475,1,2015
South Africa,Export,58920881,2,2015
South Africa,Import,15491574,2,2015
South Africa,Export,88464871,3,2015
South Africa,Import,11788594,3,2015
South Africa,Export,98819083,4,2015
South Africa,Import,7703008,4,2015
South Africa,Export,99099079,5,2015
South Africa,Import,10386817,5,2015
South Africa,Export,97585557,6,2015
South Africa,Import,12957388,6,2015
South Africa,Export,75585649,7,2015
South Africa,Import,10468416,7,2015
South Africa,Export,89100491,8,2015
South Africa,Import,11353849,8,2015
South Africa,Export,102852262,9,2015
South Africa,Import,11138167,9,2015
South Africa,Export,98281632,10,2015
South Africa,Import,6956169,10,2015
South Africa,Export,94405387,11,2015
South Africa,Import,7930271,11,2015
South Africa,Export,43323627,12,2015
South Africa,Import,10539853,12,2015
Spain,Export,211156456,1,2015
Spain,Import,34288323,1,2015
Spain,Export,155200287,2,2015
Spain,Import,21005261,2,2015
Spain,Export,163309319,3,2015
Spain,Import,33009637,3,2015
Spain,Export,156531134,4,2015
Spain,Import,33390915,4,2015
Spain,Export,213848671,5,2015
Spain,Import,40568529,5,2015
Spain,Export,231899510,6,2015
Spain,Import,33795964,6,2015
Spain,Export,231334064,7,2015
Spain,Import,34333802,7,2015
Spain,Export,192759719,8,2015
Spain,Import,34383365,8,2015
Spain,Export,181228494,9,2015
Spain,Import,34511226,9,2015
Spain,Export,204464836,10,2015
Spain,Import,31112666,10,2015
Spain,Export,179261787,11,2015
Spain,Import,37379970,11,2015
Spain,Export,206473094,12,2015
Spain,Import,38812323,12,2015
Sweden,Export,81337122,1,2015
Sweden,Import,20571360,1,2015
Sweden,Export,57636020,2,2015
Sweden,Import,14071913,2,2015
Sweden,Export,97648238,3,2015
Sweden,Import,21805795,3,2015
Sweden,Export,73863726,4,2015
Sweden,Import,13172860,4,2015
Sweden,Export,99093046,5,2015
Sweden,Import,17826196,5,2015
Sweden,Export,93216453,6,2015
Sweden,Import,14075949,6,2015
Sweden,Export,76391138,7,2015
Sweden,Import,21171469,7,2015
Sweden,Export,73342525,8,2015
Sweden,Import,34110036,8,2015
Sweden,Export,63895374,9,2015
Sweden,Import,24191840,9,2015
Sweden,Export,59723232,10,2015
Sweden,Import,23228095,10,2015
Sweden,Export,86898989,11,2015
Sweden,Import,20058145,11,2015
Sweden,Export,76836807,12,2015
Sweden,Import,21617217,12,2015
Switzerland,Export,15568078,1,2015
Switzerland,Import,28321702,1,2015
Switzerland,Export,10761815,2,2015
Switzerland,Import,18290875,2,2015
Switzerland,Export,16694658,3,2015
Switzerland,Import,34744709,3,2015
Switzerland,Export,18508135,4,2015
Switzerland,Import,43228097,4,2015
Switzerland,Export,16496523,5,2015
Switzerland,Import,38671767,5,2015
Switzerland,Export,15968305,6,2015
Switzerland,Import,37000647,6,2015
Switzerland,Export,16484289,7,2015
Switzerland,Import,28179087,7,2015
Switzerland,Export,11576250,8,2015
Switzerland,Import,33081728,8,2015
Switzerland,Export,44111537,9,2015
Switzerland,Import,29835973,9,2015
Switzerland,Export,20519161,10,2015
Switzerland,Import,44017449,10,2015
Switzerland,Export,20311493,11,2015
Switzerland,Import,33325189,11,2015
Switzerland,Export,18514973,12,2015
Switzerland,Import,58509544,12,2015
Taiwan,Export,204554423,1,2015
Taiwan,Import,905568836,1,2015
Taiwan,Export,116729731,2,2015
Taiwan,Import,738662762,2,2015
Taiwan,Export,178385244,3,2015
Taiwan,Import,1060771431,3,2015
Taiwan,Export,167872084,4,2015
Taiwan,Import,906151572,4,2015
Taiwan,Export,166033187,5,2015
Taiwan,Import,1035468481,5,2015
Taiwan,Export,184721306,6,2015
Taiwan,Import,912664299,6,2015
Taiwan,Export,182001128,7,2015
Taiwan,Import,961271331,7,2015
Taiwan,Export,188074087,8,2015
Taiwan,Import,867367054,8,2015
Taiwan,Export,186954779,9,2015
Taiwan,Import,916776883,9,2015
Taiwan,Export,176869096,10,2015
Taiwan,Import,940506370,10,2015
Taiwan,Export,167374296,11,2015
Taiwan,Import,898856918,11,2015
Taiwan,Export,177289537,12,2015
Taiwan,Import,883632449,12,2015
Thailand,Export,275457588,1,2015
Thailand,Import,592818262,1,2015
Thailand,Export,271178665,2,2015
Thailand,Import,427753056,2,2015
Thailand,Export,285933626,3,2015
Thailand,Import,716224416,3,2015
Thailand,Export,242622216,4,2015
Thailand,Import,567767337,4,2015
Thailand,Export,291938902,5,2015
Thailand,Import,723016440,5,2015
Thailand,Export,274743305,6,2015
Thailand,Import,781921848,6,2015
Thailand,Export,270081839,7,2015
Thailand,Import,743783202,7,2015
Thailand,Export,281283547,8,2015
Thailand,Import,686500723,8,2015
Thailand,Export,276877700,9,2015
Thailand,Import,699090706,9,2015
Thailand,Export,247672231,10,2015
Thailand,Import,824821861,10,2015
Thailand,Export,242102938,11,2015
Thailand,Import,759377824,11,2015
Thailand,Export,217129487,12,2015
Thailand,Import,804608910,12,2015
Turkey,Export,166485988,1,2015
Turkey,Import,14602873,1,2015
Turkey,Export,95757965,2,2015
Turkey,Import,6836167,2,2015
Turkey,Export,166765966,3,2015
Turkey,Import,9616163,3,2015
Turkey,Export,138746844,4,2015
Turkey,Import,13467483,4,2015
Turkey,Export,121005571,5,2015
Turkey,Import,13958247,5,2015
Turkey,Export,93632084,6,2015
Turkey,Import,10533348,6,2015
Turkey,Export,122059284,7,2015
Turkey,Import,11050156,7,2015
Turkey,Export,108141925,8,2015
Turkey,Import,10659861,8,2015
Turkey,Export,86958887,9,2015
Turkey,Import,11353283,9,2015
Turkey,Export,98343071,10,2015
Turkey,Import,17185884,10,2015
Turkey,Export,88007823,11,2015
Turkey,Import,12291405,11,2015
Turkey,Export,80501823,12,2015
Turkey,Import,18230635,12,2015
Ukraine,Export,14872291,1,2015
Ukraine,Import,7193128,1,2015
Ukraine,Export,10274803,2,2015
Ukraine,Import,5423635,2,2015
Ukraine,Export,11494101,3,2015
Ukraine,Import,3405132,3,2015
Ukraine,Export,10437313,4,2015
Ukraine,Import,6701355,4,2015
Ukraine,Export,10481248,5,2015
Ukraine,Import,3150062,5,2015
Ukraine,Export,12613892,6,2015
Ukraine,Import,8898679,6,2015
Ukraine,Export,14292701,7,2015
Ukraine,Import,4541109,7,2015
Ukraine,Export,15670848,8,2015
Ukraine,Import,6132471,8,2015
Ukraine,Export,17174253,9,2015
Ukraine,Import,8346976,9,2015
Ukraine,Export,16574705,10,2015
Ukraine,Import,2296113,10,2015
Ukraine,Export,15554801,11,2015
Ukraine,Import,14835428,11,2015
Ukraine,Export,11584026,12,2015
Ukraine,Import,3378433,12,2015
United Arab Emirates,Export,488964967,1,2015
United Arab Emirates,Import,64790435,1,2015
United Arab Emirates,Export,362126138,2,2015
United Arab Emirates,Import,15551631,2,2015
United Arab Emirates,Export,398082007,3,2015
United Arab Emirates,Import,31346235,3,2015
United Arab Emirates,Export,504346145,4,2015
United Arab Emirates,Import,23343907,4,2015
United Arab Emirates,Export,507460125,5,2015
United Arab Emirates,Import,29649438,5,2015
United Arab Emirates,Export,633415328,6,2015
United Arab Emirates,Import,24313439,6,2015
United Arab Emirates,Export,576657044,7,2015
United Arab Emirates,Import,30603546,7,2015
United Arab Emirates,Export,575308624,8,2015
United Arab Emirates,Import,29821730,8,2015
United Arab Emirates,Export,480469789,9,2015
United Arab Emirates,Import,46877297,9,2015
United Arab Emirates,Export,401612790,10,2015
United Arab Emirates,Import,59634252,10,2015
United Arab Emirates,Export,462268593,11,2015
United Arab Emirates,Import,67726439,11,2015
United Arab Emirates,Export,306830654,12,2015
United Arab Emirates,Import,64350119,12,2015
United Kingdom,Export,333951720,1,2015
United Kingdom,Export,234554347,1,2015
United Kingdom,Import,50778500,1,2015
United Kingdom,Import,57193862,1,2015
United Kingdom,Export,234673301,2,2015
United Kingdom,Export,116925616,2,2015
United Kingdom,Import,38784341,2,2015
United Kingdom,Import,35778376,2,2015
United Kingdom,Export,362214443,3,2015
United Kingdom,Export,180154023,3,2015
United Kingdom,Import,61527738,3,2015
United Kingdom,Import,23017634,3,2015
United Kingdom,Export,368605158,4,2015
United Kingdom,Export,193356995,4,2015
United Kingdom,Import,52821159,4,2015
United Kingdom,Import,22445449,4,2015
United Kingdom,Export,409837182,5,2015
United Kingdom,Export,178889254,5,2015
United Kingdom,Import,59052856,5,2015
United Kingdom,Import,24455055,5,2015
United Kingdom,Export,475892652,6,2015
United Kingdom,Export,171674042,6,2015
United Kingdom,Import,65617857,6,2015
United Kingdom,Import,29685345,6,2015
United Kingdom,Export,397331295,7,2015
United Kingdom,Export,154854632,7,2015
United Kingdom,Import,103435020,7,2015
United Kingdom,Import,31762875,7,2015
United Kingdom,Export,424955081,8,2015
United Kingdom,Export,195333948,8,2015
United Kingdom,Import,65605564,8,2015
United Kingdom,Import,47987411,8,2015
United Kingdom,Export,404515401,9,2015
United Kingdom,Export,206451679,9,2015
United Kingdom,Import,52032650,9,2015
United Kingdom,Import,33512170,9,2015
United Kingdom,Export,424233961,10,2015
United Kingdom,Export,211873759,10,2015
United Kingdom,Import,68570817,10,2015
United Kingdom,Import,42610716,10,2015
United Kingdom,Export,424965423,11,2015
United Kingdom,Export,208904025,11,2015
United Kingdom,Import,60526950,11,2015
United Kingdom,Import,41928381,11,2015
United Kingdom,Export,406195335,12,2015
United Kingdom,Export,137827778,12,2015
United Kingdom,Import,63981028,12,2015
United Kingdom,Import,37583469,12,2015
United States,Export,2638476793,1,2015
United States,Import,636952550,1,2015
United States,Export,1837057540,2,2015
United States,Import,488054130,2,2015
United States,Export,2698336746,3,2015
United States,Import,728651146,3,2015
United States,Export,2809690836,4,2015
United States,Import,589513512,4,2015
United States,Export,2875228048,5,2015
United States,Import,706188839,5,2015
United States,Export,3025048146,6,2015
United States,Import,636839910,6,2015
United States,Export,3115076087,7,2015
United States,Import,572213270,7,2015
United States,Export,3017918540,8,2015
United States,Import,915420958,8,2015
United States,Export,2931286985,9,2015
United States,Import,605189993,9,2015
United States,Export,2940170111,10,2015
United States,Import,672145952,10,2015
United States,Export,2778427485,11,2015
United States,Import,535926708,11,2015
United States,Export,3058304869,12,2015
United States,Import,613231620,12,2015
Argentina,Export,33590009,1,2016
Argentina,Import,88053588,1,2016
Argentina,Export,39835385,2,2016
Argentina,Import,145361771,2,2016
Argentina,Export,35737777,3,2016
Argentina,Import,164509325,3,2016
Argentina,Export,27463915,4,2016
Argentina,Import,220007642,4,2016
Argentina,Export,29347999,5,2016
Argentina,Import,224699847,5,2016
Argentina,Export,33451679,6,2016
Argentina,Import,179711527,6,2016
Argentina,Export,26985137,7,2016
Argentina,Import,205446336,7,2016
Argentina,Export,35533819,8,2016
Argentina,Import,282998374,8,2016
Argentina,Export,22361625,9,2016
Argentina,Import,276804349,9,2016
Argentina,Export,22633189,10,2016
Argentina,Import,314458037,10,2016
Argentina,Export,29034005,11,2016
Argentina,Import,260964657,11,2016
Argentina,Export,32974581,12,2016
Argentina,Import,309248472,12,2016
Australia,Export,229091753,1,2016
Australia,Import,224322651,1,2016
Australia,Export,158377900,2,2016
Australia,Import,176116038,2,2016
Australia,Export,247797544,3,2016
Australia,Import,160166634,3,2016
Australia,Export,227882613,4,2016
Australia,Import,178914515,4,2016
Australia,Export,226770932,5,2016
Australia,Import,174763317,5,2016
Australia,Export,216339232,6,2016
Australia,Import,185263998,6,2016
Australia,Export,231034826,7,2016
Australia,Import,193872202,7,2016
Australia,Export,294740125,8,2016
Australia,Import,242537371,8,2016
Australia,Export,241886620,9,2016
Australia,Import,204822015,9,2016
Australia,Export,269550539,10,2016
Australia,Import,241733582,10,2016
Australia,Export,266212870,11,2016
Australia,Import,205849671,11,2016
Australia,Export,255762609,12,2016
Australia,Import,203825196,12,2016
Austria,Export,185327489,1,2016
Austria,Import,29223154,1,2016
Austria,Export,140258620,2,2016
Austria,Import,29140469,2,2016
Austria,Export,209733199,3,2016
Austria,Import,24589937,3,2016
Austria,Export,236849831,4,2016
Austria,Import,19516081,4,2016
Austria,Export,205684393,5,2016
Austria,Import,22427476,5,2016
Austria,Export,206031703,6,2016
Austria,Import,28863499,6,2016
Austria,Export,214128086,7,2016
Austria,Import,33581882,7,2016
Austria,Export,219301232,8,2016
Austria,Import,32514230,8,2016
Austria,Export,229394649,9,2016
Austria,Import,34101592,9,2016
Austria,Export,266762152,10,2016
Austria,Import,26320528,10,2016
Austria,Export,303247722,11,2016
Austria,Import,38880103,11,2016
Austria,Export,214571589,12,2016
Austria,Import,39134326,12,2016
Belarus,Export,0,1,2016
Belarus,Import,20325009,1,2016
Belarus,Export,0,2,2016
Belarus,Import,723924,2,2016
Belarus,Export,0,3,2016
Belarus,Import,1505655,3,2016
Belarus,Export,0,4,2016
Belarus,Import,9458030,4,2016
Belarus,Export,0,5,2016
Belarus,Import,4971379,5,2016
Belarus,Export,0,6,2016
Belarus,Import,2079310,6,2016
Belarus,Export,0,7,2016
Belarus,Import,16792427,7,2016
Belarus,Export,0,8,2016
Belarus,Import,1013834,8,2016
Belarus,Export,0,9,2016
Belarus,Import,3064457,9,2016
Belarus,Export,0,10,2016
Belarus,Import,24057005,10,2016
Belarus,Export,0,11,2016
Belarus,Import,3167524,11,2016
Belarus,Export,0,12,2016
Belarus,Import,4822225,12,2016
Belgium,Export,176505068,1,2016
Belgium,Import,33215551,1,2016
Belgium,Export,121075192,2,2016
Belgium,Import,32688841,2,2016
Belgium,Export,140424372,3,2016
Belgium,Import,35710769,3,2016
Belgium,Export,173197125,4,2016
Belgium,Import,43094104,4,2016
Belgium,Export,184043230,5,2016
Belgium,Import,49225089,5,2016
Belgium,Export,177552786,6,2016
Belgium,Import,44014051,6,2016
Belgium,Export,152406872,7,2016
Belgium,Import,44947494,7,2016
Belgium,Export,156785479,8,2016
Belgium,Import,29976081,8,2016
Belgium,Export,130299375,9,2016
Belgium,Import,36007558,9,2016
Belgium,Export,153756733,10,2016
Belgium,Import,32450445,10,2016
Belgium,Export,182520565,11,2016
Belgium,Import,43393230,11,2016
Belgium,Export,218985327,12,2016
Belgium,Import,49257201,12,2016
Braxin,Export,107095913,1,2016
Braxin,Import,240187824,1,2016
Braxin,Export,101470367,2,2016
Braxin,Import,152145275,2,2016
Braxin,Export,92089954,3,2016
Braxin,Import,193219705,3,2016
Braxin,Export,81722009,4,2016
Braxin,Import,129632178,4,2016
Braxin,Export,118078886,5,2016
Braxin,Import,95240590,5,2016
Braxin,Export,90799290,6,2016
Braxin,Import,165296510,6,2016
Braxin,Export,106365026,7,2016
Braxin,Import,93120878,7,2016
Braxin,Export,125096503,8,2016
Braxin,Import,115627013,8,2016
Braxin,Export,117596483,9,2016
Braxin,Import,170969324,9,2016
Braxin,Export,120411489,10,2016
Braxin,Import,128726408,10,2016
Braxin,Export,143616081,11,2016
Braxin,Import,129564341,11,2016
Braxin,Export,128103122,12,2016
Braxin,Import,103790882,12,2016
Brunay,Export,879458,1,2016
Brunay,Import,860738,1,2016
Brunay,Export,968272,2,2016
Brunay,Import,552138,2,2016
Brunay,Export,1764377,3,2016
Brunay,Import,1242107,3,2016
Brunay,Export,1628383,4,2016
Brunay,Import,3878837,4,2016
Brunay,Export,1686868,5,2016
Brunay,Import,731296,5,2016
Brunay,Export,2035371,6,2016
Brunay,Import,340,6,2016
Brunay,Export,1675050,7,2016
Brunay,Import,31470335,7,2016
Brunay,Export,2164102,8,2016
Brunay,Import,1672908,8,2016
Brunay,Export,1886435,9,2016
Brunay,Import,540494,9,2016
Brunay,Export,2013355,10,2016
Brunay,Import,1217125,10,2016
Brunay,Export,1522968,11,2016
Brunay,Import,73852,11,2016
Brunay,Export,1827652,12,2016
Brunay,Import,35449569,12,2016
Bungary,Export,3393841,1,2016
Bungary,Import,3756368,1,2016
Bungary,Export,2871828,2,2016
Bungary,Import,3983230,2,2016
Bungary,Export,4913023,3,2016
Bungary,Import,3253846,3,2016
Bungary,Export,4276106,4,2016
Bungary,Import,4205692,4,2016
Bungary,Export,2934604,5,2016
Bungary,Import,2948792,5,2016
Bungary,Export,5289259,6,2016
Bungary,Import,3281753,6,2016
Bungary,Export,3771334,7,2016
Bungary,Import,3679736,7,2016
Bungary,Export,3633826,8,2016
Bungary,Import,40462389,8,2016
Bungary,Export,2814360,9,2016
Bungary,Import,18543453,9,2016
Bungary,Export,3730184,10,2016
Bungary,Import,44631781,10,2016
Bungary,Export,3714972,11,2016
Bungary,Import,31633198,11,2016
Bungary,Export,3399303,12,2016
Bungary,Import,9876091,12,2016
Cameroon,Export,0,1,2016
Cameroon,Import,15157449,1,2016
Cameroon,Export,0,2,2016
Cameroon,Import,14540933,2,2016
Cameroon,Export,0,3,2016
Cameroon,Import,10483246,3,2016
Cameroon,Export,0,4,2016
Cameroon,Import,10746728,4,2016
Cameroon,Export,0,5,2016
Cameroon,Import,12522962,5,2016
Cameroon,Export,0,6,2016
Cameroon,Import,13117450,6,2016
Cameroon,Export,0,7,2016
Cameroon,Import,9025488,7,2016
Cameroon,Export,0,8,2016
Cameroon,Import,13783341,8,2016
Cameroon,Export,0,9,2016
Cameroon,Import,13543379,9,2016
Cameroon,Export,0,10,2016
Cameroon,Import,16682024,10,2016
Cameroon,Export,0,11,2016
Cameroon,Import,20395945,11,2016
Cameroon,Export,0,12,2016
Cameroon,Import,18410015,12,2016
Campuchia,Export,187827744,1,2016
Campuchia,Import,113760402,1,2016
Campuchia,Export,140584326,2,2016
Campuchia,Import,79998543,2,2016
Campuchia,Export,206071857,3,2016
Campuchia,Import,115444706,3,2016
Campuchia,Export,174009880,4,2016
Campuchia,Import,63428773,4,2016
Campuchia,Export,180729291,5,2016
Campuchia,Import,39984989,5,2016
Campuchia,Export,195265451,6,2016
Campuchia,Import,33720101,6,2016
Campuchia,Export,183106736,7,2016
Campuchia,Import,36284602,7,2016
Campuchia,Export,185287114,8,2016
Campuchia,Import,37993313,8,2016
Campuchia,Export,167011563,9,2016
Campuchia,Import,31350957,9,2016
Campuchia,Export,178614990,10,2016
Campuchia,Import,33797255,10,2016
Campuchia,Export,184967446,11,2016
Campuchia,Import,55255859,11,2016
Campuchia,Export,217108911,12,2016
Campuchia,Import,84772233,12,2016
Canada,Export,178916062,1,2016
Canada,Import,29490115,1,2016
Canada,Export,162159567,2,2016
Canada,Import,31419558,2,2016
Canada,Export,215366781,3,2016
Canada,Import,25363321,3,2016
Canada,Export,194366098,4,2016
Canada,Import,37732980,4,2016
Canada,Export,243374471,5,2016
Canada,Import,37215275,5,2016
Canada,Export,246963276,6,2016
Canada,Import,42040718,6,2016
Canada,Export,231948255,7,2016
Canada,Import,34311428,7,2016
Canada,Export,234191608,8,2016
Canada,Import,43191929,8,2016
Canada,Export,200218747,9,2016
Canada,Import,27358476,9,2016
Canada,Export,241638128,10,2016
Canada,Import,22136163,10,2016
Canada,Export,276039796,11,2016
Canada,Import,24720612,11,2016
Canada,Export,228381941,12,2016
Canada,Import,34876440,12,2016
Chile,Export,54338749,1,2016
Chile,Import,22152600,1,2016
Chile,Export,34570607,2,2016
Chile,Import,16501657,2,2016
Chile,Export,79943748,3,2016
Chile,Import,18548678,3,2016
Chile,Export,74806440,4,2016
Chile,Import,17415780,4,2016
Chile,Export,88098594,5,2016
Chile,Import,19397609,5,2016
Chile,Export,61954688,6,2016
Chile,Import,22567972,6,2016
Chile,Export,55742824,7,2016
Chile,Import,19621825,7,2016
Chile,Export,55121153,8,2016
Chile,Import,15559088,8,2016
Chile,Export,70223709,9,2016
Chile,Import,19577968,9,2016
Chile,Export,94599733,10,2016
Chile,Import,15141194,10,2016
Chile,Export,70984280,11,2016
Chile,Import,19672589,11,2016
Chile,Export,64966375,12,2016
Chile,Import,25063301,12,2016
"China, PR",Export,1328437537,1,2016
"China, PR",Import,3905451875,1,2016
"China, PR",Export,1114159884,2,2016
"China, PR",Import,2635856118,2,2016
"China, PR",Export,1754544187,3,2016
"China, PR",Import,4121895315,3,2016
"China, PR",Export,1708893780,4,2016
"China, PR",Import,4066402845,4,2016
"China, PR",Export,1584168616,5,2016
"China, PR",Import,4218120102,5,2016
"China, PR",Export,1624810013,6,2016
"China, PR",Import,4217530120,6,2016
"China, PR",Export,1739894321,7,2016
"China, PR",Import,4164153384,7,2016
"China, PR",Export,2054902936,8,2016
"China, PR",Import,4411604905,8,2016
"China, PR",Export,2186472084,9,2016
"China, PR",Import,4190541951,9,2016
"China, PR",Export,2215582409,10,2016
"China, PR",Import,4306811677,10,2016
"China, PR",Export,2292725717,11,2016
"China, PR",Import,4819721381,11,2016
"China, PR",Export,2365875914,12,2016
"China, PR",Import,4871870513,12,2016
Croatia,Export,2531767,1,2016
Croatia,Import,1799976,1,2016
Croatia,Export,1717772,2,2016
Croatia,Import,1234134,2,2016
Croatia,Export,6385121,3,2016
Croatia,Import,3884449,3,2016
Croatia,Export,4988821,4,2016
Croatia,Import,2256065,4,2016
Croatia,Export,3025063,5,2016
Croatia,Import,2147194,5,2016
Croatia,Export,4132947,6,2016
Croatia,Import,7756230,6,2016
Croatia,Export,3450120,7,2016
Croatia,Import,1540033,7,2016
Croatia,Export,2909747,8,2016
Croatia,Import,2459252,8,2016
Croatia,Export,4241367,9,2016
Croatia,Import,2056089,9,2016
Croatia,Export,3968772,10,2016
Croatia,Import,2286226,10,2016
Croatia,Export,3516507,11,2016
Croatia,Import,2087447,11,2016
Croatia,Export,4723356,12,2016
Croatia,Import,2445626,12,2016
Cyprus,Export,3608625,1,2016
Cyprus,Import,2070235,1,2016
Cyprus,Export,1946370,2,2016
Cyprus,Import,1790074,2,2016
Cyprus,Export,3805698,3,2016
Cyprus,Import,2486138,3,2016
Cyprus,Export,3686495,4,2016
Cyprus,Import,2686508,4,2016
Cyprus,Export,3842025,5,2016
Cyprus,Import,2142830,5,2016
Cyprus,Export,3463955,6,2016
Cyprus,Import,1853221,6,2016
Cyprus,Export,2299099,7,2016
Cyprus,Import,3204415,7,2016
Cyprus,Export,3192600,8,2016
Cyprus,Import,4407043,8,2016
Cyprus,Export,1959598,9,2016
Cyprus,Import,2067896,9,2016
Cyprus,Export,2074447,10,2016
Cyprus,Import,4341590,10,2016
Cyprus,Export,4171898,11,2016
Cyprus,Import,3359107,11,2016
Cyprus,Export,4072095,12,2016
Cyprus,Import,5158021,12,2016
Czech Republic,Export,15361923,1,2016
Czech Republic,Import,5741967,1,2016
Czech Republic,Export,9427478,2,2016
Czech Republic,Import,5891182,2,2016
Czech Republic,Export,11072428,3,2016
Czech Republic,Import,6269544,3,2016
Czech Republic,Export,13817515,4,2016
Czech Republic,Import,7588842,4,2016
Czech Republic,Export,13613352,5,2016
Czech Republic,Import,10532338,5,2016
Czech Republic,Export,18877095,6,2016
Czech Republic,Import,7689337,6,2016
Czech Republic,Export,11335052,7,2016
Czech Republic,Import,5620752,7,2016
Czech Republic,Export,10313371,8,2016
Czech Republic,Import,8407144,8,2016
Czech Republic,Export,9837308,9,2016
Czech Republic,Import,11943650,9,2016
Czech Republic,Export,7924134,10,2016
Czech Republic,Import,8627168,10,2016
Czech Republic,Export,13015231,11,2016
Czech Republic,Import,9671380,11,2016
Czech Republic,Export,11587599,12,2016
Czech Republic,Import,15708322,12,2016
Côte d'lvoire,Export,21382534,1,2016
Côte d'lvoire,Import,3518090,1,2016
Côte d'lvoire,Export,2120604,2,2016
Côte d'lvoire,Import,2014809,2,2016
Côte d'lvoire,Export,2228190,3,2016
Côte d'lvoire,Import,5407387,3,2016
Côte d'lvoire,Export,22169740,4,2016
Côte d'lvoire,Import,13026753,4,2016
Côte d'lvoire,Export,2228877,5,2016
Côte d'lvoire,Import,87860221,5,2016
Côte d'lvoire,Export,20920625,6,2016
Côte d'lvoire,Import,135343213,6,2016
Côte d'lvoire,Export,4172933,7,2016
Côte d'lvoire,Import,134258007,7,2016
Côte d'lvoire,Export,7873402,8,2016
Côte d'lvoire,Import,110929718,8,2016
Côte d'lvoire,Export,5099543,9,2016
Côte d'lvoire,Import,71631744,9,2016
Côte d'lvoire,Export,3594476,10,2016
Côte d'lvoire,Import,62258572,10,2016
Côte d'lvoire,Export,24285536,11,2016
Côte d'lvoire,Import,26529935,11,2016
Côte d'lvoire,Export,4909115,12,2016
Côte d'lvoire,Import,50457542,12,2016
Denmark,Export,24267929,1,2016
Denmark,Import,19313760,1,2016
Denmark,Export,14692570,2,2016
Denmark,Import,17004733,2,2016
Denmark,Export,24311812,3,2016
Denmark,Import,33568569,3,2016
Denmark,Export,21539132,4,2016
Denmark,Import,20621671,4,2016
Denmark,Export,24590802,5,2016
Denmark,Import,44756149,5,2016
Denmark,Export,26105168,6,2016
Denmark,Import,18860749,6,2016
Denmark,Export,26096065,7,2016
Denmark,Import,44798796,7,2016
Denmark,Export,22187451,8,2016
Denmark,Import,35311084,8,2016
Denmark,Export,18901764,9,2016
Denmark,Import,26965492,9,2016
Denmark,Export,21546737,10,2016
Denmark,Import,20769929,10,2016
Denmark,Export,23977114,11,2016
Denmark,Import,21716763,11,2016
Denmark,Export,35036465,12,2016
Denmark,Import,24725329,12,2016
Estonia,Export,2974961,1,2016
Estonia,Import,681971,1,2016
Estonia,Export,1205777,2,2016
Estonia,Import,788784,2,2016
Estonia,Export,3869964,3,2016
Estonia,Import,300009,3,2016
Estonia,Export,2697233,4,2016
Estonia,Import,386446,4,2016
Estonia,Export,2173921,5,2016
Estonia,Import,452617,5,2016
Estonia,Export,2086737,6,2016
Estonia,Import,164637,6,2016
Estonia,Export,1922937,7,2016
Estonia,Import,539112,7,2016
Estonia,Export,3582147,8,2016
Estonia,Import,695529,8,2016
Estonia,Export,2937754,9,2016
Estonia,Import,502577,9,2016
Estonia,Export,2770749,10,2016
Estonia,Import,884498,10,2016
Estonia,Export,1457396,11,2016
Estonia,Import,384460,11,2016
Estonia,Export,3097947,12,2016
Estonia,Import,473179,12,2016
FR.Germany,Export,526334631,1,2016
FR.Germany,Import,195418127,1,2016
FR.Germany,Export,401961897,2,2016
FR.Germany,Import,176469629,2,2016
FR.Germany,Export,499119253,3,2016
FR.Germany,Import,201665379,3,2016
FR.Germany,Export,500934097,4,2016
FR.Germany,Import,215812375,4,2016
FR.Germany,Export,502348984,5,2016
FR.Germany,Import,264460334,5,2016
FR.Germany,Export,502034708,6,2016
FR.Germany,Import,248626377,6,2016
FR.Germany,Export,478238658,7,2016
FR.Germany,Import,236825014,7,2016
FR.Germany,Export,467280209,8,2016
FR.Germany,Import,290797419,8,2016
FR.Germany,Export,451201262,9,2016
FR.Germany,Import,234985778,9,2016
FR.Germany,Export,492331712,10,2016
FR.Germany,Import,232939913,10,2016
FR.Germany,Export,573720830,11,2016
FR.Germany,Import,256688404,11,2016
FR.Germany,Export,563874913,12,2016
FR.Germany,Import,273574534,12,2016
Finland,Export,9899097,1,2016
Finland,Import,11182134,1,2016
Finland,Export,7940430,2,2016
Finland,Import,18797881,2,2016
Finland,Export,9548525,3,2016
Finland,Import,27685906,3,2016
Finland,Export,8001091,4,2016
Finland,Import,13317069,4,2016
Finland,Export,8652395,5,2016
Finland,Import,13870201,5,2016
Finland,Export,7479584,6,2016
Finland,Import,10022772,6,2016
Finland,Export,8220620,7,2016
Finland,Import,22628009,7,2016
Finland,Export,8500287,8,2016
Finland,Import,32463950,8,2016
Finland,Export,8036645,9,2016
Finland,Import,27762058,9,2016
Finland,Export,9943914,10,2016
Finland,Import,14643321,10,2016
Finland,Export,11260076,11,2016
Finland,Import,16865455,11,2016
Finland,Export,9083856,12,2016
Finland,Import,12297209,12,2016
France,Export,246735467,1,2016
France,Import,90253064,1,2016
France,Export,198413319,2,2016
France,Import,66128292,2,2016
France,Export,227323271,3,2016
France,Import,90254846,3,2016
France,Export,238576102,4,2016
France,Import,89990662,4,2016
France,Export,230102882,5,2016
France,Import,97140661,5,2016
France,Export,237427175,6,2016
France,Import,98504806,6,2016
France,Export,240597550,7,2016
France,Import,80301419,7,2016
France,Export,267961253,8,2016
France,Import,108491544,8,2016
France,Export,242472589,9,2016
France,Import,97521694,9,2016
France,Export,244109667,10,2016
France,Import,120922559,10,2016
France,Export,343414516,11,2016
France,Import,98113133,11,2016
France,Export,281988237,12,2016
France,Import,99547108,12,2016
Greece,Export,14393654,1,2016
Greece,Import,3228426,1,2016
Greece,Export,8758060,2,2016
Greece,Import,2600686,2,2016
Greece,Export,18419046,3,2016
Greece,Import,2823125,3,2016
Greece,Export,18779527,4,2016
Greece,Import,1220696,4,2016
Greece,Export,18372589,5,2016
Greece,Import,1754230,5,2016
Greece,Export,16102896,6,2016
Greece,Import,1982487,6,2016
Greece,Export,15557616,7,2016
Greece,Import,2294897,7,2016
Greece,Export,11529762,8,2016
Greece,Import,2809118,8,2016
Greece,Export,16263800,9,2016
Greece,Import,3844449,9,2016
Greece,Export,16971236,10,2016
Greece,Import,2506557,10,2016
Greece,Export,15800013,11,2016
Greece,Import,8097248,11,2016
Greece,Export,17676094,12,2016
Greece,Import,17155612,12,2016
Hong Kong SAR (China),Export,466832551,1,2016
Hong Kong SAR (China),Import,117544647,1,2016
Hong Kong SAR (China),Export,374210223,2,2016
Hong Kong SAR (China),Import,84344119,2,2016
Hong Kong SAR (China),Export,548068735,3,2016
Hong Kong SAR (China),Import,128389262,3,2016
Hong Kong SAR (China),Export,515681482,4,2016
Hong Kong SAR (China),Import,124446985,4,2016
Hong Kong SAR (China),Export,513509034,5,2016
Hong Kong SAR (China),Import,116047024,5,2016
Hong Kong SAR (China),Export,485274614,6,2016
Hong Kong SAR (China),Import,109799821,6,2016
Hong Kong SAR (China),Export,498987131,7,2016
Hong Kong SAR (China),Import,96556140,7,2016
Hong Kong SAR (China),Export,579000419,8,2016
Hong Kong SAR (China),Import,119306143,8,2016
Hong Kong SAR (China),Export,494789676,9,2016
Hong Kong SAR (China),Import,115456454,9,2016
Hong Kong SAR (China),Export,502295208,10,2016
Hong Kong SAR (China),Import,165453469,10,2016
Hong Kong SAR (China),Export,555897188,11,2016
Hong Kong SAR (China),Import,179352358,11,2016
Hong Kong SAR (China),Export,556635193,12,2016
Hong Kong SAR (China),Import,140688262,12,2016
Hungary,Export,7550564,1,2016
Hungary,Import,9195030,1,2016
Hungary,Export,5246535,2,2016
Hungary,Import,4331391,2,2016
Hungary,Export,6275853,3,2016
Hungary,Import,11247833,3,2016
Hungary,Export,5975041,4,2016
Hungary,Import,7092607,4,2016
Hungary,Export,5574627,5,2016
Hungary,Import,10586832,5,2016
Hungary,Export,6227198,6,2016
Hungary,Import,12613455,6,2016
Hungary,Export,6514708,7,2016
Hungary,Import,12689556,7,2016
Hungary,Export,7860216,8,2016
Hungary,Import,14967073,8,2016
Hungary,Export,8242891,9,2016
Hungary,Import,30680172,9,2016
Hungary,Export,7796936,10,2016
Hungary,Import,20795353,10,2016
Hungary,Export,11125433,11,2016
Hungary,Import,19108043,11,2016
Hungary,Export,14941653,12,2016
Hungary,Import,19490554,12,2016
India,Export,196386091,1,2016
India,Import,261248965,1,2016
India,Export,147314735,2,2016
India,Import,182431067,2,2016
India,Export,218771370,3,2016
India,Import,216179517,3,2016
India,Export,211592594,4,2016
India,Import,200051354,4,2016
India,Export,217960808,5,2016
India,Import,207013948,5,2016
India,Export,260615655,6,2016
India,Import,211952192,6,2016
India,Export,247919164,7,2016
India,Import,189036548,7,2016
India,Export,262157350,8,2016
India,Import,235881306,8,2016
India,Export,239164794,9,2016
India,Import,199116192,9,2016
India,Export,207156846,10,2016
India,Import,239078877,10,2016
India,Export,229202350,11,2016
India,Import,228743194,11,2016
India,Export,249652463,12,2016
India,Import,339901526,12,2016
Indonexia,Export,261205506,1,2016
Indonexia,Import,239388035,1,2016
Indonexia,Export,221606715,2,2016
Indonexia,Import,180410721,2,2016
Indonexia,Export,224741016,3,2016
Indonexia,Import,198387214,3,2016
Indonexia,Export,209851623,4,2016
Indonexia,Import,221936512,4,2016
Indonexia,Export,191928413,5,2016
Indonexia,Import,215291307,5,2016
Indonexia,Export,160526597,6,2016
Indonexia,Import,229498859,6,2016
Indonexia,Export,211405240,7,2016
Indonexia,Import,172119135,7,2016
Indonexia,Export,208024306,8,2016
Indonexia,Import,268882858,8,2016
Indonexia,Export,217717710,9,2016
Indonexia,Import,244060821,9,2016
Indonexia,Export,222611019,10,2016
Indonexia,Import,304947090,10,2016
Indonexia,Export,250570348,11,2016
Indonexia,Import,357793831,11,2016
Indonexia,Export,237908226,12,2016
Indonexia,Import,338123518,12,2016
Ireland,Export,9850126,1,2016
Ireland,Import,47132930,1,2016
Ireland,Export,5467261,2,2016
Ireland,Import,45977854,2,2016
Ireland,Export,7384556,3,2016
Ireland,Import,39792754,3,2016
Ireland,Export,6970996,4,2016
Ireland,Import,59934671,4,2016
Ireland,Export,13383857,5,2016
Ireland,Import,81308811,5,2016
Ireland,Export,7481779,6,2016
Ireland,Import,123790983,6,2016
Ireland,Export,9850091,7,2016
Ireland,Import,110056531,7,2016
Ireland,Export,8662236,8,2016
Ireland,Import,108258533,8,2016
Ireland,Export,12547963,9,2016
Ireland,Import,99640697,9,2016
Ireland,Export,12169570,10,2016
Ireland,Import,117513358,10,2016
Ireland,Export,7624720,11,2016
Ireland,Import,99335537,11,2016
Ireland,Export,10947326,12,2016
Ireland,Import,93571139,12,2016
Italy,Export,256411006,1,2016
Italy,Import,107286207,1,2016
Italy,Export,207274349,2,2016
Italy,Import,105428811,2,2016
Italy,Export,298734134,3,2016
Italy,Import,122967982,3,2016
Italy,Export,256138004,4,2016
Italy,Import,120324011,4,2016
Italy,Export,320347532,5,2016
Italy,Import,142075090,5,2016
Italy,Export,289892155,6,2016
Italy,Import,118132721,6,2016
Italy,Export,270257990,7,2016
Italy,Import,104889823,7,2016
Italy,Export,227446169,8,2016
Italy,Import,147842420,8,2016
Italy,Export,248025267,9,2016
Italy,Import,99173454,9,2016
Italy,Export,289732024,10,2016
Italy,Import,99009853,10,2016
Italy,Export,328670904,11,2016
Italy,Import,131806984,11,2016
Italy,Export,272237549,12,2016
Italy,Import,117367179,12,2016
Ixraen,Export,46639991,1,2016
Ixraen,Import,97522963,1,2016
Ixraen,Export,23915301,2,2016
Ixraen,Import,80641450,2,2016
Ixraen,Export,63012454,3,2016
Ixraen,Import,84052551,3,2016
Ixraen,Export,57894579,4,2016
Ixraen,Import,47173065,4,2016
Ixraen,Export,54051804,5,2016
Ixraen,Import,44167786,5,2016
Ixraen,Export,52369696,6,2016
Ixraen,Import,39664820,6,2016
Ixraen,Export,43285859,7,2016
Ixraen,Import,40326772,7,2016
Ixraen,Export,44660171,8,2016
Ixraen,Import,53090818,8,2016
Ixraen,Export,42906039,9,2016
Ixraen,Import,26808740,9,2016
Ixraen,Export,39983851,10,2016
Ixraen,Import,32531018,10,2016
Ixraen,Export,36416649,11,2016
Ixraen,Import,38149912,11,2016
Ixraen,Export,49015499,12,2016
Ixraen,Import,99622346,12,2016
Japan,Export,1169606846,1,2016
Japan,Import,989759492,1,2016
Japan,Export,867757726,2,2016
Japan,Import,976953141,2,2016
Japan,Export,1210209144,3,2016
Japan,Import,1195765136,3,2016
Japan,Export,1075676511,4,2016
Japan,Import,1211452738,4,2016
Japan,Export,1127091879,5,2016
Japan,Import,1195521182,5,2016
Japan,Export,1224082432,6,2016
Japan,Import,1298843150,6,2016
Japan,Export,1277799444,7,2016
Japan,Import,1284825521,7,2016
Japan,Export,1477386596,8,2016
Japan,Import,1392575498,8,2016
Japan,Export,1269701844,9,2016
Japan,Import,1312435248,9,2016
Japan,Export,1246538227,10,2016
Japan,Import,1366289530,10,2016
Japan,Export,1329127410,11,2016
Japan,Import,1357523565,11,2016
Japan,Export,1401735941,12,2016
Japan,Import,1451913393,12,2016
Kazakhstan,Export,0,1,2016
Kazakhstan,Import,1896703,1,2016
Kazakhstan,Export,0,2,2016
Kazakhstan,Import,238802,2,2016
Kazakhstan,Export,0,3,2016
Kazakhstan,Import,2612095,3,2016
Kazakhstan,Export,0,4,2016
Kazakhstan,Import,4728232,4,2016
Kazakhstan,Export,0,5,2016
Kazakhstan,Import,1699986,5,2016
Kazakhstan,Export,0,6,2016
Kazakhstan,Import,5459718,6,2016
Kazakhstan,Export,0,7,2016
Kazakhstan,Import,5527456,7,2016
Kazakhstan,Export,0,8,2016
Kazakhstan,Import,5031576,8,2016
Kazakhstan,Export,0,9,2016
Kazakhstan,Import,2783032,9,2016
Kazakhstan,Export,0,10,2016
Kazakhstan,Import,13338668,10,2016
Kazakhstan,Export,0,11,2016
Kazakhstan,Import,4705974,11,2016
Kazakhstan,Export,0,12,2016
Kazakhstan,Import,7911451,12,2016
Korea,Export,737093886,1,2016
Korea,Import,2078883807,1,2016
Korea,Export,735300160,2,2016
Korea,Import,2085115451,2,2016
Korea,Export,971756367,3,2016
Korea,Import,2682237858,3,2016
Korea,Export,900041775,4,2016
Korea,Import,2579909696,4,2016
Korea,Export,853428967,5,2016
Korea,Import,2730984451,5,2016
Korea,Export,928591610,6,2016
Korea,Import,2611469117,6,2016
Korea,Export,907043358,7,2016
Korea,Import,2733848562,7,2016
Korea,Export,1206001810,8,2016
Korea,Import,2760818180,8,2016
Korea,Export,1122489845,9,2016
Korea,Import,2756156305,9,2016
Korea,Export,1071257593,10,2016
Korea,Import,2983003044,10,2016
Korea,Export,979500540,11,2016
Korea,Import,2873494816,11,2016
Korea,Export,1006164247,12,2016
Korea,Import,3158025675,12,2016
Kuwait,Export,5781612,1,2016
Kuwait,Import,3082475,1,2016
Kuwait,Export,7223783,2,2016
Kuwait,Import,1294868,2,2016
Kuwait,Export,11317809,3,2016
Kuwait,Import,5378312,3,2016
Kuwait,Export,3768698,4,2016
Kuwait,Import,3222326,4,2016
Kuwait,Export,4882960,5,2016
Kuwait,Import,5253669,5,2016
Kuwait,Export,5784458,6,2016
Kuwait,Import,5351656,6,2016
Kuwait,Export,6082360,7,2016
Kuwait,Import,3624683,7,2016
Kuwait,Export,5353106,8,2016
Kuwait,Import,7367405,8,2016
Kuwait,Export,7980998,9,2016
Kuwait,Import,6267260,9,2016
Kuwait,Export,5984790,10,2016
Kuwait,Import,25544809,10,2016
Kuwait,Export,3756125,11,2016
Kuwait,Import,31717936,11,2016
Kuwait,Export,5344011,12,2016
Kuwait,Import,12254028,12,2016
Lao PDR,Export,39441397,1,2016
Lao PDR,Import,31058947,1,2016
Lao PDR,Export,26220963,2,2016
Lao PDR,Import,38608073,2,2016
Lao PDR,Export,45256309,3,2016
Lao PDR,Import,47378802,3,2016
Lao PDR,Export,41117500,4,2016
Lao PDR,Import,41440526,4,2016
Lao PDR,Export,42920562,5,2016
Lao PDR,Import,21458972,5,2016
Lao PDR,Export,39323438,6,2016
Lao PDR,Import,19048523,6,2016
Lao PDR,Export,33760753,7,2016
Lao PDR,Import,18665703,7,2016
Lao PDR,Export,35575033,8,2016
Lao PDR,Import,19048416,8,2016
Lao PDR,Export,34299856,9,2016
Lao PDR,Import,16895013,9,2016
Lao PDR,Export,41226149,10,2016
Lao PDR,Import,30080258,10,2016
Lao PDR,Export,41719036,11,2016
Lao PDR,Import,30070361,11,2016
Lao PDR,Export,57214032,12,2016
Lao PDR,Import,31606747,12,2016
Latvia,Export,10956966,1,2016
Latvia,Import,452710,1,2016
Latvia,Export,7483681,2,2016
Latvia,Import,795372,2,2016
Latvia,Export,11404289,3,2016
Latvia,Import,992000,3,2016
Latvia,Export,14222633,4,2016
Latvia,Import,755077,4,2016
Latvia,Export,13483811,5,2016
Latvia,Import,337343,5,2016
Latvia,Export,11419359,6,2016
Latvia,Import,272000,6,2016
Latvia,Export,13295469,7,2016
Latvia,Import,887315,7,2016
Latvia,Export,16391585,8,2016
Latvia,Import,626526,8,2016
Latvia,Export,12090073,9,2016
Latvia,Import,640038,9,2016
Latvia,Export,14208042,10,2016
Latvia,Import,859093,10,2016
Latvia,Export,14796487,11,2016
Latvia,Import,780260,11,2016
Latvia,Export,12650804,12,2016
Latvia,Import,1123872,12,2016
Litva,Export,4009624,1,2016
Litva,Import,1531491,1,2016
Litva,Export,2768350,2,2016
Litva,Import,884818,2,2016
Litva,Export,3418353,3,2016
Litva,Import,1127815,3,2016
Litva,Export,3256735,4,2016
Litva,Import,686539,4,2016
Litva,Export,3292190,5,2016
Litva,Import,886830,5,2016
Litva,Export,4676939,6,2016
Litva,Import,2318524,6,2016
Litva,Export,3776313,7,2016
Litva,Import,982876,7,2016
Litva,Export,4731668,8,2016
Litva,Import,2027139,8,2016
Litva,Export,4427138,9,2016
Litva,Import,1129108,9,2016
Litva,Export,4988851,10,2016
Litva,Import,986068,10,2016
Litva,Export,3586563,11,2016
Litva,Import,13979312,11,2016
Litva,Export,5412326,12,2016
Litva,Import,1467941,12,2016
Luxembourg,Export,3080086,1,2016
Luxembourg,Import,1681239,1,2016
Luxembourg,Export,2713632,2,2016
Luxembourg,Import,1226326,2,2016
Luxembourg,Export,2560379,3,2016
Luxembourg,Import,2322305,3,2016
Luxembourg,Export,2618092,4,2016
Luxembourg,Import,2052470,4,2016
Luxembourg,Export,2988187,5,2016
Luxembourg,Import,1722215,5,2016
Luxembourg,Export,2256313,6,2016
Luxembourg,Import,718522,6,2016
Luxembourg,Export,2763396,7,2016
Luxembourg,Import,996687,7,2016
Luxembourg,Export,2448432,8,2016
Luxembourg,Import,2223743,8,2016
Luxembourg,Export,2832457,9,2016
Luxembourg,Import,974939,9,2016
Luxembourg,Export,3377315,10,2016
Luxembourg,Import,2333386,10,2016
Luxembourg,Export,2197661,11,2016
Luxembourg,Import,2994351,11,2016
Luxembourg,Export,1789069,12,2016
Luxembourg,Import,3461372,12,2016
Malaysia,Export,221377680,1,2016
Malaysia,Import,294662731,1,2016
Malaysia,Export,162903902,2,2016
Malaysia,Import,260867751,2,2016
Malaysia,Export,269749640,3,2016
Malaysia,Import,415420714,3,2016
Malaysia,Export,212678716,4,2016
Malaysia,Import,505102817,4,2016
Malaysia,Export,237903067,5,2016
Malaysia,Import,525925568,5,2016
Malaysia,Export,265263868,6,2016
Malaysia,Import,495701295,6,2016
Malaysia,Export,301827236,7,2016
Malaysia,Import,425474212,7,2016
Malaysia,Export,326534811,8,2016
Malaysia,Import,406311293,8,2016
Malaysia,Export,322886468,9,2016
Malaysia,Import,371981402,9,2016
Malaysia,Export,319962467,10,2016
Malaysia,Import,424274347,10,2016
Malaysia,Export,344211958,11,2016
Malaysia,Import,454058142,11,2016
Malaysia,Export,357790185,12,2016
Malaysia,Import,533783890,12,2016
Malta,Export,0,1,2016
Malta,Import,2157307,1,2016
Malta,Export,346841,2,2016
Malta,Import,2200994,2,2016
Malta,Export,200639,3,2016
Malta,Import,4241112,3,2016
Malta,Export,467370,4,2016
Malta,Import,3097002,4,2016
Malta,Export,33818561,5,2016
Malta,Import,2685646,5,2016
Malta,Export,636059,6,2016
Malta,Import,4150380,6,2016
Malta,Export,663177,7,2016
Malta,Import,2782874,7,2016
Malta,Export,1043775,8,2016
Malta,Import,6619387,8,2016
Malta,Export,1123889,9,2016
Malta,Import,1427330,9,2016
Malta,Export,31822403,10,2016
Malta,Import,3971675,10,2016
Malta,Export,1270930,11,2016
Malta,Import,1523631,11,2016
Malta,Export,1332078,12,2016
Malta,Import,1748523,12,2016
Mexico,Export,140197421,1,2016
Mexico,Import,27948960,1,2016
Mexico,Export,117016742,2,2016
Mexico,Import,35299489,2,2016
Mexico,Export,139530517,3,2016
Mexico,Import,37543138,3,2016
Mexico,Export,188679815,4,2016
Mexico,Import,49178704,4,2016
Mexico,Export,150173979,5,2016
Mexico,Import,36277570,5,2016
Mexico,Export,148535804,6,2016
Mexico,Import,34339717,6,2016
Mexico,Export,149849730,7,2016
Mexico,Import,40948772,7,2016
Mexico,Export,172637116,8,2016
Mexico,Import,50714337,8,2016
Mexico,Export,177250993,9,2016
Mexico,Import,38713096,9,2016
Mexico,Export,207858834,10,2016
Mexico,Import,42554315,10,2016
Mexico,Export,157648645,11,2016
Mexico,Import,33501730,11,2016
Mexico,Export,139228188,12,2016
Mexico,Import,53479807,12,2016
Myanmar,Export,38360733,1,2016
Myanmar,Import,2258474,1,2016
Myanmar,Export,34019170,2,2016
Myanmar,Import,6498585,2,2016
Myanmar,Export,40222201,3,2016
Myanmar,Import,6142402,3,2016
Myanmar,Export,36075110,4,2016
Myanmar,Import,5209147,4,2016
Myanmar,Export,37713445,5,2016
Myanmar,Import,3411194,5,2016
Myanmar,Export,36996649,6,2016
Myanmar,Import,6277204,6,2016
Myanmar,Export,38923661,7,2016
Myanmar,Import,7269557,7,2016
Myanmar,Export,38138962,8,2016
Myanmar,Import,6632870,8,2016
Myanmar,Export,36059846,9,2016
Myanmar,Import,6008624,9,2016
Myanmar,Export,38731172,10,2016
Myanmar,Import,6409862,10,2016
Myanmar,Export,42445234,11,2016
Myanmar,Import,18649669,11,2016
Myanmar,Export,44255333,12,2016
Myanmar,Import,11612402,12,2016
Netherlands,Export,488015271,1,2016
Netherlands,Import,50938895,1,2016
Netherlands,Export,334021371,2,2016
Netherlands,Import,39859054,2,2016
Netherlands,Export,467944387,3,2016
Netherlands,Import,50957517,3,2016
Netherlands,Export,489989491,4,2016
Netherlands,Import,54351869,4,2016
Netherlands,Export,479916920,5,2016
Netherlands,Import,55095861,5,2016
Netherlands,Export,508760293,6,2016
Netherlands,Import,61940018,6,2016
Netherlands,Export,507003415,7,2016
Netherlands,Import,57806107,7,2016
Netherlands,Export,544889439,8,2016
Netherlands,Import,67020576,8,2016
Netherlands,Export,492458416,9,2016
Netherlands,Import,62600958,9,2016
Netherlands,Export,510922614,10,2016
Netherlands,Import,62576465,10,2016
Netherlands,Export,568954500,11,2016
Netherlands,Import,57877094,11,2016
Netherlands,Export,621176024,12,2016
Netherlands,Import,52126162,12,2016
New Zealand,Export,21012421,1,2016
New Zealand,Import,45561554,1,2016
New Zealand,Export,21823445,2,2016
New Zealand,Import,32738288,2,2016
New Zealand,Export,29739276,3,2016
New Zealand,Import,25424766,3,2016
New Zealand,Export,33330811,4,2016
New Zealand,Import,23216178,4,2016
New Zealand,Export,34789988,5,2016
New Zealand,Import,26279902,5,2016
New Zealand,Export,25516015,6,2016
New Zealand,Import,30518021,6,2016
New Zealand,Export,31610579,7,2016
New Zealand,Import,26819225,7,2016
New Zealand,Export,36878386,8,2016
New Zealand,Import,36680344,8,2016
New Zealand,Export,31227711,9,2016
New Zealand,Import,20096203,9,2016
New Zealand,Export,33898455,10,2016
New Zealand,Import,22135487,10,2016
New Zealand,Export,28289343,11,2016
New Zealand,Import,31137994,11,2016
New Zealand,Export,31814918,12,2016
New Zealand,Import,36272322,12,2016
Norway,Export,12885520,1,2016
Norway,Import,27675612,1,2016
Norway,Export,8256483,2,2016
Norway,Import,13703826,2,2016
Norway,Export,8255330,3,2016
Norway,Import,24611147,3,2016
Norway,Export,8169574,4,2016
Norway,Import,19902231,4,2016
Norway,Export,9822044,5,2016
Norway,Import,22114809,5,2016
Norway,Export,9798949,6,2016
Norway,Import,20412720,6,2016
Norway,Export,8184544,7,2016
Norway,Import,34603566,7,2016
Norway,Export,9682231,8,2016
Norway,Import,16527548,8,2016
Norway,Export,5250672,9,2016
Norway,Import,16704690,9,2016
Norway,Export,9584460,10,2016
Norway,Import,23684860,10,2016
Norway,Export,8480043,11,2016
Norway,Import,23406938,11,2016
Norway,Export,19386319,12,2016
Norway,Import,19086734,12,2016
Pakixtan,Export,34568045,1,2016
Pakixtan,Import,9018991,1,2016
Pakixtan,Export,24397661,2,2016
Pakixtan,Import,9558473,2,2016
Pakixtan,Export,43248735,3,2016
Pakixtan,Import,9749595,3,2016
Pakixtan,Export,35683968,4,2016
Pakixtan,Import,9306645,4,2016
Pakixtan,Export,34435877,5,2016
Pakixtan,Import,8803353,5,2016
Pakixtan,Export,36422818,6,2016
Pakixtan,Import,8304326,6,2016
Pakixtan,Export,31096156,7,2016
Pakixtan,Import,7829696,7,2016
Pakixtan,Export,36333944,8,2016
Pakixtan,Import,11243574,8,2016
Pakixtan,Export,37435924,9,2016
Pakixtan,Import,8416909,9,2016
Pakixtan,Export,36123096,10,2016
Pakixtan,Import,13240349,10,2016
Pakixtan,Export,42755260,11,2016
Pakixtan,Import,19707975,11,2016
Pakixtan,Export,43576213,12,2016
Pakixtan,Import,13509311,12,2016
Peru,Export,23533829,1,2016
Peru,Import,5358403,1,2016
Peru,Export,12890800,2,2016
Peru,Import,2815349,2,2016
Peru,Export,27607142,3,2016
Peru,Import,6362183,3,2016
Peru,Export,22183167,4,2016
Peru,Import,6352620,4,2016
Peru,Export,27633758,5,2016
Peru,Import,1880298,5,2016
Peru,Export,27643610,6,2016
Peru,Import,4023152,6,2016
Peru,Export,17099614,7,2016
Peru,Import,3448648,7,2016
Peru,Export,15980195,8,2016
Peru,Import,6337325,8,2016
Peru,Export,28366960,9,2016
Peru,Import,12291610,9,2016
Peru,Export,29683242,10,2016
Peru,Import,14885244,10,2016
Peru,Export,25071404,11,2016
Peru,Import,7307797,11,2016
Peru,Export,19795350,12,2016
Peru,Import,5125432,12,2016
Philippines,Export,184964150,1,2016
Philippines,Import,66784149,1,2016
Philippines,Export,148664739,2,2016
Philippines,Import,63500403,2,2016
Philippines,Export,200470426,3,2016
Philippines,Import,85993996,3,2016
Philippines,Export,178960976,4,2016
Philippines,Import,74920196,4,2016
Philippines,Export,187499474,5,2016
Philippines,Import,77682281,5,2016
Philippines,Export,178634130,6,2016
Philippines,Import,73807371,6,2016
Philippines,Export,183011738,7,2016
Philippines,Import,80863242,7,2016
Philippines,Export,176001887,8,2016
Philippines,Import,97775732,8,2016
Philippines,Export,231450118,9,2016
Philippines,Import,107981721,9,2016
Philippines,Export,185239047,10,2016
Philippines,Import,101154813,10,2016
Philippines,Export,180228642,11,2016
Philippines,Import,114443566,11,2016
Philippines,Export,185825034,12,2016
Philippines,Import,113999987,12,2016
Poland,Export,49105759,1,2016
Poland,Import,15525685,1,2016
Poland,Export,36131061,2,2016
Poland,Import,15263134,2,2016
Poland,Export,51700770,3,2016
Poland,Import,14258054,3,2016
Poland,Export,54116872,4,2016
Poland,Import,13456882,4,2016
Poland,Export,47502473,5,2016
Poland,Import,13463447,5,2016
Poland,Export,60683545,6,2016
Poland,Import,13985645,6,2016
Poland,Export,54983098,7,2016
Poland,Import,15148525,7,2016
Poland,Export,48483576,8,2016
Poland,Import,18158674,8,2016
Poland,Export,52937804,9,2016
Poland,Import,15356394,9,2016
Poland,Export,46476716,10,2016
Poland,Import,19045767,10,2016
Poland,Export,46354251,11,2016
Poland,Import,17316462,11,2016
Poland,Export,49296716,12,2016
Poland,Import,20813372,12,2016
Portugal,Export,23688587,1,2016
Portugal,Import,5071826,1,2016
Portugal,Export,16581019,2,2016
Portugal,Import,2023840,2,2016
Portugal,Export,23451044,3,2016
Portugal,Import,5232157,3,2016
Portugal,Export,23510184,4,2016
Portugal,Import,2599685,4,2016
Portugal,Export,23956967,5,2016
Portugal,Import,2554494,5,2016
Portugal,Export,24506099,6,2016
Portugal,Import,5230606,6,2016
Portugal,Export,27479155,7,2016
Portugal,Import,4713159,7,2016
Portugal,Export,31438295,8,2016
Portugal,Import,6652610,8,2016
Portugal,Export,28081665,9,2016
Portugal,Import,2220221,9,2016
Portugal,Export,25278739,10,2016
Portugal,Import,4576233,10,2016
Portugal,Export,25307177,11,2016
Portugal,Import,6264869,11,2016
Portugal,Export,18792848,12,2016
Portugal,Import,3362466,12,2016
Romania,Export,9211023,1,2016
Romania,Import,2032127,1,2016
Romania,Export,6202253,2,2016
Romania,Import,3389281,2,2016
Romania,Export,8780990,3,2016
Romania,Import,3358034,3,2016
Romania,Export,7402151,4,2016
Romania,Import,5772424,4,2016
Romania,Export,7151690,5,2016
Romania,Import,4176281,5,2016
Romania,Export,7043274,6,2016
Romania,Import,5484864,6,2016
Romania,Export,8767179,7,2016
Romania,Import,5232083,7,2016
Romania,Export,8950015,8,2016
Romania,Import,20433178,8,2016
Romania,Export,8264764,9,2016
Romania,Import,61764659,9,2016
Romania,Export,7695789,10,2016
Romania,Import,24623692,10,2016
Romania,Export,8166423,11,2016
Romania,Import,15508307,11,2016
Romania,Export,9575633,12,2016
Romania,Import,16525622,12,2016
Russia Federation,Export,112613830,1,2016
Russia Federation,Import,71774420,1,2016
Russia Federation,Export,98761743,2,2016
Russia Federation,Import,72310608,2,2016
Russia Federation,Export,126727358,3,2016
Russia Federation,Import,109723416,3,2016
Russia Federation,Export,140213370,4,2016
Russia Federation,Import,104628637,4,2016
Russia Federation,Export,130567327,5,2016
Russia Federation,Import,112453063,5,2016
Russia Federation,Export,140620079,6,2016
Russia Federation,Import,103354279,6,2016
Russia Federation,Export,161565392,7,2016
Russia Federation,Import,77592461,7,2016
Russia Federation,Export,134740993,8,2016
Russia Federation,Import,78185910,8,2016
Russia Federation,Export,126844139,9,2016
Russia Federation,Import,95727959,9,2016
Russia Federation,Export,167003577,10,2016
Russia Federation,Import,68458311,10,2016
Russia Federation,Export,164475257,11,2016
Russia Federation,Import,126901386,11,2016
Russia Federation,Export,112268965,12,2016
Russia Federation,Import,103516059,12,2016
Saudi Arabia,Export,25238373,1,2016
Saudi Arabia,Import,75567033,1,2016
Saudi Arabia,Export,32287997,2,2016
Saudi Arabia,Import,44538019,2,2016
Saudi Arabia,Export,52358383,3,2016
Saudi Arabia,Import,109467088,3,2016
Saudi Arabia,Export,32549747,4,2016
Saudi Arabia,Import,81497940,4,2016
Saudi Arabia,Export,32230759,5,2016
Saudi Arabia,Import,101566305,5,2016
Saudi Arabia,Export,30275220,6,2016
Saudi Arabia,Import,78913688,6,2016
Saudi Arabia,Export,27153785,7,2016
Saudi Arabia,Import,82554624,7,2016
Saudi Arabia,Export,46075298,8,2016
Saudi Arabia,Import,132035444,8,2016
Saudi Arabia,Export,26564284,9,2016
Saudi Arabia,Import,103207531,9,2016
Saudi Arabia,Export,31218167,10,2016
Saudi Arabia,Import,99345255,10,2016
Saudi Arabia,Export,25158782,11,2016
Saudi Arabia,Import,130832817,11,2016
Saudi Arabia,Export,33220102,12,2016
Saudi Arabia,Import,125751611,12,2016
Senegal,Export,2210026,1,2016
Senegal,Import,0,1,2016
Senegal,Export,2164999,2,2016
Senegal,Import,0,2,2016
Senegal,Export,6186004,3,2016
Senegal,Import,0,3,2016
Senegal,Export,2689334,4,2016
Senegal,Import,0,4,2016
Senegal,Export,3195663,5,2016
Senegal,Import,0,5,2016
Senegal,Export,2213712,6,2016
Senegal,Import,0,6,2016
Senegal,Export,2074796,7,2016
Senegal,Import,0,7,2016
Senegal,Export,743316,8,2016
Senegal,Import,0,8,2016
Senegal,Export,712436,9,2016
Senegal,Import,0,9,2016
Senegal,Export,1707718,10,2016
Senegal,Import,0,10,2016
Senegal,Export,711136,11,2016
Senegal,Import,0,11,2016
Senegal,Export,2259830,12,2016
Senegal,Import,0,12,2016
Singapore,Export,163020189,1,2016
Singapore,Import,436903808,1,2016
Singapore,Export,161236091,2,2016
Singapore,Import,362080375,2,2016
Singapore,Export,193004078,3,2016
Singapore,Import,517388383,3,2016
Singapore,Export,186240321,4,2016
Singapore,Import,438544212,4,2016
Singapore,Export,181932662,5,2016
Singapore,Import,419509018,5,2016
Singapore,Export,190980164,6,2016
Singapore,Import,391321563,6,2016
Singapore,Export,198404713,7,2016
Singapore,Import,356449450,7,2016
Singapore,Export,202056171,8,2016
Singapore,Import,354033666,8,2016
Singapore,Export,245819204,9,2016
Singapore,Import,314259282,9,2016
Singapore,Export,183429694,10,2016
Singapore,Import,396325392,10,2016
Singapore,Export,186559706,11,2016
Singapore,Import,344673225,11,2016
Singapore,Export,344239622,12,2016
Singapore,Import,377494600,12,2016
Slovakia,Export,27093000,1,2016
Slovakia,Import,1735292,1,2016
Slovakia,Export,12013000,2,2016
Slovakia,Import,840688,2,2016
Slovakia,Export,23985895,3,2016
Slovakia,Import,5583535,3,2016
Slovakia,Export,31598000,4,2016
Slovakia,Import,1619895,4,2016
Slovakia,Export,39506000,5,2016
Slovakia,Import,3076317,5,2016
Slovakia,Export,34855000,6,2016
Slovakia,Import,6013787,6,2016
Slovakia,Export,33765478,7,2016
Slovakia,Import,1171917,7,2016
Slovakia,Export,35004255,8,2016
Slovakia,Import,1675398,8,2016
Slovakia,Export,34060009,9,2016
Slovakia,Import,3024184,9,2016
Slovakia,Export,53135311,10,2016
Slovakia,Import,2085027,10,2016
Slovakia,Export,47284071,11,2016
Slovakia,Import,1666604,11,2016
Slovakia,Export,44420694,12,2016
Slovakia,Import,3342021,12,2016
Slovenia,Export,24357676,1,2016
Slovenia,Import,3104606,1,2016
Slovenia,Export,15227181,2,2016
Slovenia,Import,910801,2,2016
Slovenia,Export,17981901,3,2016
Slovenia,Import,2541864,3,2016
Slovenia,Export,20639905,4,2016
Slovenia,Import,3109038,4,2016
Slovenia,Export,18260950,5,2016
Slovenia,Import,3551130,5,2016
Slovenia,Export,22141977,6,2016
Slovenia,Import,2111562,6,2016
Slovenia,Export,32582298,7,2016
Slovenia,Import,2706512,7,2016
Slovenia,Export,25767261,8,2016
Slovenia,Import,4351919,8,2016
Slovenia,Export,20809549,9,2016
Slovenia,Import,3149735,9,2016
Slovenia,Export,22648790,10,2016
Slovenia,Import,3224182,10,2016
Slovenia,Export,22221580,11,2016
Slovenia,Import,3614364,11,2016
Slovenia,Export,21900970,12,2016
Slovenia,Import,2680925,12,2016
South Africa,Export,82206742,1,2016
South Africa,Import,7207537,1,2016
South Africa,Export,73668404,2,2016
South Africa,Import,4597779,2,2016
South Africa,Export,91459809,3,2016
South Africa,Import,7759620,3,2016
South Africa,Export,85145474,4,2016
South Africa,Import,10785669,4,2016
South Africa,Export,74744842,5,2016
South Africa,Import,7530136,5,2016
South Africa,Export,66198395,6,2016
South Africa,Import,13537252,6,2016
South Africa,Export,70608633,7,2016
South Africa,Import,10974586,7,2016
South Africa,Export,69223468,8,2016
South Africa,Import,19352998,8,2016
South Africa,Export,65104876,9,2016
South Africa,Import,12835902,9,2016
South Africa,Export,79391741,10,2016
South Africa,Import,15204441,10,2016
South Africa,Export,69586233,11,2016
South Africa,Import,22855201,11,2016
South Africa,Export,41487699,12,2016
South Africa,Import,15071451,12,2016
Spain,Export,170991722,1,2016
Spain,Import,34649549,1,2016
Spain,Export,133780451,2,2016
Spain,Import,23365470,2,2016
Spain,Export,174481023,3,2016
Spain,Import,36092909,3,2016
Spain,Export,169641488,4,2016
Spain,Import,40989330,4,2016
Spain,Export,185172626,5,2016
Spain,Import,36272832,5,2016
Spain,Export,219210301,6,2016
Spain,Import,45628502,6,2016
Spain,Export,225569668,7,2016
Spain,Import,37160333,7,2016
Spain,Export,210332477,8,2016
Spain,Import,42154347,8,2016
Spain,Export,182107444,9,2016
Spain,Import,30733575,9,2016
Spain,Export,165805669,10,2016
Spain,Import,32799629,10,2016
Spain,Export,203178430,11,2016
Spain,Import,39241347,11,2016
Spain,Export,253494500,12,2016
Spain,Import,48951951,12,2016
Sweden,Export,56364673,1,2016
Sweden,Import,24869423,1,2016
Sweden,Export,63691048,2,2016
Sweden,Import,14516225,2,2016
Sweden,Export,93542823,3,2016
Sweden,Import,31004557,3,2016
Sweden,Export,72315086,4,2016
Sweden,Import,32485237,4,2016
Sweden,Export,87961914,5,2016
Sweden,Import,16097471,5,2016
Sweden,Export,64030516,6,2016
Sweden,Import,16619198,6,2016
Sweden,Export,71115768,7,2016
Sweden,Import,27794444,7,2016
Sweden,Export,78409663,8,2016
Sweden,Import,19139308,8,2016
Sweden,Export,64672494,9,2016
Sweden,Import,16426289,9,2016
Sweden,Export,74265565,10,2016
Sweden,Import,25684212,10,2016
Sweden,Export,104513270,11,2016
Sweden,Import,27331362,11,2016
Sweden,Export,83899073,12,2016
Sweden,Import,38510928,12,2016
Switzerland,Export,49272186,1,2016
Switzerland,Import,26380963,1,2016
Switzerland,Export,12825074,2,2016
Switzerland,Import,31158456,2,2016
Switzerland,Export,60796127,3,2016
Switzerland,Import,29487013,3,2016
Switzerland,Export,69163059,4,2016
Switzerland,Import,32529687,4,2016
Switzerland,Export,103109945,5,2016
Switzerland,Import,31938705,5,2016
Switzerland,Export,110901536,6,2016
Switzerland,Import,71568100,6,2016
Switzerland,Export,62222474,7,2016
Switzerland,Import,40084979,7,2016
Switzerland,Export,51393782,8,2016
Switzerland,Import,27875141,8,2016
Switzerland,Export,20876641,9,2016
Switzerland,Import,45330751,9,2016
Switzerland,Export,16197518,10,2016
Switzerland,Import,39322531,10,2016
Switzerland,Export,19491778,11,2016
Switzerland,Import,38545322,11,2016
Switzerland,Export,16974486,12,2016
Switzerland,Import,88453301,12,2016
Taiwan,Export,161480133,1,2016
Taiwan,Import,835314011,1,2016
Taiwan,Export,114690879,2,2016
Taiwan,Import,682033441,2,2016
Taiwan,Export,195102872,3,2016
Taiwan,Import,1061240566,3,2016
Taiwan,Export,161205233,4,2016
Taiwan,Import,901611530,4,2016
Taiwan,Export,175600472,5,2016
Taiwan,Import,913723766,5,2016
Taiwan,Export,189251723,6,2016
Taiwan,Import,930658245,6,2016
Taiwan,Export,191475722,7,2016
Taiwan,Import,911089970,7,2016
Taiwan,Export,224405345,8,2016
Taiwan,Import,1037735231,8,2016
Taiwan,Export,200898809,9,2016
Taiwan,Import,930359794,9,2016
Taiwan,Export,192259395,10,2016
Taiwan,Import,1038591375,10,2016
Taiwan,Export,217150618,11,2016
Taiwan,Import,998682153,11,2016
Taiwan,Export,248668617,12,2016
Taiwan,Import,980248578,12,2016
Thailand,Export,287388050,1,2016
Thailand,Import,598407181,1,2016
Thailand,Export,216862862,2,2016
Thailand,Import,497360795,2,2016
Thailand,Export,331920117,3,2016
Thailand,Import,722778497,3,2016
Thailand,Export,287212908,4,2016
Thailand,Import,610947006,4,2016
Thailand,Export,322113754,5,2016
Thailand,Import,729214304,5,2016
Thailand,Export,328003280,6,2016
Thailand,Import,739261696,6,2016
Thailand,Export,311375804,7,2016
Thailand,Import,715090215,7,2016
Thailand,Export,342599458,8,2016
Thailand,Import,798651668,8,2016
Thailand,Export,294489194,9,2016
Thailand,Import,759340872,9,2016
Thailand,Export,322415802,10,2016
Thailand,Import,770759213,10,2016
Thailand,Export,326444288,11,2016
Thailand,Import,898047077,11,2016
Thailand,Export,322502617,12,2016
Thailand,Import,955760172,12,2016
Turkey,Export,70952357,1,2016
Turkey,Import,10959354,1,2016
Turkey,Export,78740420,2,2016
Turkey,Import,11212384,2,2016
Turkey,Export,131236943,3,2016
Turkey,Import,13330809,3,2016
Turkey,Export,125793166,4,2016
Turkey,Import,12804556,4,2016
Turkey,Export,121192188,5,2016
Turkey,Import,12880950,5,2016
Turkey,Export,109312539,6,2016
Turkey,Import,16554242,6,2016
Turkey,Export,95058420,7,2016
Turkey,Import,14116746,7,2016
Turkey,Export,121467730,8,2016
Turkey,Import,10807721,8,2016
Turkey,Export,120087248,9,2016
Turkey,Import,10925763,9,2016
Turkey,Export,108680502,10,2016
Turkey,Import,15951187,10,2016
Turkey,Export,116175375,11,2016
Turkey,Import,14500263,11,2016
Turkey,Export,130084173,12,2016
Turkey,Import,25546777,12,2016
Ukraine,Export,17055798,1,2016
Ukraine,Import,6132063,1,2016
Ukraine,Export,10384920,2,2016
Ukraine,Import,2590476,2,2016
Ukraine,Export,14778633,3,2016
Ukraine,Import,3342505,3,2016
Ukraine,Export,15963733,4,2016
Ukraine,Import,11656634,4,2016
Ukraine,Export,12305751,5,2016
Ukraine,Import,15062930,5,2016
Ukraine,Export,18093615,6,2016
Ukraine,Import,7351343,6,2016
Ukraine,Export,16121530,7,2016
Ukraine,Import,4201530,7,2016
Ukraine,Export,18203203,8,2016
Ukraine,Import,7977103,8,2016
Ukraine,Export,16136708,9,2016
Ukraine,Import,5579368,9,2016
Ukraine,Export,16921733,10,2016
Ukraine,Import,3850768,10,2016
Ukraine,Export,20508399,11,2016
Ukraine,Import,7030370,11,2016
Ukraine,Export,12285452,12,2016
Ukraine,Import,706664,12,2016
United Arab Emirates,Export,457355610,1,2016
United Arab Emirates,Import,27180569,1,2016
United Arab Emirates,Export,338160866,2,2016
United Arab Emirates,Import,37764278,2,2016
United Arab Emirates,Export,579422335,3,2016
United Arab Emirates,Import,33704289,3,2016
United Arab Emirates,Export,526814540,4,2016
United Arab Emirates,Import,41937681,4,2016
United Arab Emirates,Export,437126373,5,2016
United Arab Emirates,Import,44525471,5,2016
United Arab Emirates,Export,469295312,6,2016
United Arab Emirates,Import,34547741,6,2016
United Arab Emirates,Export,462906940,7,2016
United Arab Emirates,Import,39305956,7,2016
United Arab Emirates,Export,397632321,8,2016
United Arab Emirates,Import,39882262,8,2016
United Arab Emirates,Export,367773461,9,2016
United Arab Emirates,Import,34646901,9,2016
United Arab Emirates,Export,304449416,10,2016
United Arab Emirates,Import,35219434,10,2016
United Arab Emirates,Export,288352429,11,2016
United Arab Emirates,Import,45898140,11,2016
United Arab Emirates,Export,370492179,12,2016
United Arab Emirates,Import,35681981,12,2016
United Kingdom,Export,366425433,1,2016
United Kingdom,Import,48642934,1,2016
United Kingdom,Export,333187369,2,2016
United Kingdom,Import,46726176,2,2016
United Kingdom,Export,461105162,3,2016
United Kingdom,Import,59853352,3,2016
United Kingdom,Export,428500441,4,2016
United Kingdom,Import,52179187,4,2016
United Kingdom,Export,391719296,5,2016
United Kingdom,Import,61590061,5,2016
United Kingdom,Export,406821392,6,2016
United Kingdom,Import,68860056,6,2016
United Kingdom,Export,402439263,7,2016
United Kingdom,Import,47983131,7,2016
United Kingdom,Export,438031225,8,2016
United Kingdom,Import,74511840,8,2016
United Kingdom,Export,395222135,9,2016
United Kingdom,Import,51251710,9,2016
United Kingdom,Export,383215858,10,2016
United Kingdom,Import,87691040,10,2016
United Kingdom,Export,431292953,11,2016
United Kingdom,Import,65474550,11,2016
United Kingdom,Export,461173089,12,2016
United Kingdom,Import,52696696,12,2016
United States,Export,2965638592,1,2016
United States,Import,563794554,1,2016
United States,Export,2067011029,2,2016
United States,Import,484089356,2,2016
United States,Export,3305340292,3,2016
United States,Import,692226055,3,2016
United States,Export,3113473512,4,2016
United States,Import,732442417,4,2016
United States,Export,3112930991,5,2016
United States,Import,649572335,5,2016
United States,Export,3343172103,6,2016
United States,Import,668306541,6,2016
United States,Export,3358718362,7,2016
United States,Import,686204809,7,2016
United States,Export,3615803785,8,2016
United States,Import,783976946,8,2016
United States,Export,3435642281,9,2016
United States,Import,669349825,9,2016
United States,Export,3233454745,10,2016
United States,Import,929966585,10,2016
United States,Export,3287992213,11,2016
United States,Import,920509870,11,2016
United States,Export,3624879913,12,2016
United States,Import,927645393,12,2016
Argentina,Export,28001737,1,2017
Argentina,Import,160987272,1,2017
Argentina,Export,29369614,2,2017
Argentina,Import,288813756,2,2017
Argentina,Export,37860580,3,2017
Argentina,Import,209287730,3,2017
Argentina,Export,32699736,4,2017
Argentina,Import,188732498,4,2017
Argentina,Export,44091915,5,2017
Argentina,Import,264588473,5,2017
Argentina,Export,37536225,6,2017
Argentina,Import,299715540,6,2017
Argentina,Export,38869497,7,2017
Argentina,Import,231063651,7,2017
Argentina,Export,42460008,8,2017
Argentina,Import,208124104,8,2017
Argentina,Export,35130071,9,2017
Argentina,Import,212170805,9,2017
Argentina,Export,35177030,10,2017
Argentina,Import,195715648,10,2017
Argentina,Export,54196430,11,2017
Argentina,Import,171186484,11,2017
Argentina,Export,66342831,12,2017
Argentina,Import,118102541,12,2017
Australia,Export,217124105,1,2017
Australia,Import,161836439,1,2017
Australia,Export,186409954,2,2017
Australia,Import,217906273,2,2017
Australia,Export,284295225,3,2017
Australia,Import,285403828,3,2017
Australia,Export,357568019,4,2017
Australia,Import,182875144,4,2017
Australia,Export,312710515,5,2017
Australia,Import,241387246,5,2017
Australia,Export,259683767,6,2017
Australia,Import,313890403,6,2017
Australia,Export,248879756,7,2017
Australia,Import,364103104,7,2017
Australia,Export,234822568,8,2017
Australia,Import,274905635,8,2017
Australia,Export,311585313,9,2017
Australia,Import,268699557,9,2017
Australia,Export,279999806,10,2017
Australia,Import,316843091,10,2017
Australia,Export,268276183,11,2017
Australia,Import,293876737,11,2017
Australia,Export,337043839,12,2017
Australia,Import,243897733,12,2017
Austria,Export,198032227,1,2017
Austria,Import,25939790,1,2017
Austria,Export,188335013,2,2017
Austria,Import,41260809,2,2017
Austria,Export,244203689,3,2017
Austria,Import,27399809,3,2017
Austria,Export,271449285,4,2017
Austria,Import,24330443,4,2017
Austria,Export,246466325,5,2017
Austria,Import,33562561,5,2017
Austria,Export,219176421,6,2017
Austria,Import,33004679,6,2017
Austria,Export,386892855,7,2017
Austria,Import,17915823,7,2017
Austria,Export,428296166,8,2017
Austria,Import,19187035,8,2017
Austria,Export,459799388,9,2017
Austria,Import,20905312,9,2017
Austria,Export,534727498,10,2017
Austria,Import,19182378,10,2017
Austria,Export,351837944,11,2017
Austria,Import,18677993,11,2017
Austria,Export,176740304,12,2017
Austria,Import,22916655,12,2017
Belarus,Export,0,1,2017
Belarus,Import,15877377,1,2017
Belarus,Export,0,2,2017
Belarus,Import,9954725,2,2017
Belarus,Export,0,3,2017
Belarus,Import,10589045,3,2017
Belarus,Export,0,4,2017
Belarus,Import,2069636,4,2017
Belarus,Export,0,5,2017
Belarus,Import,8335360,5,2017
Belarus,Export,0,6,2017
Belarus,Import,2391945,6,2017
Belarus,Export,0,7,2017
Belarus,Import,13385364,7,2017
Belarus,Export,0,8,2017
Belarus,Import,4570451,8,2017
Belarus,Export,0,9,2017
Belarus,Import,2475205,9,2017
Belarus,Export,0,10,2017
Belarus,Import,10920896,10,2017
Belarus,Export,0,11,2017
Belarus,Import,2041047,11,2017
Belarus,Export,0,12,2017
Belarus,Import,11430597,12,2017
Belgium,Export,190639649,1,2017
Belgium,Import,25228545,1,2017
Belgium,Export,146245012,2,2017
Belgium,Import,35734427,2,2017
Belgium,Export,170806114,3,2017
Belgium,Import,43316355,3,2017
Belgium,Export,178294147,4,2017
Belgium,Import,32865379,4,2017
Belgium,Export,193763742,5,2017
Belgium,Import,40758003,5,2017
Belgium,Export,220496699,6,2017
Belgium,Import,41613228,6,2017
Belgium,Export,177827655,7,2017
Belgium,Import,33674853,7,2017
Belgium,Export,205475353,8,2017
Belgium,Import,42270943,8,2017
Belgium,Export,147636257,9,2017
Belgium,Import,32694793,9,2017
Belgium,Export,197887637,10,2017
Belgium,Import,38119043,10,2017
Belgium,Export,216927871,11,2017
Belgium,Import,37177521,11,2017
Belgium,Export,208772923,12,2017
Belgium,Import,38886547,12,2017
Braxin,Export,146911592,1,2017
Braxin,Import,91793761,1,2017
Braxin,Export,130304810,2,2017
Braxin,Import,96182305,2,2017
Braxin,Export,162428917,3,2017
Braxin,Import,81445459,3,2017
Braxin,Export,177307166,4,2017
Braxin,Import,134301111,4,2017
Braxin,Export,177656596,5,2017
Braxin,Import,151673864,5,2017
Braxin,Export,151124572,6,2017
Braxin,Import,140377571,6,2017
Braxin,Export,170258473,7,2017
Braxin,Import,97277924,7,2017
Braxin,Export,177624398,8,2017
Braxin,Import,167839203,8,2017
Braxin,Export,169059056,9,2017
Braxin,Import,173287560,9,2017
Braxin,Export,192482780,10,2017
Braxin,Import,254030458,10,2017
Braxin,Export,200350170,11,2017
Braxin,Import,217713601,11,2017
Braxin,Export,185102014,12,2017
Braxin,Import,228652931,12,2017
Brunei,Export,1191529,1,2017
Brunei,Import,0,1,2017
Brunei,Export,2001076,2,2017
Brunei,Import,0,2,2017
Brunei,Export,675925,3,2017
Brunei,Import,3420257,3,2017
Brunei,Export,1317147,4,2017
Brunei,Import,1953405,4,2017
Brunei,Export,2712191,5,2017
Brunei,Import,1271376,5,2017
Brunei,Export,2555733,6,2017
Brunei,Import,1636363,6,2017
Brunei,Export,2615071,7,2017
Brunei,Import,1304089,7,2017
Brunei,Export,1977367,8,2017
Brunei,Import,33291248,8,2017
Brunei,Export,2253500,9,2017
Brunei,Import,2159081,9,2017
Brunei,Export,1701661,10,2017
Brunei,Import,398049,10,2017
Brunei,Export,1219264,11,2017
Brunei,Import,4178675,11,2017
Brunei,Export,1346345,12,2017
Brunei,Import,2043214,12,2017
Bulgaria,Export,3411951,1,2017
Bulgaria,Import,6446815,1,2017
Bulgaria,Export,1961618,2,2017
Bulgaria,Import,11487323,2,2017
Bulgaria,Export,2977595,3,2017
Bulgaria,Import,4178724,3,2017
Bulgaria,Export,2427841,4,2017
Bulgaria,Import,2324689,4,2017
Bulgaria,Export,2973401,5,2017
Bulgaria,Import,3987354,5,2017
Bulgaria,Export,3373993,6,2017
Bulgaria,Import,3701202,6,2017
Bulgaria,Export,3026387,7,2017
Bulgaria,Import,6879230,7,2017
Bulgaria,Export,4521309,8,2017
Bulgaria,Import,10291469,8,2017
Bulgaria,Export,4255192,9,2017
Bulgaria,Import,2961574,9,2017
Bulgaria,Export,2959363,10,2017
Bulgaria,Import,11189726,10,2017
Bulgaria,Export,3254845,11,2017
Bulgaria,Import,4545384,11,2017
Bulgaria,Export,3218113,12,2017
Bulgaria,Import,2809978,12,2017
Cameroon,Export,0,1,2017
Cameroon,Import,11235783,1,2017
Cameroon,Export,0,2,2017
Cameroon,Import,13050203,2,2017
Cameroon,Export,0,3,2017
Cameroon,Import,21418208,3,2017
Cameroon,Export,0,4,2017
Cameroon,Import,13675649,4,2017
Cameroon,Export,0,5,2017
Cameroon,Import,23091709,5,2017
Cameroon,Export,0,6,2017
Cameroon,Import,13183073,6,2017
Cameroon,Export,0,7,2017
Cameroon,Import,16937267,7,2017
Cameroon,Export,0,8,2017
Cameroon,Import,25285185,8,2017
Cameroon,Export,0,9,2017
Cameroon,Import,17711351,9,2017
Cameroon,Export,0,10,2017
Cameroon,Import,15388038,10,2017
Cameroon,Export,0,11,2017
Cameroon,Import,15842683,11,2017
Cameroon,Export,0,12,2017
Cameroon,Import,19093735,12,2017
Campuchia,Export,186057976,1,2017
Campuchia,Import,94535812,1,2017
Campuchia,Export,201963824,2,2017
Campuchia,Import,141552754,2,2017
Campuchia,Export,252497082,3,2017
Campuchia,Import,209762335,3,2017
Campuchia,Export,203741542,4,2017
Campuchia,Import,96663345,4,2017
Campuchia,Export,211714395,5,2017
Campuchia,Import,87155050,5,2017
Campuchia,Export,225243629,6,2017
Campuchia,Import,57672556,6,2017
Campuchia,Export,234794169,7,2017
Campuchia,Import,43616750,7,2017
Campuchia,Export,249745014,8,2017
Campuchia,Import,52551165,8,2017
Campuchia,Export,229188473,9,2017
Campuchia,Import,44893174,9,2017
Campuchia,Export,254428568,10,2017
Campuchia,Import,47453753,10,2017
Campuchia,Export,247829925,11,2017
Campuchia,Import,64942329,11,2017
Campuchia,Export,278935614,12,2017
Campuchia,Import,79806555,12,2017
Canada,Export,187144189,1,2017
Canada,Import,22684522,1,2017
Canada,Export,175476969,2,2017
Canada,Import,72005426,2,2017
Canada,Export,228353834,3,2017
Canada,Import,85662636,3,2017
Canada,Export,236388914,4,2017
Canada,Import,43424440,4,2017
Canada,Export,208198822,5,2017
Canada,Import,108638534,5,2017
Canada,Export,262613508,6,2017
Canada,Import,69215549,6,2017
Canada,Export,257673518,7,2017
Canada,Import,76815902,7,2017
Canada,Export,247149064,8,2017
Canada,Import,112232136,8,2017
Canada,Export,197283820,9,2017
Canada,Import,43336701,9,2017
Canada,Export,221922350,10,2017
Canada,Import,55823834,10,2017
Canada,Export,244660712,11,2017
Canada,Import,30074298,11,2017
Canada,Export,249704518,12,2017
Canada,Import,54499490,12,2017
Chile,Export,67839271,1,2017
Chile,Import,16979175,1,2017
Chile,Export,58201283,2,2017
Chile,Import,20943923,2,2017
Chile,Export,97583886,3,2017
Chile,Import,23646748,3,2017
Chile,Export,97875122,4,2017
Chile,Import,24296485,4,2017
Chile,Export,108024096,5,2017
Chile,Import,24512538,5,2017
Chile,Export,80671894,6,2017
Chile,Import,23660331,6,2017
Chile,Export,80351503,7,2017
Chile,Import,24130298,7,2017
Chile,Export,73936196,8,2017
Chile,Import,23777718,8,2017
Chile,Export,87690840,9,2017
Chile,Import,21568923,9,2017
Chile,Export,90879421,10,2017
Chile,Import,21830124,10,2017
Chile,Export,89311368,11,2017
Chile,Import,30754799,11,2017
Chile,Export,67023633,12,2017
Chile,Import,26648540,12,2017
"China, PR",Export,1807617863,1,2017
"China, PR",Import,3943167571,1,2017
"China, PR",Export,1959488340,2,2017
"China, PR",Import,3669064981,2,2017
"China, PR",Export,2432076425,3,2017
"China, PR",Import,5066667989,3,2017
"China, PR",Export,2125574709,4,2017
"China, PR",Import,4466120550,4,2017
"China, PR",Export,2304333222,5,2017
"China, PR",Import,4984316859,5,2017
"China, PR",Export,2392278819,6,2017
"China, PR",Import,4709176655,6,2017
"China, PR",Export,2598052126,7,2017
"China, PR",Import,4753878469,7,2017
"China, PR",Export,3112143060,8,2017
"China, PR",Import,4913573125,8,2017
"China, PR",Export,3498178399,9,2017
"China, PR",Import,5243556880,9,2017
"China, PR",Export,4230762655,10,2017
"China, PR",Import,5081997607,10,2017
"China, PR",Export,4483541395,11,2017
"China, PR",Import,5709782818,11,2017
"China, PR",Export,4518638616,12,2017
"China, PR",Import,5687302446,12,2017
Croatia,Export,5631644,1,2017
Croatia,Import,1186676,1,2017
Croatia,Export,3047630,2,2017
Croatia,Import,1577716,2,2017
Croatia,Export,7244259,3,2017
Croatia,Import,1985418,3,2017
Croatia,Export,6149867,4,2017
Croatia,Import,1127455,4,2017
Croatia,Export,2940837,5,2017
Croatia,Import,2768514,5,2017
Croatia,Export,4459864,6,2017
Croatia,Import,1922863,6,2017
Croatia,Export,3407262,7,2017
Croatia,Import,2253654,7,2017
Croatia,Export,4988362,8,2017
Croatia,Import,2313137,8,2017
Croatia,Export,4211099,9,2017
Croatia,Import,1810538,9,2017
Croatia,Export,6116578,10,2017
Croatia,Import,5873061,10,2017
Croatia,Export,4601150,11,2017
Croatia,Import,2484142,11,2017
Croatia,Export,7980864,12,2017
Croatia,Import,3648760,12,2017
Cyprus,Export,2957373,1,2017
Cyprus,Import,1622478,1,2017
Cyprus,Export,2438854,2,2017
Cyprus,Import,1852274,2,2017
Cyprus,Export,2934989,3,2017
Cyprus,Import,2695034,3,2017
Cyprus,Export,2566304,4,2017
Cyprus,Import,4338067,4,2017
Cyprus,Export,4637200,5,2017
Cyprus,Import,3355028,5,2017
Cyprus,Export,3397127,6,2017
Cyprus,Import,5289090,6,2017
Cyprus,Export,3820973,7,2017
Cyprus,Import,3320142,7,2017
Cyprus,Export,3242715,8,2017
Cyprus,Import,3744640,8,2017
Cyprus,Export,2259940,9,2017
Cyprus,Import,3200986,9,2017
Cyprus,Export,3378703,10,2017
Cyprus,Import,5380466,10,2017
Cyprus,Export,4912054,11,2017
Cyprus,Import,4315769,11,2017
Cyprus,Export,2824611,12,2017
Cyprus,Import,5455216,12,2017
Czech Rep.,Export,15250427,1,2017
Czech Rep.,Import,5726619,1,2017
Czech Rep.,Export,8781969,2,2017
Czech Rep.,Import,8146293,2,2017
Czech Rep.,Export,10028585,3,2017
Czech Rep.,Import,8096616,3,2017
Czech Rep.,Export,9668036,4,2017
Czech Rep.,Import,6381952,4,2017
Czech Rep.,Export,15205027,5,2017
Czech Rep.,Import,7448633,5,2017
Czech Rep.,Export,14291923,6,2017
Czech Rep.,Import,9210502,6,2017
Czech Rep.,Export,9052688,7,2017
Czech Rep.,Import,7738349,7,2017
Czech Rep.,Export,14031447,8,2017
Czech Rep.,Import,13918303,8,2017
Czech Rep.,Export,10381505,9,2017
Czech Rep.,Import,8459423,9,2017
Czech Rep.,Export,8435529,10,2017
Czech Rep.,Import,8433455,10,2017
Czech Rep.,Export,15967184,11,2017
Czech Rep.,Import,12013383,11,2017
Czech Rep.,Export,20308820,12,2017
Czech Rep.,Import,10615216,12,2017
Côte d'lvoire,Export,20288383,1,2017
Côte d'lvoire,Import,4957777,1,2017
Côte d'lvoire,Export,2055391,2,2017
Côte d'lvoire,Import,8406010,2,2017
Côte d'lvoire,Export,4352067,3,2017
Côte d'lvoire,Import,4950202,3,2017
Côte d'lvoire,Export,16761966,4,2017
Côte d'lvoire,Import,43402578,4,2017
Côte d'lvoire,Export,20677458,5,2017
Côte d'lvoire,Import,117409737,5,2017
Côte d'lvoire,Export,7317892,6,2017
Côte d'lvoire,Import,218685665,6,2017
Côte d'lvoire,Export,11620133,7,2017
Côte d'lvoire,Import,182606192,7,2017
Côte d'lvoire,Export,22162150,8,2017
Côte d'lvoire,Import,184679060,8,2017
Côte d'lvoire,Export,4353634,9,2017
Côte d'lvoire,Import,54833792,9,2017
Côte d'lvoire,Export,2166089,10,2017
Côte d'lvoire,Import,32481348,10,2017
Côte d'lvoire,Export,3204000,11,2017
Côte d'lvoire,Import,20630587,11,2017
Côte d'lvoire,Export,11258962,12,2017
Côte d'lvoire,Import,18997501,12,2017
Denmark,Export,27745173,1,2017
Denmark,Import,14159331,1,2017
Denmark,Export,16107773,2,2017
Denmark,Import,27135446,2,2017
Denmark,Export,27193879,3,2017
Denmark,Import,32126373,3,2017
Denmark,Export,31428149,4,2017
Denmark,Import,18099523,4,2017
Denmark,Export,24925912,5,2017
Denmark,Import,44832945,5,2017
Denmark,Export,31603013,6,2017
Denmark,Import,25728392,6,2017
Denmark,Export,32499256,7,2017
Denmark,Import,45098566,7,2017
Denmark,Export,32478703,8,2017
Denmark,Import,23050695,8,2017
Denmark,Export,25373907,9,2017
Denmark,Import,23191687,9,2017
Denmark,Export,26923959,10,2017
Denmark,Import,17684150,10,2017
Denmark,Export,29385160,11,2017
Denmark,Import,29591647,11,2017
Denmark,Export,37822904,12,2017
Denmark,Import,20597629,12,2017
Estonia,Export,2476388,1,2017
Estonia,Import,533764,1,2017
Estonia,Export,1560482,2,2017
Estonia,Import,958109,2,2017
Estonia,Export,2717299,3,2017
Estonia,Import,1039980,3,2017
Estonia,Export,1908425,4,2017
Estonia,Import,1213873,4,2017
Estonia,Export,2593634,5,2017
Estonia,Import,1255516,5,2017
Estonia,Export,3953594,6,2017
Estonia,Import,376487,6,2017
Estonia,Export,2427988,7,2017
Estonia,Import,551851,7,2017
Estonia,Export,3470374,8,2017
Estonia,Import,560991,8,2017
Estonia,Export,3104573,9,2017
Estonia,Import,707552,9,2017
Estonia,Export,3218599,10,2017
Estonia,Import,430591,10,2017
Estonia,Export,3174490,11,2017
Estonia,Import,269221,11,2017
Estonia,Export,4173064,12,2017
Estonia,Import,1548538,12,2017
Finland,Export,9381170,1,2017
Finland,Import,23788122,1,2017
Finland,Export,6657368,2,2017
Finland,Import,23099658,2,2017
Finland,Export,9478336,3,2017
Finland,Import,47292000,3,2017
Finland,Export,7684359,4,2017
Finland,Import,22949767,4,2017
Finland,Export,8587596,5,2017
Finland,Import,25536428,5,2017
Finland,Export,9239201,6,2017
Finland,Import,13397163,6,2017
Finland,Export,24297023,7,2017
Finland,Import,34129988,7,2017
Finland,Export,22610293,8,2017
Finland,Import,17821889,8,2017
Finland,Export,8815532,9,2017
Finland,Import,25033510,9,2017
Finland,Export,24508812,10,2017
Finland,Import,24670149,10,2017
Finland,Export,8456217,11,2017
Finland,Import,15004047,11,2017
Finland,Export,25492065,12,2017
Finland,Import,20131010,12,2017
France,Export,256477080,1,2017
France,Import,82911011,1,2017
France,Export,190719239,2,2017
France,Import,90970007,2,2017
France,Export,278739339,3,2017
France,Import,96039379,3,2017
France,Export,269836833,4,2017
France,Import,86334555,4,2017
France,Export,322143569,5,2017
France,Import,113326932,5,2017
France,Export,277125688,6,2017
France,Import,112758015,6,2017
France,Export,292551085,7,2017
France,Import,101719723,7,2017
France,Export,337763435,8,2017
France,Import,114389580,8,2017
France,Export,298451990,9,2017
France,Import,102821902,9,2017
France,Export,263680050,10,2017
France,Import,111411139,10,2017
France,Export,318380106,11,2017
France,Import,119576419,11,2017
France,Export,245405228,12,2017
France,Import,139179388,12,2017
Germany,Export,498639526,1,2017
Germany,Import,177307305,1,2017
Germany,Export,368448065,2,2017
Germany,Import,247578538,2,2017
Germany,Export,560849049,3,2017
Germany,Import,238255292,3,2017
Germany,Export,623481481,4,2017
Germany,Import,235190937,4,2017
Germany,Export,576752872,5,2017
Germany,Import,333025711,5,2017
Germany,Export,529552365,6,2017
Germany,Import,245504981,6,2017
Germany,Export,522085151,7,2017
Germany,Import,282204497,7,2017
Germany,Export,519142943,8,2017
Germany,Import,300750010,8,2017
Germany,Export,568341853,9,2017
Germany,Import,277367414,9,2017
Germany,Export,488495628,10,2017
Germany,Import,270699924,10,2017
Germany,Export,529280301,11,2017
Germany,Import,257734543,11,2017
Germany,Export,579227612,12,2017
Germany,Import,304555905,12,2017
Greece,Export,43795404,1,2017
Greece,Import,6587091,1,2017
Greece,Export,13792360,2,2017
Greece,Import,5397386,2,2017
Greece,Export,54397818,3,2017
Greece,Import,2866562,3,2017
Greece,Export,20584645,4,2017
Greece,Import,2728817,4,2017
Greece,Export,18577812,5,2017
Greece,Import,3224499,5,2017
Greece,Export,15237081,6,2017
Greece,Import,5601286,6,2017
Greece,Export,15028654,7,2017
Greece,Import,3598153,7,2017
Greece,Export,17182870,8,2017
Greece,Import,3201794,8,2017
Greece,Export,18288537,9,2017
Greece,Import,5228069,9,2017
Greece,Export,19682189,10,2017
Greece,Import,4618660,10,2017
Greece,Export,17107952,11,2017
Greece,Import,9454556,11,2017
Greece,Export,17265267,12,2017
Greece,Import,11488199,12,2017
"Hong Kong, China",Export,457993588,1,2017
"Hong Kong, China",Import,115880092,1,2017
"Hong Kong, China",Export,480267366,2,2017
"Hong Kong, China",Import,140511428,2,2017
"Hong Kong, China",Export,600590575,3,2017
"Hong Kong, China",Import,166701525,3,2017
"Hong Kong, China",Export,660879166,4,2017
"Hong Kong, China",Import,152083456,4,2017
"Hong Kong, China",Export,706753463,5,2017
"Hong Kong, China",Import,144129294,5,2017
"Hong Kong, China",Export,588375960,6,2017
"Hong Kong, China",Import,132561087,6,2017
"Hong Kong, China",Export,530829296,7,2017
"Hong Kong, China",Import,137534939,7,2017
"Hong Kong, China",Export,742808281,8,2017
"Hong Kong, China",Import,127805012,8,2017
"Hong Kong, China",Export,747324315,9,2017
"Hong Kong, China",Import,147451297,9,2017
"Hong Kong, China",Export,754435399,10,2017
"Hong Kong, China",Import,132956834,10,2017
"Hong Kong, China",Export,681792077,11,2017
"Hong Kong, China",Import,127780736,11,2017
"Hong Kong, China",Export,630653722,12,2017
"Hong Kong, China",Import,137738721,12,2017
Hungary,Export,11655829,1,2017
Hungary,Import,14364786,1,2017
Hungary,Export,6514561,2,2017
Hungary,Import,14266006,2,2017
Hungary,Export,17098409,3,2017
Hungary,Import,12357299,3,2017
Hungary,Export,15296902,4,2017
Hungary,Import,12832777,4,2017
Hungary,Export,6511646,5,2017
Hungary,Import,9178559,5,2017
Hungary,Export,17093988,6,2017
Hungary,Import,6728201,6,2017
Hungary,Export,11254654,7,2017
Hungary,Import,8109031,7,2017
Hungary,Export,21540664,8,2017
Hungary,Import,9642059,8,2017
Hungary,Export,25384934,9,2017
Hungary,Import,15456656,9,2017
Hungary,Export,21430706,10,2017
Hungary,Import,16752879,10,2017
Hungary,Export,23694025,11,2017
Hungary,Import,13745418,11,2017
Hungary,Export,29522752,12,2017
Hungary,Import,13873271,12,2017
India,Export,223943664,1,2017
India,Import,276549751,1,2017
India,Export,230513475,2,2017
India,Import,353687288,2,2017
India,Export,289188845,3,2017
India,Import,384079231,3,2017
India,Export,306699937,4,2017
India,Import,403463425,4,2017
India,Export,346670540,5,2017
India,Import,286497652,5,2017
India,Export,299791638,6,2017
India,Import,271706223,6,2017
India,Export,306665088,7,2017
India,Import,259873821,7,2017
India,Export,370635698,8,2017
India,Import,354540881,8,2017
India,Export,374806171,9,2017
India,Import,277898930,9,2017
India,Export,320242833,10,2017
India,Import,320043836,10,2017
India,Export,299562438,11,2017
India,Import,302659864,11,2017
India,Export,386964446,12,2017
India,Import,386628716,12,2017
Indonesia,Export,212236051,1,2017
Indonesia,Import,283537286,1,2017
Indonesia,Export,231072910,2,2017
Indonesia,Import,289993587,2,2017
Indonesia,Export,285271611,3,2017
Indonesia,Import,311794787,3,2017
Indonesia,Export,268763809,4,2017
Indonesia,Import,259390127,4,2017
Indonesia,Export,237849263,5,2017
Indonesia,Import,313253884,5,2017
Indonesia,Export,188192233,6,2017
Indonesia,Import,307208040,6,2017
Indonesia,Export,210588284,7,2017
Indonesia,Import,236952280,7,2017
Indonesia,Export,231213638,8,2017
Indonesia,Import,326793016,8,2017
Indonesia,Export,250899032,9,2017
Indonesia,Import,288431635,9,2017
Indonesia,Export,245136861,10,2017
Indonesia,Import,341111640,10,2017
Indonesia,Export,257940699,11,2017
Indonesia,Import,354516061,11,2017
Indonesia,Export,244446052,12,2017
Indonesia,Import,326853706,12,2017
Ireland,Export,7762110,1,2017
Ireland,Import,109275263,1,2017
Ireland,Export,6107264,2,2017
Ireland,Import,112553177,2,2017
Ireland,Export,9072418,3,2017
Ireland,Import,139710892,3,2017
Ireland,Export,8329453,4,2017
Ireland,Import,90348911,4,2017
Ireland,Export,11793478,5,2017
Ireland,Import,110512006,5,2017
Ireland,Export,9628839,6,2017
Ireland,Import,94112679,6,2017
Ireland,Export,9466049,7,2017
Ireland,Import,89049528,7,2017
Ireland,Export,10961774,8,2017
Ireland,Import,135830017,8,2017
Ireland,Export,8642436,9,2017
Ireland,Import,116505277,9,2017
Ireland,Export,7556163,10,2017
Ireland,Import,95433271,10,2017
Ireland,Export,9255377,11,2017
Ireland,Import,119002629,11,2017
Ireland,Export,9755284,12,2017
Ireland,Import,168190938,12,2017
Italy,Export,314632584,1,2017
Italy,Import,99925475,1,2017
Italy,Export,267801564,2,2017
Italy,Import,114295506,2,2017
Italy,Export,289347301,3,2017
Italy,Import,143416082,3,2017
Italy,Export,251925273,4,2017
Italy,Import,121682217,4,2017
Italy,Export,342810898,5,2017
Italy,Import,166797705,5,2017
Italy,Export,287931135,6,2017
Italy,Import,148918162,6,2017
Italy,Export,159285285,7,2017
Italy,Import,171221974,7,2017
Italy,Export,166221217,8,2017
Italy,Import,155563268,8,2017
Italy,Export,150487990,9,2017
Italy,Import,126951336,9,2017
Italy,Export,164578699,10,2017
Italy,Import,121644909,10,2017
Italy,Export,158955114,11,2017
Italy,Import,137849751,11,2017
Italy,Export,184803890,12,2017
Italy,Import,146683753,12,2017
Ixraen,Export,45946357,1,2017
Ixraen,Import,34981584,1,2017
Ixraen,Export,52399611,2,2017
Ixraen,Import,14842642,2,2017
Ixraen,Export,57978667,3,2017
Ixraen,Import,36034117,3,2017
Ixraen,Export,70739333,4,2017
Ixraen,Import,30495388,4,2017
Ixraen,Export,80920229,5,2017
Ixraen,Import,44205743,5,2017
Ixraen,Export,61511119,6,2017
Ixraen,Import,28703758,6,2017
Ixraen,Export,62831381,7,2017
Ixraen,Import,28194155,7,2017
Ixraen,Export,57099580,8,2017
Ixraen,Import,13826234,8,2017
Ixraen,Export,67020007,9,2017
Ixraen,Import,26631076,9,2017
Ixraen,Export,47623000,10,2017
Ixraen,Import,30499261,10,2017
Ixraen,Export,49129829,11,2017
Ixraen,Import,17134440,11,2017
Ixraen,Export,58860573,12,2017
Ixraen,Import,39752401,12,2017
Japan,Export,1246015690,1,2017
Japan,Import,875641498,1,2017
Japan,Export,1111536315,2,2017
Japan,Import,1447597650,2,2017
Japan,Export,1438602908,3,2017
Japan,Import,1381256225,3,2017
Japan,Export,1265522879,4,2017
Japan,Import,1357607891,4,2017
Japan,Export,1454628924,5,2017
Japan,Import,1302454669,5,2017
Japan,Export,1524008217,6,2017
Japan,Import,1409343758,6,2017
Japan,Export,1383917080,7,2017
Japan,Import,1341946466,7,2017
Japan,Export,1532966566,8,2017
Japan,Import,1319819073,8,2017
Japan,Export,1359418225,9,2017
Japan,Import,1442971672,9,2017
Japan,Export,1529332789,10,2017
Japan,Import,1389612055,10,2017
Japan,Export,1492268334,11,2017
Japan,Import,1611658625,11,2017
Japan,Export,1503245429,12,2017
Japan,Import,1712415404,12,2017
Kazakhstan,Export,0,1,2017
Kazakhstan,Import,3453880,1,2017
Kazakhstan,Export,0,2,2017
Kazakhstan,Import,3883663,2,2017
Kazakhstan,Export,0,3,2017
Kazakhstan,Import,6242218,3,2017
Kazakhstan,Export,0,4,2017
Kazakhstan,Import,6193304,4,2017
Kazakhstan,Export,0,5,2017
Kazakhstan,Import,4997923,5,2017
Kazakhstan,Export,0,6,2017
Kazakhstan,Import,6666764,6,2017
Kazakhstan,Export,0,7,2017
Kazakhstan,Import,3307535,7,2017
Kazakhstan,Export,0,8,2017
Kazakhstan,Import,2235252,8,2017
Kazakhstan,Export,0,9,2017
Kazakhstan,Import,2666059,9,2017
Kazakhstan,Export,0,10,2017
Kazakhstan,Import,2256921,10,2017
Kazakhstan,Export,0,11,2017
Kazakhstan,Import,3655541,11,2017
Kazakhstan,Export,0,12,2017
Kazakhstan,Import,3309525,12,2017
"Korea, Rep.",Export,1009384295,1,2017
"Korea, Rep.",Import,2723692632,1,2017
"Korea, Rep.",Export,924177937,2,2017
"Korea, Rep.",Import,3118415444,2,2017
"Korea, Rep.",Export,1254590482,3,2017
"Korea, Rep.",Import,4127143067,3,2017
"Korea, Rep.",Export,1244117911,4,2017
"Korea, Rep.",Import,4404907750,4,2017
"Korea, Rep.",Export,1057813484,5,2017
"Korea, Rep.",Import,4072415354,5,2017
"Korea, Rep.",Export,1075880432,6,2017
"Korea, Rep.",Import,4111489866,6,2017
"Korea, Rep.",Export,1169679990,7,2017
"Korea, Rep.",Import,3750998281,7,2017
"Korea, Rep.",Export,1473389584,8,2017
"Korea, Rep.",Import,3761630169,8,2017
"Korea, Rep.",Export,1467054938,9,2017
"Korea, Rep.",Import,4341684013,9,2017
"Korea, Rep.",Export,1475645926,10,2017
"Korea, Rep.",Import,3890498997,10,2017
"Korea, Rep.",Export,1371721520,11,2017
"Korea, Rep.",Import,4217715748,11,2017
"Korea, Rep.",Export,1299398421,12,2017
"Korea, Rep.",Import,4213833644,12,2017
Kuwait,Export,3838975,1,2017
Kuwait,Import,2763192,1,2017
Kuwait,Export,3746218,2,2017
Kuwait,Import,9251266,2,2017
Kuwait,Export,5462213,3,2017
Kuwait,Import,15440981,3,2017
Kuwait,Export,4757773,4,2017
Kuwait,Import,7802823,4,2017
Kuwait,Export,4413919,5,2017
Kuwait,Import,6278233,5,2017
Kuwait,Export,5322523,6,2017
Kuwait,Import,7077288,6,2017
Kuwait,Export,4098708,7,2017
Kuwait,Import,7010612,7,2017
Kuwait,Export,5142816,8,2017
Kuwait,Import,195028582,8,2017
Kuwait,Export,7861478,9,2017
Kuwait,Import,19496825,9,2017
Kuwait,Export,6601671,10,2017
Kuwait,Import,6610789,10,2017
Kuwait,Export,4898416,11,2017
Kuwait,Import,5041054,11,2017
Kuwait,Export,6393734,12,2017
Kuwait,Import,5833800,12,2017
Lao PDR,Export,43756723,1,2017
Lao PDR,Import,31610052,1,2017
Lao PDR,Export,45297041,2,2017
Lao PDR,Import,35278710,2,2017
Lao PDR,Export,46099777,3,2017
Lao PDR,Import,34181772,3,2017
Lao PDR,Export,42946287,4,2017
Lao PDR,Import,33268463,4,2017
Lao PDR,Export,44553807,5,2017
Lao PDR,Import,28505123,5,2017
Lao PDR,Export,42051680,6,2017
Lao PDR,Import,28287165,6,2017
Lao PDR,Export,43469744,7,2017
Lao PDR,Import,25039864,7,2017
Lao PDR,Export,35548754,8,2017
Lao PDR,Import,20601199,8,2017
Lao PDR,Export,42376600,9,2017
Lao PDR,Import,27155763,9,2017
Lao PDR,Export,40108478,10,2017
Lao PDR,Import,30295406,10,2017
Lao PDR,Export,49129078,11,2017
Lao PDR,Import,38833366,11,2017
Lao PDR,Export,49176724,12,2017
Lao PDR,Import,35353264,12,2017
Latvia,Export,11285564,1,2017
Latvia,Import,424193,1,2017
Latvia,Export,13117749,2,2017
Latvia,Import,649794,2,2017
Latvia,Export,11985218,3,2017
Latvia,Import,942742,3,2017
Latvia,Export,13434985,4,2017
Latvia,Import,955820,4,2017
Latvia,Export,12827913,5,2017
Latvia,Import,619632,5,2017
Latvia,Export,12719224,6,2017
Latvia,Import,683350,6,2017
Latvia,Export,12053095,7,2017
Latvia,Import,790884,7,2017
Latvia,Export,17940891,8,2017
Latvia,Import,516177,8,2017
Latvia,Export,12020114,9,2017
Latvia,Import,335020,9,2017
Latvia,Export,16232247,10,2017
Latvia,Import,1120098,10,2017
Latvia,Export,16847838,11,2017
Latvia,Import,613010,11,2017
Latvia,Export,7552554,12,2017
Latvia,Import,434866,12,2017
Lithuania,Export,2143286,1,2017
Lithuania,Import,1835334,1,2017
Lithuania,Export,4034959,2,2017
Lithuania,Import,4610478,2,2017
Lithuania,Export,6488731,3,2017
Lithuania,Import,1168278,3,2017
Lithuania,Export,4839081,4,2017
Lithuania,Import,1101882,4,2017
Lithuania,Export,6022245,5,2017
Lithuania,Import,679376,5,2017
Lithuania,Export,7204774,6,2017
Lithuania,Import,6346684,6,2017
Lithuania,Export,5233899,7,2017
Lithuania,Import,1508335,7,2017
Lithuania,Export,4577123,8,2017
Lithuania,Import,1158319,8,2017
Lithuania,Export,5568303,9,2017
Lithuania,Import,945350,9,2017
Lithuania,Export,6354024,10,2017
Lithuania,Import,3740744,10,2017
Lithuania,Export,4802705,11,2017
Lithuania,Import,1332152,11,2017
Lithuania,Export,2985127,12,2017
Lithuania,Import,1339948,12,2017
Luxembourg,Export,2368705,1,2017
Luxembourg,Import,2350370,1,2017
Luxembourg,Export,2820080,2,2017
Luxembourg,Import,1612256,2,2017
Luxembourg,Export,2917608,3,2017
Luxembourg,Import,1951211,3,2017
Luxembourg,Export,2847692,4,2017
Luxembourg,Import,2668856,4,2017
Luxembourg,Export,3682678,5,2017
Luxembourg,Import,3297935,5,2017
Luxembourg,Export,2908357,6,2017
Luxembourg,Import,4359443,6,2017
Luxembourg,Export,2689423,7,2017
Luxembourg,Import,2483260,7,2017
Luxembourg,Export,2495744,8,2017
Luxembourg,Import,965688,8,2017
Luxembourg,Export,2612187,9,2017
Luxembourg,Import,2598390,9,2017
Luxembourg,Export,4217471,10,2017
Luxembourg,Import,3937317,10,2017
Luxembourg,Export,3108296,11,2017
Luxembourg,Import,1555148,11,2017
Luxembourg,Export,3126613,12,2017
Luxembourg,Import,542729,12,2017
Malaysia,Export,282947882,1,2017
Malaysia,Import,349315731,1,2017
Malaysia,Export,342322366,2,2017
Malaysia,Import,386369468,2,2017
Malaysia,Export,353431804,3,2017
Malaysia,Import,555541240,3,2017
Malaysia,Export,360964086,4,2017
Malaysia,Import,441430998,4,2017
Malaysia,Export,397190211,5,2017
Malaysia,Import,505016726,5,2017
Malaysia,Export,383999532,6,2017
Malaysia,Import,463484557,6,2017
Malaysia,Export,372190748,7,2017
Malaysia,Import,483793905,7,2017
Malaysia,Export,380055080,8,2017
Malaysia,Import,486001679,8,2017
Malaysia,Export,366553921,9,2017
Malaysia,Import,478232680,9,2017
Malaysia,Export,345858245,10,2017
Malaysia,Import,523296171,10,2017
Malaysia,Export,329918720,11,2017
Malaysia,Import,566121991,11,2017
Malaysia,Export,293544791,12,2017
Malaysia,Import,621611011,12,2017
Malta,Export,600270,1,2017
Malta,Import,1536736,1,2017
Malta,Export,654890,2,2017
Malta,Import,2627403,2,2017
Malta,Export,1161539,3,2017
Malta,Import,2261921,3,2017
Malta,Export,762886,4,2017
Malta,Import,1962303,4,2017
Malta,Export,1258634,5,2017
Malta,Import,1997536,5,2017
Malta,Export,1919574,6,2017
Malta,Import,2258931,6,2017
Malta,Export,938220,7,2017
Malta,Import,1625742,7,2017
Malta,Export,735051,8,2017
Malta,Import,1594073,8,2017
Malta,Export,989059,9,2017
Malta,Import,2754085,9,2017
Malta,Export,1318648,10,2017
Malta,Import,1966098,10,2017
Malta,Export,1776922,11,2017
Malta,Import,1376486,11,2017
Malta,Export,732936,12,2017
Malta,Import,2510206,12,2017
Mexico,Export,147852175,1,2017
Mexico,Import,30272790,1,2017
Mexico,Export,151279644,2,2017
Mexico,Import,35618401,2,2017
Mexico,Export,211944692,3,2017
Mexico,Import,41324376,3,2017
Mexico,Export,238951312,4,2017
Mexico,Import,50491999,4,2017
Mexico,Export,278564243,5,2017
Mexico,Import,58023410,5,2017
Mexico,Export,197247937,6,2017
Mexico,Import,55717245,6,2017
Mexico,Export,184965649,7,2017
Mexico,Import,35126907,7,2017
Mexico,Export,204376290,8,2017
Mexico,Import,46822907,8,2017
Mexico,Export,188151061,9,2017
Mexico,Import,51937748,9,2017
Mexico,Export,210098111,10,2017
Mexico,Import,59741869,10,2017
Mexico,Export,145404316,11,2017
Mexico,Import,51239351,11,2017
Mexico,Export,180917804,12,2017
Mexico,Import,50451193,12,2017
Myanmar,Export,42453562,1,2017
Myanmar,Import,17229195,1,2017
Myanmar,Export,43258839,2,2017
Myanmar,Import,13783457,2,2017
Myanmar,Export,53807621,3,2017
Myanmar,Import,12430471,3,2017
Myanmar,Export,52227531,4,2017
Myanmar,Import,15013057,4,2017
Myanmar,Export,49474546,5,2017
Myanmar,Import,12635133,5,2017
Myanmar,Export,61339595,6,2017
Myanmar,Import,10021661,6,2017
Myanmar,Export,48819748,7,2017
Myanmar,Import,6382581,7,2017
Myanmar,Export,54569653,8,2017
Myanmar,Import,10458254,8,2017
Myanmar,Export,77099126,9,2017
Myanmar,Import,6418735,9,2017
Myanmar,Export,80299290,10,2017
Myanmar,Import,6712478,10,2017
Myanmar,Export,77004658,11,2017
Myanmar,Import,7858520,11,2017
Myanmar,Export,62603101,12,2017
Myanmar,Import,6392736,12,2017
Netherlands,Export,534458677,1,2017
Netherlands,Import,53234687,1,2017
Netherlands,Export,393471675,2,2017
Netherlands,Import,47525996,2,2017
Netherlands,Export,549742478,3,2017
Netherlands,Import,55009342,3,2017
Netherlands,Export,590238417,4,2017
Netherlands,Import,50060704,4,2017
Netherlands,Export,604403365,5,2017
Netherlands,Import,65419139,5,2017
Netherlands,Export,661671572,6,2017
Netherlands,Import,60392135,6,2017
Netherlands,Export,607857535,7,2017
Netherlands,Import,52617563,7,2017
Netherlands,Export,669923582,8,2017
Netherlands,Import,64697736,8,2017
Netherlands,Export,573644117,9,2017
Netherlands,Import,55011617,9,2017
Netherlands,Export,603881654,10,2017
Netherlands,Import,57347672,10,2017
Netherlands,Export,629967750,11,2017
Netherlands,Import,46818789,11,2017
Netherlands,Export,686888043,12,2017
Netherlands,Import,57331435,12,2017
New Zealand,Export,26923615,1,2017
New Zealand,Import,41429239,1,2017
New Zealand,Export,24724198,2,2017
New Zealand,Import,34180615,2,2017
New Zealand,Export,26550331,3,2017
New Zealand,Import,26195467,3,2017
New Zealand,Export,45978694,4,2017
New Zealand,Import,25080038,4,2017
New Zealand,Export,46757576,5,2017
New Zealand,Import,46707287,5,2017
New Zealand,Export,34346524,6,2017
New Zealand,Import,49220545,6,2017
New Zealand,Export,41623852,7,2017
New Zealand,Import,36219308,7,2017
New Zealand,Export,42934461,8,2017
New Zealand,Import,37873198,8,2017
New Zealand,Export,41651038,9,2017
New Zealand,Import,31259284,9,2017
New Zealand,Export,45255790,10,2017
New Zealand,Import,36443648,10,2017
New Zealand,Export,47400103,11,2017
New Zealand,Import,37593402,11,2017
New Zealand,Export,34487313,12,2017
New Zealand,Import,46779695,12,2017
Norway,Export,15303003,1,2017
Norway,Import,21795196,1,2017
Norway,Export,10482641,2,2017
Norway,Import,17660079,2,2017
Norway,Export,8935353,3,2017
Norway,Import,19583091,3,2017
Norway,Export,7473729,4,2017
Norway,Import,16794897,4,2017
Norway,Export,9193962,5,2017
Norway,Import,20937962,5,2017
Norway,Export,10826160,6,2017
Norway,Import,19192812,6,2017
Norway,Export,8957111,7,2017
Norway,Import,17186065,7,2017
Norway,Export,8783744,8,2017
Norway,Import,16450978,8,2017
Norway,Export,6793538,9,2017
Norway,Import,18765924,9,2017
Norway,Export,6734998,10,2017
Norway,Import,21353326,10,2017
Norway,Export,10641675,11,2017
Norway,Import,21723907,11,2017
Norway,Export,12309831,12,2017
Norway,Import,26935630,12,2017
Pakistan,Export,42764147,1,2017
Pakistan,Import,8897310,1,2017
Pakistan,Export,36697537,2,2017
Pakistan,Import,11329160,2,2017
Pakistan,Export,54233580,3,2017
Pakistan,Import,12459122,3,2017
Pakistan,Export,41078388,4,2017
Pakistan,Import,10984384,4,2017
Pakistan,Export,40539989,5,2017
Pakistan,Import,9534124,5,2017
Pakistan,Export,39243820,6,2017
Pakistan,Import,11303167,6,2017
Pakistan,Export,32127929,7,2017
Pakistan,Import,8131534,7,2017
Pakistan,Export,46315940,8,2017
Pakistan,Import,7480342,8,2017
Pakistan,Export,37140782,9,2017
Pakistan,Import,12367095,9,2017
Pakistan,Export,34597418,10,2017
Pakistan,Import,14648593,10,2017
Pakistan,Export,42077678,11,2017
Pakistan,Import,11572606,11,2017
Pakistan,Export,54464248,12,2017
Pakistan,Import,11898626,12,2017
Peru,Export,23223506,1,2017
Peru,Import,3312085,1,2017
Peru,Export,22400296,2,2017
Peru,Import,7817920,2,2017
Peru,Export,29615210,3,2017
Peru,Import,22968746,3,2017
Peru,Export,31521665,4,2017
Peru,Import,12658198,4,2017
Peru,Export,42938460,5,2017
Peru,Import,5807748,5,2017
Peru,Export,29703220,6,2017
Peru,Import,7624616,6,2017
Peru,Export,22960828,7,2017
Peru,Import,3421082,7,2017
Peru,Export,28272749,8,2017
Peru,Import,15122100,8,2017
Peru,Export,23217144,9,2017
Peru,Import,12703791,9,2017
Peru,Export,28338801,10,2017
Peru,Import,15221359,10,2017
Peru,Export,34042340,11,2017
Peru,Import,8220214,11,2017
Peru,Export,14608672,12,2017
Peru,Import,2267168,12,2017
Philippines,Export,203247686,1,2017
Philippines,Import,73150727,1,2017
Philippines,Export,216905628,2,2017
Philippines,Import,97664118,2,2017
Philippines,Export,217928621,3,2017
Philippines,Import,91410061,3,2017
Philippines,Export,239944349,4,2017
Philippines,Import,95100283,4,2017
Philippines,Export,200275784,5,2017
Philippines,Import,100604093,5,2017
Philippines,Export,226816422,6,2017
Philippines,Import,91208262,6,2017
Philippines,Export,228566437,7,2017
Philippines,Import,101968897,7,2017
Philippines,Export,322064858,8,2017
Philippines,Import,99222571,8,2017
Philippines,Export,250695900,9,2017
Philippines,Import,92766011,9,2017
Philippines,Export,256893868,10,2017
Philippines,Import,117182092,10,2017
Philippines,Export,239622546,11,2017
Philippines,Import,94441905,11,2017
Philippines,Export,232412784,12,2017
Philippines,Import,104031675,12,2017
Poland,Export,44666150,1,2017
Poland,Import,13310122,1,2017
Poland,Export,42585071,2,2017
Poland,Import,13171411,2,2017
Poland,Export,54940520,3,2017
Poland,Import,18836471,3,2017
Poland,Export,42950212,4,2017
Poland,Import,16326099,4,2017
Poland,Export,55162065,5,2017
Poland,Import,21286269,5,2017
Poland,Export,66507856,6,2017
Poland,Import,19089372,6,2017
Poland,Export,60483092,7,2017
Poland,Import,21071429,7,2017
Poland,Export,69778344,8,2017
Poland,Import,20127660,8,2017
Poland,Export,80362864,9,2017
Poland,Import,18125214,9,2017
Poland,Export,93344587,10,2017
Poland,Import,19071771,10,2017
Poland,Export,81880051,11,2017
Poland,Import,19734655,11,2017
Poland,Export,83087446,12,2017
Poland,Import,30520674,12,2017
Portugal,Export,20866028,1,2017
Portugal,Import,2450405,1,2017
Portugal,Export,22369555,2,2017
Portugal,Import,4514539,2,2017
Portugal,Export,28985633,3,2017
Portugal,Import,4628101,3,2017
Portugal,Export,25751190,4,2017
Portugal,Import,2778254,4,2017
Portugal,Export,26437045,5,2017
Portugal,Import,3276100,5,2017
Portugal,Export,29922796,6,2017
Portugal,Import,4628427,6,2017
Portugal,Export,26191323,7,2017
Portugal,Import,6428384,7,2017
Portugal,Export,37279440,8,2017
Portugal,Import,6329541,8,2017
Portugal,Export,32013155,9,2017
Portugal,Import,6392892,9,2017
Portugal,Export,32647807,10,2017
Portugal,Import,6803944,10,2017
Portugal,Export,26225341,11,2017
Portugal,Import,5424298,11,2017
Portugal,Export,22106148,12,2017
Portugal,Import,9338127,12,2017
Romania,Export,9218108,1,2017
Romania,Import,19173187,1,2017
Romania,Export,6682780,2,2017
Romania,Import,5293039,2,2017
Romania,Export,9869298,3,2017
Romania,Import,5690210,3,2017
Romania,Export,8382669,4,2017
Romania,Import,2756111,4,2017
Romania,Export,7934593,5,2017
Romania,Import,4806942,5,2017
Romania,Export,9115118,6,2017
Romania,Import,5854662,6,2017
Romania,Export,8785374,7,2017
Romania,Import,5453837,7,2017
Romania,Export,11918333,8,2017
Romania,Import,14885236,8,2017
Romania,Export,11797400,9,2017
Romania,Import,3203520,9,2017
Romania,Export,11606454,10,2017
Romania,Import,7079616,10,2017
Romania,Export,12505523,11,2017
Romania,Import,5095890,11,2017
Romania,Export,11864452,12,2017
Romania,Import,6838814,12,2017
Russia Federation,Export,133825481,1,2017
Russia Federation,Import,84445581,1,2017
Russia Federation,Export,145300745,2,2017
Russia Federation,Import,88665400,2,2017
Russia Federation,Export,137550778,3,2017
Russia Federation,Import,136212042,3,2017
Russia Federation,Export,195577865,4,2017
Russia Federation,Import,168995415,4,2017
Russia Federation,Export,169815044,5,2017
Russia Federation,Import,114239721,5,2017
Russia Federation,Export,225364493,6,2017
Russia Federation,Import,71839394,6,2017
Russia Federation,Export,205810074,7,2017
Russia Federation,Import,111372860,7,2017
Russia Federation,Export,216932446,8,2017
Russia Federation,Import,83655294,8,2017
Russia Federation,Export,161199659,9,2017
Russia Federation,Import,73783722,9,2017
Russia Federation,Export,194676154,10,2017
Russia Federation,Import,118712081,10,2017
Russia Federation,Export,217246490,11,2017
Russia Federation,Import,146513901,11,2017
Russia Federation,Export,164076498,12,2017
Russia Federation,Import,186961795,12,2017
Saudi Arabia,Export,28532427,1,2017
Saudi Arabia,Import,67569476,1,2017
Saudi Arabia,Export,21723474,2,2017
Saudi Arabia,Import,102133271,2,2017
Saudi Arabia,Export,37338969,3,2017
Saudi Arabia,Import,111226215,3,2017
Saudi Arabia,Export,36932171,4,2017
Saudi Arabia,Import,89955343,4,2017
Saudi Arabia,Export,58198801,5,2017
Saudi Arabia,Import,114522899,5,2017
Saudi Arabia,Export,29265206,6,2017
Saudi Arabia,Import,94764022,6,2017
Saudi Arabia,Export,28255483,7,2017
Saudi Arabia,Import,125249121,7,2017
Saudi Arabia,Export,31668695,8,2017
Saudi Arabia,Import,134654978,8,2017
Saudi Arabia,Export,30917498,9,2017
Saudi Arabia,Import,114919337,9,2017
Saudi Arabia,Export,71406142,10,2017
Saudi Arabia,Import,108330594,10,2017
Saudi Arabia,Export,30608110,11,2017
Saudi Arabia,Import,105571087,11,2017
Saudi Arabia,Export,27291090,12,2017
Saudi Arabia,Import,114189391,12,2017
Senegal,Export,2017676,1,2017
Senegal,Import,0,1,2017
Senegal,Export,2328827,2,2017
Senegal,Import,0,2,2017
Senegal,Export,4777897,3,2017
Senegal,Import,0,3,2017
Senegal,Export,3509648,4,2017
Senegal,Import,0,4,2017
Senegal,Export,3596024,5,2017
Senegal,Import,0,5,2017
Senegal,Export,7912975,6,2017
Senegal,Import,0,6,2017
Senegal,Export,6224740,7,2017
Senegal,Import,0,7,2017
Senegal,Export,2857622,8,2017
Senegal,Import,0,8,2017
Senegal,Export,2371253,9,2017
Senegal,Import,0,9,2017
Senegal,Export,1531803,10,2017
Senegal,Import,0,10,2017
Senegal,Export,671884,11,2017
Senegal,Import,0,11,2017
Senegal,Export,855227,12,2017
Senegal,Import,0,12,2017
Singapore,Export,233839200,1,2017
Singapore,Import,340020195,1,2017
Singapore,Export,193720141,2,2017
Singapore,Import,405924496,2,2017
Singapore,Export,241370281,3,2017
Singapore,Import,531064545,3,2017
Singapore,Export,258247129,4,2017
Singapore,Import,530179040,4,2017
Singapore,Export,280152546,5,2017
Singapore,Import,501262394,5,2017
Singapore,Export,316035543,6,2017
Singapore,Import,536171291,6,2017
Singapore,Export,226052589,7,2017
Singapore,Import,446299865,7,2017
Singapore,Export,238802249,8,2017
Singapore,Import,400818051,8,2017
Singapore,Export,266029870,9,2017
Singapore,Import,310778123,9,2017
Singapore,Export,283185995,10,2017
Singapore,Import,395298141,10,2017
Singapore,Export,214646845,11,2017
Singapore,Import,471469156,11,2017
Singapore,Export,208978663,12,2017
Singapore,Import,432188679,12,2017
Slovakia,Export,42109018,1,2017
Slovakia,Import,3806923,1,2017
Slovakia,Export,35468962,2,2017
Slovakia,Import,3459136,2,2017
Slovakia,Export,66127906,3,2017
Slovakia,Import,1118893,3,2017
Slovakia,Export,61766176,4,2017
Slovakia,Import,1120006,4,2017
Slovakia,Export,72182644,5,2017
Slovakia,Import,1840440,5,2017
Slovakia,Export,75206473,6,2017
Slovakia,Import,3557771,6,2017
Slovakia,Export,78019310,7,2017
Slovakia,Import,2559323,7,2017
Slovakia,Export,62417668,8,2017
Slovakia,Import,3245579,8,2017
Slovakia,Export,54032194,9,2017
Slovakia,Import,3047694,9,2017
Slovakia,Export,57097984,10,2017
Slovakia,Import,2001085,10,2017
Slovakia,Export,52635341,11,2017
Slovakia,Import,4529639,11,2017
Slovakia,Export,46890547,12,2017
Slovakia,Import,5696596,12,2017
Slovenia,Export,23302162,1,2017
Slovenia,Import,2330993,1,2017
Slovenia,Export,19696340,2,2017
Slovenia,Import,3028168,2,2017
Slovenia,Export,22539715,3,2017
Slovenia,Import,3034638,3,2017
Slovenia,Export,24136996,4,2017
Slovenia,Import,3931396,4,2017
Slovenia,Export,27503883,5,2017
Slovenia,Import,4970737,5,2017
Slovenia,Export,28660051,6,2017
Slovenia,Import,3408933,6,2017
Slovenia,Export,24328044,7,2017
Slovenia,Import,4034295,7,2017
Slovenia,Export,31419754,8,2017
Slovenia,Import,1637528,8,2017
Slovenia,Export,23599782,9,2017
Slovenia,Import,4706097,9,2017
Slovenia,Export,17387029,10,2017
Slovenia,Import,3311125,10,2017
Slovenia,Export,22028837,11,2017
Slovenia,Import,3560067,11,2017
Slovenia,Export,21747739,12,2017
Slovenia,Import,4243576,12,2017
South Africa,Export,54449942,1,2017
South Africa,Import,12385492,1,2017
South Africa,Export,39214343,2,2017
South Africa,Import,23650604,2,2017
South Africa,Export,51791443,3,2017
South Africa,Import,26702191,3,2017
South Africa,Export,91207793,4,2017
South Africa,Import,20606364,4,2017
South Africa,Export,71583189,5,2017
South Africa,Import,14786865,5,2017
South Africa,Export,58889272,6,2017
South Africa,Import,24173534,6,2017
South Africa,Export,71990427,7,2017
South Africa,Import,22362958,7,2017
South Africa,Export,67364914,8,2017
South Africa,Import,26809038,8,2017
South Africa,Export,70333030,9,2017
South Africa,Import,15047386,9,2017
South Africa,Export,73657837,10,2017
South Africa,Import,22075505,10,2017
South Africa,Export,53623662,11,2017
South Africa,Import,11871029,11,2017
South Africa,Export,47466513,12,2017
South Africa,Import,21852402,12,2017
Spain,Export,179077448,1,2017
Spain,Import,41044389,1,2017
Spain,Export,151847405,2,2017
Spain,Import,38994840,2,2017
Spain,Export,196808010,3,2017
Spain,Import,40849554,3,2017
Spain,Export,195959250,4,2017
Spain,Import,37889968,4,2017
Spain,Export,226916708,5,2017
Spain,Import,45862389,5,2017
Spain,Export,261472388,6,2017
Spain,Import,48280885,6,2017
Spain,Export,211271316,7,2017
Spain,Import,41006110,7,2017
Spain,Export,268499243,8,2017
Spain,Import,36313905,8,2017
Spain,Export,207338000,9,2017
Spain,Import,36460392,9,2017
Spain,Export,225795531,10,2017
Spain,Import,40966223,10,2017
Spain,Export,198441652,11,2017
Spain,Import,43128172,11,2017
Spain,Export,194261149,12,2017
Spain,Import,53019439,12,2017
Sweden,Export,56402933,1,2017
Sweden,Import,19867507,1,2017
Sweden,Export,37184312,2,2017
Sweden,Import,24927976,2,2017
Sweden,Export,95791520,3,2017
Sweden,Import,34643800,3,2017
Sweden,Export,113025947,4,2017
Sweden,Import,51525102,4,2017
Sweden,Export,112378700,5,2017
Sweden,Import,28861769,5,2017
Sweden,Export,95824126,6,2017
Sweden,Import,24895996,6,2017
Sweden,Export,68252117,7,2017
Sweden,Import,22175766,7,2017
Sweden,Export,84428434,8,2017
Sweden,Import,30175335,8,2017
Sweden,Export,81184155,9,2017
Sweden,Import,30538609,9,2017
Sweden,Export,75634888,10,2017
Sweden,Import,22529839,10,2017
Sweden,Export,77571285,11,2017
Sweden,Import,30693244,11,2017
Sweden,Export,73758331,12,2017
Sweden,Import,20444857,12,2017
Switzerland,Export,11728995,1,2017
Switzerland,Import,37969779,1,2017
Switzerland,Export,15660271,2,2017
Switzerland,Import,36207055,2,2017
Switzerland,Export,18787035,3,2017
Switzerland,Import,54241458,3,2017
Switzerland,Export,21910271,4,2017
Switzerland,Import,47361605,4,2017
Switzerland,Export,15038983,5,2017
Switzerland,Import,50293625,5,2017
Switzerland,Export,17050797,6,2017
Switzerland,Import,58758692,6,2017
Switzerland,Export,14879732,7,2017
Switzerland,Import,64911940,7,2017
Switzerland,Export,12103356,8,2017
Switzerland,Import,48170223,8,2017
Switzerland,Export,55145179,9,2017
Switzerland,Import,37119208,9,2017
Switzerland,Export,31671057,10,2017
Switzerland,Import,70283214,10,2017
Switzerland,Export,12026172,11,2017
Switzerland,Import,41096086,11,2017
Switzerland,Export,15028654,12,2017
Switzerland,Import,53509842,12,2017
Taiwan,Export,176805762,1,2017
Taiwan,Import,761773426,1,2017
Taiwan,Export,173609127,2,2017
Taiwan,Import,917339067,2,2017
Taiwan,Export,199239235,3,2017
Taiwan,Import,1093559914,3,2017
Taiwan,Export,219431474,4,2017
Taiwan,Import,1004717578,4,2017
Taiwan,Export,232001528,5,2017
Taiwan,Import,1120611761,5,2017
Taiwan,Export,211056344,6,2017
Taiwan,Import,993615385,6,2017
Taiwan,Export,202786358,7,2017
Taiwan,Import,1018055361,7,2017
Taiwan,Export,260297530,8,2017
Taiwan,Import,1197696599,8,2017
Taiwan,Export,227754128,9,2017
Taiwan,Import,1108796513,9,2017
Taiwan,Export,220452778,10,2017
Taiwan,Import,1154297263,10,2017
Taiwan,Export,224687999,11,2017
Taiwan,Import,1185356764,11,2017
Taiwan,Export,226369166,12,2017
Taiwan,Import,1151150706,12,2017
Thailand,Export,312110968,1,2017
Thailand,Import,591835594,1,2017
Thailand,Export,342928778,2,2017
Thailand,Import,725639185,2,2017
Thailand,Export,382076478,3,2017
Thailand,Import,860803606,3,2017
Thailand,Export,349805840,4,2017
Thailand,Import,753117277,4,2017
Thailand,Export,399112573,5,2017
Thailand,Import,952163358,5,2017
Thailand,Export,436685082,6,2017
Thailand,Import,869958011,6,2017
Thailand,Export,421429659,7,2017
Thailand,Import,883988852,7,2017
Thailand,Export,433663293,8,2017
Thailand,Import,931155049,8,2017
Thailand,Export,447241341,9,2017
Thailand,Import,931287591,9,2017
Thailand,Export,399709554,10,2017
Thailand,Import,978214771,10,2017
Thailand,Export,435332191,11,2017
Thailand,Import,956211162,11,2017
Thailand,Export,425973985,12,2017
Thailand,Import,1060778433,12,2017
Turkey,Export,75297569,1,2017
Turkey,Import,17875182,1,2017
Turkey,Export,92999692,2,2017
Turkey,Import,18569235,2,2017
Turkey,Export,126407994,3,2017
Turkey,Import,19297056,3,2017
Turkey,Export,136303728,4,2017
Turkey,Import,16030032,4,2017
Turkey,Export,203892724,5,2017
Turkey,Import,17891313,5,2017
Turkey,Export,207149768,6,2017
Turkey,Import,17258281,6,2017
Turkey,Export,134595885,7,2017
Turkey,Import,19813862,7,2017
Turkey,Export,207011526,8,2017
Turkey,Import,16531008,8,2017
Turkey,Export,184372245,9,2017
Turkey,Import,17614562,9,2017
Turkey,Export,189195142,10,2017
Turkey,Import,20250611,10,2017
Turkey,Export,172593475,11,2017
Turkey,Import,22969502,11,2017
Turkey,Export,170642749,12,2017
Turkey,Import,19624024,12,2017
Ucraina,Export,15194998,1,2017
Ucraina,Import,12913462,1,2017
Ucraina,Export,14189413,2,2017
Ucraina,Import,4345756,2,2017
Ucraina,Export,17859547,3,2017
Ucraina,Import,6584909,3,2017
Ucraina,Export,19883706,4,2017
Ucraina,Import,20557296,4,2017
Ucraina,Export,12525168,5,2017
Ucraina,Import,7378917,5,2017
Ucraina,Export,20481157,6,2017
Ucraina,Import,4377925,6,2017
Ucraina,Export,21839137,7,2017
Ucraina,Import,6507774,7,2017
Ucraina,Export,25043089,8,2017
Ucraina,Import,5673040,8,2017
Ucraina,Export,25897119,9,2017
Ucraina,Import,5156356,9,2017
Ucraina,Export,25727377,10,2017
Ucraina,Import,25097856,10,2017
Ucraina,Export,29349837,11,2017
Ucraina,Import,4717956,11,2017
Ucraina,Export,18220049,12,2017
Ucraina,Import,5945599,12,2017
United Arab Emirates,Export,306276969,1,2017
United Arab Emirates,Import,47076509,1,2017
United Arab Emirates,Export,391944725,2,2017
United Arab Emirates,Import,59406547,2,2017
United Arab Emirates,Export,459917711,3,2017
United Arab Emirates,Import,35036034,3,2017
United Arab Emirates,Export,463459573,4,2017
United Arab Emirates,Import,51010084,4,2017
United Arab Emirates,Export,446682300,5,2017
United Arab Emirates,Import,27732372,5,2017
United Arab Emirates,Export,422896471,6,2017
United Arab Emirates,Import,60677997,6,2017
United Arab Emirates,Export,424214056,7,2017
United Arab Emirates,Import,48866058,7,2017
United Arab Emirates,Export,450882571,8,2017
United Arab Emirates,Import,33040168,8,2017
United Arab Emirates,Export,522694513,9,2017
United Arab Emirates,Import,50260173,9,2017
United Arab Emirates,Export,474881902,10,2017
United Arab Emirates,Import,32842847,10,2017
United Arab Emirates,Export,381384598,11,2017
United Arab Emirates,Import,81898641,11,2017
United Arab Emirates,Export,285007295,12,2017
United Arab Emirates,Import,33723060,12,2017
United Kingdom,Export,340034255,1,2017
United Kingdom,Import,45748318,1,2017
United Kingdom,Export,256361610,2,2017
United Kingdom,Import,53621876,2,2017
United Kingdom,Export,419500897,3,2017
United Kingdom,Import,58493887,3,2017
United Kingdom,Export,421126991,4,2017
United Kingdom,Import,54314026,4,2017
United Kingdom,Export,506508682,5,2017
United Kingdom,Import,61611653,5,2017
United Kingdom,Export,455810947,6,2017
United Kingdom,Import,67707874,6,2017
United Kingdom,Export,448811636,7,2017
United Kingdom,Import,53230525,7,2017
United Kingdom,Export,527920522,8,2017
United Kingdom,Import,67456566,8,2017
United Kingdom,Export,505182997,9,2017
United Kingdom,Import,56874484,9,2017
United Kingdom,Export,507222805,10,2017
United Kingdom,Import,63593625,10,2017
United Kingdom,Export,583744986,11,2017
United Kingdom,Import,80281650,11,2017
United Kingdom,Export,451288315,12,2017
United Kingdom,Import,70332976,12,2017
United States,Export,3021103587,1,2017
United States,Import,678937572,1,2017
United States,Export,2309712730,2,2017
United States,Import,725322766,2,2017
United States,Export,3324328710,3,2017
United States,Import,786980117,3,2017
United States,Export,3789830139,4,2017
United States,Import,829273240,4,2017
United States,Export,3569191614,5,2017
United States,Import,923968143,5,2017
United States,Export,3680973023,6,2017
United States,Import,777460288,6,2017
United States,Export,3747897473,7,2017
United States,Import,699621154,7,2017
United States,Export,3939575423,8,2017
United States,Import,730569447,8,2017
United States,Export,3607485133,9,2017
United States,Import,697821565,9,2017
United States,Export,3544638172,10,2017
United States,Import,733931818,10,2017
United States,Export,3510889228,11,2017
United States,Import,766039979,11,2017
United States,Export,3561921079,12,2017
United States,Import,853451905,12,2017
Argentina,Export,54261420,1,2018
Argentina,Import,250919000,1,2018
Argentina,Export,30323090,2,2018
Argentina,Import,180753510,2,2018
Argentina,Export,42919260,3,2018
Argentina,Import,195632940,3,2018
Argentina,Export,31276890,4,2018
Argentina,Import,327225760,4,2018
Argentina,Export,43804570,5,2018
Argentina,Import,225517330,5,2018
Argentina,Export,41717530,6,2018
Argentina,Import,85621780,6,2018
Argentina,Export,31408820,7,2018
Argentina,Import,79321100,7,2018
Argentina,Export,34188650,8,2018
Argentina,Import,112724130,8,2018
Argentina,Export,21702980,9,2018
Argentina,Import,292836330,9,2018
Argentina,Export,19471660,10,2018
Argentina,Import,258728930,10,2018
Argentina,Export,25787860,11,2018
Argentina,Import,246082190,11,2018
Argentina,Export,24311930,12,2018
Argentina,Import,205595860,12,2018
Australia,Export,304776570,1,2018
Australia,Import,290424580,1,2018
Australia,Export,285185470,2,2018
Australia,Import,152563800,2,2018
Australia,Export,365455090,3,2018
Australia,Import,302481840,3,2018
Australia,Export,333428200,4,2018
Australia,Import,223777560,4,2018
Australia,Export,357237850,5,2018
Australia,Import,383506440,5,2018
Australia,Export,335982860,6,2018
Australia,Import,290708370,6,2018
Australia,Export,302565840,7,2018
Australia,Import,341025760,7,2018
Australia,Export,403039280,8,2018
Australia,Import,371200210,8,2018
Australia,Export,301313040,9,2018
Australia,Import,375055720,9,2018
Australia,Export,318678030,10,2018
Australia,Import,341386850,10,2018
Australia,Export,332527320,11,2018
Australia,Import,282568700,11,2018
Australia,Export,324900040,12,2018
Australia,Import,392517750,12,2018
Austria,Export,444370600,1,2018
Austria,Import,18526200,1,2018
Austria,Export,367364480,2,2018
Austria,Import,15322280,2,2018
Austria,Export,522272610,3,2018
Austria,Import,21010590,3,2018
Austria,Export,373525350,4,2018
Austria,Import,23787060,4,2018
Austria,Export,316087450,5,2018
Austria,Import,33723180,5,2018
Austria,Export,261743950,6,2018
Austria,Import,27451470,6,2018
Austria,Export,302057590,7,2018
Austria,Import,27241000,7,2018
Austria,Export,266093690,8,2018
Austria,Import,29973340,8,2018
Austria,Export,308626710,9,2018
Austria,Import,19867910,9,2018
Austria,Export,329840180,10,2018
Austria,Import,18952650,10,2018
Austria,Export,399490770,11,2018
Austria,Import,22525670,11,2018
Austria,Export,177817030,12,2018
Austria,Import,27744960,12,2018
Belarus,Export,0,1,2018
Belarus,Import,16951520,1,2018
Belarus,Export,0,2,2018
Belarus,Import,9917000,2,2018
Belarus,Export,0,3,2018
Belarus,Import,1739000,3,2018
Belarus,Export,0,4,2018
Belarus,Import,4356110,4,2018
Belarus,Export,0,5,2018
Belarus,Import,7860000,5,2018
Belarus,Export,0,6,2018
Belarus,Import,14766500,6,2018
Belarus,Export,0,7,2018
Belarus,Import,1627910,7,2018
Belarus,Export,0,8,2018
Belarus,Import,3482870,8,2018
Belarus,Export,0,9,2018
Belarus,Import,1744230,9,2018
Belarus,Export,0,10,2018
Belarus,Import,4773230,10,2018
Belarus,Export,0,11,2018
Belarus,Import,2046570,11,2018
Belarus,Export,0,12,2018
Belarus,Import,12216270,12,2018
Belgium,Export,206964550,1,2018
Belgium,Import,33860440,1,2018
Belgium,Export,146055670,2,2018
Belgium,Import,29066510,2,2018
Belgium,Export,172065350,3,2018
Belgium,Import,47310950,3,2018
Belgium,Export,216485450,4,2018
Belgium,Import,30364390,4,2018
Belgium,Export,216764570,5,2018
Belgium,Import,43113290,5,2018
Belgium,Export,237659790,6,2018
Belgium,Import,37016230,6,2018
Belgium,Export,216984990,7,2018
Belgium,Import,41995660,7,2018
Belgium,Export,204604110,8,2018
Belgium,Import,35186830,8,2018
Belgium,Export,146355320,9,2018
Belgium,Import,43284140,9,2018
Belgium,Export,195972030,10,2018
Belgium,Import,34776300,10,2018
Belgium,Export,225112500,11,2018
Belgium,Import,53399780,11,2018
Belgium,Export,224116550,12,2018
Belgium,Import,41473480,12,2018
Brazil,Export,191897080,1,2018
Brazil,Import,253379330,1,2018
Brazil,Export,144929860,2,2018
Brazil,Import,131719780,2,2018
Brazil,Export,172025680,3,2018
Brazil,Import,162093840,3,2018
Brazil,Export,169494590,4,2018
Brazil,Import,168695410,4,2018
Brazil,Export,212554190,5,2018
Brazil,Import,215121160,5,2018
Brazil,Export,146358500,6,2018
Brazil,Import,171158010,6,2018
Brazil,Export,150116150,7,2018
Brazil,Import,100948290,7,2018
Brazil,Export,193463200,8,2018
Brazil,Import,127838170,8,2018
Brazil,Export,145190350,9,2018
Brazil,Import,245609790,9,2018
Brazil,Export,182953950,10,2018
Brazil,Import,218305190,10,2018
Brazil,Export,190314230,11,2018
Brazil,Import,240184210,11,2018
Brazil,Export,158512660,12,2018
Brazil,Import,354168930,12,2018
Brunei,Export,760160,1,2018
Brunei,Import,2718360,1,2018
Brunei,Export,231750,2,2018
Brunei,Import,2648450,2,2018
Brunei,Export,804800,3,2018
Brunei,Import,2263160,3,2018
Brunei,Export,1031770,4,2018
Brunei,Import,3375610,4,2018
Brunei,Export,1741930,5,2018
Brunei,Import,2275290,5,2018
Brunei,Export,576460,6,2018
Brunei,Import,2439480,6,2018
Brunei,Export,1204330,7,2018
Brunei,Import,2459090,7,2018
Brunei,Export,1122620,8,2018
Brunei,Import,1893920,8,2018
Brunei,Export,1336220,9,2018
Brunei,Import,6934970,9,2018
Brunei,Export,3089560,10,2018
Brunei,Import,0,10,2018
Brunei,Export,3261240,11,2018
Brunei,Import,6668250,11,2018
Brunei,Export,3303120,12,2018
Brunei,Import,2992290,12,2018
Bungary,Export,3310520,1,2018
Bungary,Import,3246090,1,2018
Bungary,Export,1101470,2,2018
Bungary,Import,4295520,2,2018
Bungary,Export,2777300,3,2018
Bungary,Import,4229000,3,2018
Bungary,Export,2155500,4,2018
Bungary,Import,4352150,4,2018
Bungary,Export,3078860,5,2018
Bungary,Import,3582940,5,2018
Bungary,Export,2518970,6,2018
Bungary,Import,3904390,6,2018
Bungary,Export,2923820,7,2018
Bungary,Import,6097000,7,2018
Bungary,Export,3729990,8,2018
Bungary,Import,4070890,8,2018
Bungary,Export,3456670,9,2018
Bungary,Import,7468600,9,2018
Bungary,Export,2688960,10,2018
Bungary,Import,3655120,10,2018
Bungary,Export,3863320,11,2018
Bungary,Import,3371620,11,2018
Bungary,Export,4454590,12,2018
Bungary,Import,4258380,12,2018
Cambodia,Export,310725040,1,2018
Cambodia,Import,116349900,1,2018
Cambodia,Export,202047720,2,2018
Cambodia,Import,73311570,2,2018
Cambodia,Export,324826170,3,2018
Cambodia,Import,146120620,3,2018
Cambodia,Export,248038230,4,2018
Cambodia,Import,100938200,4,2018
Cambodia,Export,355563060,5,2018
Cambodia,Import,66353940,5,2018
Cambodia,Export,306689240,6,2018
Cambodia,Import,53172760,6,2018
Cambodia,Export,319039770,7,2018
Cambodia,Import,42252450,7,2018
Cambodia,Export,355308840,8,2018
Cambodia,Import,63002450,8,2018
Cambodia,Export,311414850,9,2018
Cambodia,Import,74805290,9,2018
Cambodia,Export,330007810,10,2018
Cambodia,Import,77381720,10,2018
Cambodia,Export,329126140,11,2018
Cambodia,Import,89840120,11,2018
Cambodia,Export,348335560,12,2018
Cambodia,Import,59552030,12,2018
Cameroon,Export,0,1,2018
Cameroon,Import,11061730,1,2018
Cameroon,Export,0,2,2018
Cameroon,Import,17386340,2,2018
Cameroon,Export,0,3,2018
Cameroon,Import,14980100,3,2018
Cameroon,Export,0,4,2018
Cameroon,Import,12844310,4,2018
Cameroon,Export,0,5,2018
Cameroon,Import,13324830,5,2018
Cameroon,Export,0,6,2018
Cameroon,Import,15121830,6,2018
Cameroon,Export,0,7,2018
Cameroon,Import,21350750,7,2018
Cameroon,Export,0,8,2018
Cameroon,Import,17212930,8,2018
Cameroon,Export,0,9,2018
Cameroon,Import,14632910,9,2018
Cameroon,Export,0,10,2018
Cameroon,Import,20963970,10,2018
Cameroon,Export,0,11,2018
Cameroon,Import,18597480,11,2018
Cameroon,Export,0,12,2018
Cameroon,Import,15452980,12,2018
Canada,Export,236917110,1,2018
Canada,Import,58615840,1,2018
Canada,Export,134407990,2,2018
Canada,Import,87086310,2,2018
Canada,Export,234641690,3,2018
Canada,Import,65122110,3,2018
Canada,Export,213811780,4,2018
Canada,Import,92006460,4,2018
Canada,Export,269356900,5,2018
Canada,Import,61584500,5,2018
Canada,Export,289144590,6,2018
Canada,Import,83445740,6,2018
Canada,Export,283704720,7,2018
Canada,Import,99445710,7,2018
Canada,Export,314226950,8,2018
Canada,Import,42447650,8,2018
Canada,Export,244096120,9,2018
Canada,Import,86482630,9,2018
Canada,Export,261676820,10,2018
Canada,Import,64401080,10,2018
Canada,Export,262110870,11,2018
Canada,Import,50405710,11,2018
Canada,Export,270290140,12,2018
Canada,Import,67863480,12,2018
Chile,Export,74907790,1,2018
Chile,Import,31195780,1,2018
Chile,Export,53958740,2,2018
Chile,Import,22206820,2,2018
Chile,Export,76616160,3,2018
Chile,Import,24404620,3,2018
Chile,Export,82217360,4,2018
Chile,Import,26455200,4,2018
Chile,Export,79878220,5,2018
Chile,Import,29616560,5,2018
Chile,Export,75090460,6,2018
Chile,Import,24778820,6,2018
Chile,Export,63295770,7,2018
Chile,Import,26241250,7,2018
Chile,Export,59483330,8,2018
Chile,Import,25020310,8,2018
Chile,Export,45957670,9,2018
Chile,Import,20761200,9,2018
Chile,Export,77231100,10,2018
Chile,Import,28577410,10,2018
Chile,Export,52198050,11,2018
Chile,Import,23034500,11,2018
Chile,Export,40875840,12,2018
Chile,Import,24317110,12,2018
"China, PR",Export,3707891190,1,2018
"China, PR",Import,5767103360,1,2018
"China, PR",Export,1966093440,2,2018
"China, PR",Import,3394769400,2,2018
"China, PR",Export,2578176120,3,2018
"China, PR",Import,4512865240,3,2018
"China, PR",Export,2726549110,4,2018
"China, PR",Import,5000052820,4,2018
"China, PR",Export,2824512780,5,2018
"China, PR",Import,6287130140,5,2018
"China, PR",Export,2819429530,6,2018
"China, PR",Import,5230295340,6,2018
"China, PR",Export,3335256790,7,2018
"China, PR",Import,5538122210,7,2018
"China, PR",Export,4441703980,8,2018
"China, PR",Import,5903454720,8,2018
"China, PR",Export,4408262710,9,2018
"China, PR",Import,5625494720,9,2018
"China, PR",Export,4668695990,10,2018
"China, PR",Import,6134872030,10,2018
"China, PR",Export,4186829960,11,2018
"China, PR",Import,6198921210,11,2018
"China, PR",Export,3604983450,12,2018
"China, PR",Import,5844544190,12,2018
Croatia,Export,7750100,1,2018
Croatia,Import,2812970,1,2018
Croatia,Export,4762150,2,2018
Croatia,Import,2540180,2,2018
Croatia,Export,8269879,3,2018
Croatia,Import,3254000,3,2018
Croatia,Export,6345010,4,2018
Croatia,Import,2997910,4,2018
Croatia,Export,6477460,5,2018
Croatia,Import,3978810,5,2018
Croatia,Export,6250230,6,2018
Croatia,Import,2685380,6,2018
Croatia,Export,4506270,7,2018
Croatia,Import,3855410,7,2018
Croatia,Export,5737110,8,2018
Croatia,Import,3933870,8,2018
Croatia,Export,4306890,9,2018
Croatia,Import,2276060,9,2018
Croatia,Export,5190970,10,2018
Croatia,Import,3461580,10,2018
Croatia,Export,8780320,11,2018
Croatia,Import,4249640,11,2018
Croatia,Export,8829440,12,2018
Croatia,Import,2491280,12,2018
Cyprus,Export,2754230,1,2018
Cyprus,Import,4652020,1,2018
Cyprus,Export,3325930,2,2018
Cyprus,Import,2537660,2,2018
Cyprus,Export,5198020,3,2018
Cyprus,Import,4281170,3,2018
Cyprus,Export,3239880,4,2018
Cyprus,Import,2950210,4,2018
Cyprus,Export,3114280,5,2018
Cyprus,Import,4983870,5,2018
Cyprus,Export,2943350,6,2018
Cyprus,Import,3650440,6,2018
Cyprus,Export,4390300,7,2018
Cyprus,Import,3389960,7,2018
Cyprus,Export,4054820,8,2018
Cyprus,Import,2143580,8,2018
Cyprus,Export,2575370,9,2018
Cyprus,Import,5179960,9,2018
Cyprus,Export,3422860,10,2018
Cyprus,Import,4755940,10,2018
Cyprus,Export,2933590,11,2018
Cyprus,Import,3774480,11,2018
Cyprus,Export,3328310,12,2018
Cyprus,Import,7046520,12,2018
Czech Republic,Export,16953390,1,2018
Czech Republic,Import,14693800,1,2018
Czech Republic,Export,11206830,2,2018
Czech Republic,Import,6684250,2,2018
Czech Republic,Export,8711080,3,2018
Czech Republic,Import,15772490,3,2018
Czech Republic,Export,8409540,4,2018
Czech Republic,Import,7325420,4,2018
Czech Republic,Export,16802850,5,2018
Czech Republic,Import,10942440,5,2018
Czech Republic,Export,14408390,6,2018
Czech Republic,Import,11984980,6,2018
Czech Republic,Export,12037160,7,2018
Czech Republic,Import,12122680,7,2018
Czech Republic,Export,14058090,8,2018
Czech Republic,Import,12089080,8,2018
Czech Republic,Export,8354770,9,2018
Czech Republic,Import,7486020,9,2018
Czech Republic,Export,10001510,10,2018
Czech Republic,Import,10110980,10,2018
Czech Republic,Export,17948040,11,2018
Czech Republic,Import,17989290,11,2018
Czech Republic,Export,17586200,12,2018
Czech Republic,Import,14338260,12,2018
Côte d'lvoire,Export,1653670,1,2018
Côte d'lvoire,Import,15494220,1,2018
Côte d'lvoire,Export,5673170,2,2018
Côte d'lvoire,Import,14626360,2,2018
Côte d'lvoire,Export,30322810,3,2018
Côte d'lvoire,Import,10215460,3,2018
Côte d'lvoire,Export,6171390,4,2018
Côte d'lvoire,Import,10388750,4,2018
Côte d'lvoire,Export,18071670,5,2018
Côte d'lvoire,Import,123075420,5,2018
Côte d'lvoire,Export,14505900,6,2018
Côte d'lvoire,Import,129998170,6,2018
Côte d'lvoire,Export,24534150,7,2018
Côte d'lvoire,Import,199706670,7,2018
Côte d'lvoire,Export,8708100,8,2018
Côte d'lvoire,Import,136770590,8,2018
Côte d'lvoire,Export,5274480,9,2018
Côte d'lvoire,Import,42046870,9,2018
Côte d'lvoire,Export,28210840,10,2018
Côte d'lvoire,Import,43720880,10,2018
Côte d'lvoire,Export,10315850,11,2018
Côte d'lvoire,Import,49607090,11,2018
Côte d'lvoire,Export,29004920,12,2018
Côte d'lvoire,Import,21903880,12,2018
Denmark,Export,34523020,1,2018
Denmark,Import,18620120,1,2018
Denmark,Export,19361300,2,2018
Denmark,Import,15753610,2,2018
Denmark,Export,31948040,3,2018
Denmark,Import,34008410,3,2018
Denmark,Export,27861960,4,2018
Denmark,Import,32283940,4,2018
Denmark,Export,26806590,5,2018
Denmark,Import,39682450,5,2018
Denmark,Export,34056660,6,2018
Denmark,Import,29891460,6,2018
Denmark,Export,33249239,7,2018
Denmark,Import,33524000,7,2018
Denmark,Export,34994130,8,2018
Denmark,Import,28892540,8,2018
Denmark,Export,23805360,9,2018
Denmark,Import,15380150,9,2018
Denmark,Export,33418500,10,2018
Denmark,Import,25321470,10,2018
Denmark,Export,32737480,11,2018
Denmark,Import,24683090,11,2018
Denmark,Export,40863710,12,2018
Denmark,Import,25740640,12,2018
Estonia,Export,3929090,1,2018
Estonia,Import,315070,1,2018
Estonia,Export,2609730,2,2018
Estonia,Import,482800,2,2018
Estonia,Export,5133760,3,2018
Estonia,Import,516340,3,2018
Estonia,Export,2334150,4,2018
Estonia,Import,735030,4,2018
Estonia,Export,3716170,5,2018
Estonia,Import,757630,5,2018
Estonia,Export,2852250,6,2018
Estonia,Import,670230,6,2018
Estonia,Export,3129910,7,2018
Estonia,Import,405830,7,2018
Estonia,Export,5094140,8,2018
Estonia,Import,509160,8,2018
Estonia,Export,2334340,9,2018
Estonia,Import,3034800,9,2018
Estonia,Export,3237830,10,2018
Estonia,Import,1119310,10,2018
Estonia,Export,4222680,11,2018
Estonia,Import,637790,11,2018
Estonia,Export,3315630,12,2018
Estonia,Import,7270,12,2018
FR. Germany,Export,578365860,1,2018
FR. Germany,Import,293873090,1,2018
FR. Germany,Export,457601650,2,2018
FR. Germany,Import,193409820,2,2018
FR. Germany,Export,622794910,3,2018
FR. Germany,Import,337909490,3,2018
FR. Germany,Export,587945890,4,2018
FR. Germany,Import,249946400,4,2018
FR. Germany,Export,606196740,5,2018
FR. Germany,Import,319679110,5,2018
FR. Germany,Export,640603570,6,2018
FR. Germany,Import,286695340,6,2018
FR. Germany,Export,513546250,7,2018
FR. Germany,Import,371198880,7,2018
FR. Germany,Export,542368320,8,2018
FR. Germany,Import,374877250,8,2018
FR. Germany,Export,599382420,9,2018
FR. Germany,Import,310228230,9,2018
FR. Germany,Export,577980120,10,2018
FR. Germany,Import,388165620,10,2018
FR. Germany,Export,619916270,11,2018
FR. Germany,Import,347563460,11,2018
FR. Germany,Export,522550880,12,2018
FR. Germany,Import,347674330,12,2018
Finland,Export,8492160,1,2018
Finland,Import,18860890,1,2018
Finland,Export,22057760,2,2018
Finland,Import,16113110,2,2018
Finland,Export,11316990,3,2018
Finland,Import,11230710,3,2018
Finland,Export,24954990,4,2018
Finland,Import,15974360,4,2018
Finland,Export,25860420,5,2018
Finland,Import,40743840,5,2018
Finland,Export,8841600,6,2018
Finland,Import,28110270,6,2018
Finland,Export,11918290,7,2018
Finland,Import,20243110,7,2018
Finland,Export,9187760,8,2018
Finland,Import,19427180,8,2018
Finland,Export,9142840,9,2018
Finland,Import,19461140,9,2018
Finland,Export,10689470,10,2018
Finland,Import,12952730,10,2018
Finland,Export,11981150,11,2018
Finland,Import,15230470,11,2018
Finland,Export,10277200,12,2018
Finland,Import,17810420,12,2018
France,Export,297932370,1,2018
France,Import,119927910,1,2018
France,Export,211578610,2,2018
France,Import,63453550,2,2018
France,Export,324680500,3,2018
France,Import,106316990,3,2018
France,Export,273561160,4,2018
France,Import,94283100,4,2018
France,Export,321897890,5,2018
France,Import,117348000,5,2018
France,Export,328948190,6,2018
France,Import,103306590,6,2018
France,Export,327795960,7,2018
France,Import,110012620,7,2018
France,Export,365674750,8,2018
France,Import,123211200,8,2018
France,Export,341409380,9,2018
France,Import,109889120,9,2018
France,Export,306354630,10,2018
France,Import,136393000,10,2018
France,Export,418089850,11,2018
France,Import,124642600,11,2018
France,Export,244013450,12,2018
France,Import,131125519,12,2018
Greece,Export,18148760,1,2018
Greece,Import,11774270,1,2018
Greece,Export,15718930,2,2018
Greece,Import,4438280,2,2018
Greece,Export,22890780,3,2018
Greece,Import,3333310,3,2018
Greece,Export,20222100,4,2018
Greece,Import,5334850,4,2018
Greece,Export,21031370,5,2018
Greece,Import,3906460,5,2018
Greece,Export,28003890,6,2018
Greece,Import,4182229,6,2018
Greece,Export,22068720,7,2018
Greece,Import,4673620,7,2018
Greece,Export,20007250,8,2018
Greece,Import,4113680,8,2018
Greece,Export,17619940,9,2018
Greece,Import,5373200,9,2018
Greece,Export,22753660,10,2018
Greece,Import,6197410,10,2018
Greece,Export,19919600,11,2018
Greece,Import,7049040,11,2018
Greece,Export,23407880,12,2018
Greece,Import,8634070,12,2018
Hong Kong SAR (China),Export,628441990,1,2018
Hong Kong SAR (China),Import,132934940,1,2018
Hong Kong SAR (China),Export,614370630,2,2018
Hong Kong SAR (China),Import,93501840,2,2018
Hong Kong SAR (China),Export,872359260,3,2018
Hong Kong SAR (China),Import,134553840,3,2018
Hong Kong SAR (China),Export,474400840,4,2018
Hong Kong SAR (China),Import,126352220,4,2018
Hong Kong SAR (China),Export,613626080,5,2018
Hong Kong SAR (China),Import,185108980,5,2018
Hong Kong SAR (China),Export,605414720,6,2018
Hong Kong SAR (China),Import,108541780,6,2018
Hong Kong SAR (China),Export,592615090,7,2018
Hong Kong SAR (China),Import,135285330,7,2018
Hong Kong SAR (China),Export,856302520,8,2018
Hong Kong SAR (China),Import,156046040,8,2018
Hong Kong SAR (China),Export,673038920,9,2018
Hong Kong SAR (China),Import,127494860,9,2018
Hong Kong SAR (China),Export,739637630,10,2018
Hong Kong SAR (China),Import,112017460,10,2018
Hong Kong SAR (China),Export,696200680,11,2018
Hong Kong SAR (China),Import,119482180,11,2018
Hong Kong SAR (China),Export,588941110,12,2018
Hong Kong SAR (China),Import,108004750,12,2018
Hungary,Export,23999340,1,2018
Hungary,Import,19288290,1,2018
Hungary,Export,21291650,2,2018
Hungary,Import,10401700,2,2018
Hungary,Export,27682440,3,2018
Hungary,Import,12436310,3,2018
Hungary,Export,37690250,4,2018
Hungary,Import,10189260,4,2018
Hungary,Export,32469670,5,2018
Hungary,Import,13936280,5,2018
Hungary,Export,43957680,6,2018
Hungary,Import,16661960,6,2018
Hungary,Export,53368950,7,2018
Hungary,Import,24613140,7,2018
Hungary,Export,42520700,8,2018
Hungary,Import,25039780,8,2018
Hungary,Export,30085620,9,2018
Hungary,Import,22957960,9,2018
Hungary,Export,27898180,10,2018
Hungary,Import,23980510,10,2018
Hungary,Export,27944300,11,2018
Hungary,Import,26078420,11,2018
Hungary,Export,32295110,12,2018
Hungary,Import,38604100,12,2018
India,Export,450765530,1,2018
India,Import,413206210,1,2018
India,Export,480130520,2,2018
India,Import,252626680,2,2018
India,Export,637105830,3,2018
India,Import,369568350,3,2018
India,Export,575767560,4,2018
India,Import,311274350,4,2018
India,Export,605349170,5,2018
India,Import,364989690,5,2018
India,Export,609642660,6,2018
India,Import,366175230,6,2018
India,Export,565195740,7,2018
India,Import,362816240,7,2018
India,Export,637365980,8,2018
India,Import,381208450,8,2018
India,Export,615962360,9,2018
India,Import,287146300,9,2018
India,Export,529109920,10,2018
India,Import,368764300,10,2018
India,Export,430594750,11,2018
India,Import,327395890,11,2018
India,Export,405360580,12,2018
India,Import,342070360,12,2018
Indonesia,Export,319737230,1,2018
Indonesia,Import,352000030,1,2018
Indonesia,Export,273389580,2,2018
Indonesia,Import,244183030,2,2018
Indonesia,Export,375366870,3,2018
Indonesia,Import,371187250,3,2018
Indonesia,Export,329645900,4,2018
Indonesia,Import,351530320,4,2018
Indonesia,Export,322888110,5,2018
Indonesia,Import,402596930,5,2018
Indonesia,Export,250603270,6,2018
Indonesia,Import,356549880,6,2018
Indonesia,Export,292731810,7,2018
Indonesia,Import,414902540,7,2018
Indonesia,Export,274669610,8,2018
Indonesia,Import,419296980,8,2018
Indonesia,Export,226502010,9,2018
Indonesia,Import,466754530,9,2018
Indonesia,Export,285858170,10,2018
Indonesia,Import,515969580,10,2018
Indonesia,Export,294522780,11,2018
Indonesia,Import,515358590,11,2018
Indonesia,Export,288967040,12,2018
Indonesia,Import,507774110,12,2018
Ireland,Export,30869560,1,2018
Ireland,Import,153506390,1,2018
Ireland,Export,7486840,2,2018
Ireland,Import,124185320,2,2018
Ireland,Export,10572890,3,2018
Ireland,Import,124488530,3,2018
Ireland,Export,9753140,4,2018
Ireland,Import,124337740,4,2018
Ireland,Export,10965910,5,2018
Ireland,Import,162150030,5,2018
Ireland,Export,10752170,6,2018
Ireland,Import,127862250,6,2018
Ireland,Export,9574590,7,2018
Ireland,Import,141348720,7,2018
Ireland,Export,13564090,8,2018
Ireland,Import,151181250,8,2018
Ireland,Export,9276070,9,2018
Ireland,Import,168962360,9,2018
Ireland,Export,9901070,10,2018
Ireland,Import,188857270,10,2018
Ireland,Export,13908130,11,2018
Ireland,Import,167212730,11,2018
Ireland,Export,10607600,12,2018
Ireland,Import,157356170,12,2018
Israel,Export,64160140,1,2018
Israel,Import,28057870,1,2018
Israel,Export,54159680,2,2018
Israel,Import,43669100,2,2018
Israel,Export,88905020,3,2018
Israel,Import,51448720,3,2018
Israel,Export,71230780,4,2018
Israel,Import,58416120,4,2018
Israel,Export,74437660,5,2018
Israel,Import,33030600,5,2018
Israel,Export,75798340,6,2018
Israel,Import,46856220,6,2018
Israel,Export,54241750,7,2018
Israel,Import,37867580,7,2018
Israel,Export,73228620,8,2018
Israel,Import,54302370,8,2018
Israel,Export,58392210,9,2018
Israel,Import,14613070,9,2018
Israel,Export,49649990,10,2018
Israel,Import,22378790,10,2018
Israel,Export,56063700,11,2018
Israel,Import,9073220,11,2018
Israel,Export,57344220,12,2018
Israel,Import,20813300,12,2018
Italy,Export,185635060,1,2018
Italy,Import,155456310,1,2018
Italy,Export,128241560,2,2018
Italy,Import,110154310,2,2018
Italy,Export,173411280,3,2018
Italy,Import,130816620,3,2018
Italy,Export,166493040,4,2018
Italy,Import,115223200,4,2018
Italy,Export,273924390,5,2018
Italy,Import,205093650,5,2018
Italy,Export,274226180,6,2018
Italy,Import,148028810,6,2018
Italy,Export,297221040,7,2018
Italy,Import,161904810,7,2018
Italy,Export,291694140,8,2018
Italy,Import,182837780,8,2018
Italy,Export,288755770,9,2018
Italy,Import,134429110,9,2018
Italy,Export,316464270,10,2018
Italy,Import,135114530,10,2018
Italy,Export,300069070,11,2018
Italy,Import,150735080,11,2018
Italy,Export,206126700,12,2018
Italy,Import,143694960,12,2018
Japan,Export,1575459020,1,2018
Japan,Import,1499993740,1,2018
Japan,Export,1120180140,2,2018
Japan,Import,1205409370,2,2018
Japan,Export,1640901050,3,2018
Japan,Import,1634796690,3,2018
Japan,Export,1413698330,4,2018
Japan,Import,1321055810,4,2018
Japan,Export,1642343850,5,2018
Japan,Import,1662697130,5,2018
Japan,Export,1493661060,6,2018
Japan,Import,1554096530,6,2018
Japan,Export,1530919700,7,2018
Japan,Import,1632266030,7,2018
Japan,Export,1798310590,8,2018
Japan,Import,1795536110,8,2018
Japan,Export,1512914060,9,2018
Japan,Import,1564542310,9,2018
Japan,Export,1750656830,10,2018
Japan,Import,1815974160,10,2018
Japan,Export,1819650520,11,2018
Japan,Import,1765736700,11,2018
Japan,Export,1551917640,12,2018
Japan,Import,1558783260,12,2018
Kazakhstan,Export,0,1,2018
Kazakhstan,Import,10573130,1,2018
Kazakhstan,Export,0,2,2018
Kazakhstan,Import,969290,2,2018
Kazakhstan,Export,0,3,2018
Kazakhstan,Import,12500640,3,2018
Kazakhstan,Export,0,4,2018
Kazakhstan,Import,578090,4,2018
Kazakhstan,Export,0,5,2018
Kazakhstan,Import,1853750,5,2018
Kazakhstan,Export,0,6,2018
Kazakhstan,Import,1306410,6,2018
Kazakhstan,Export,0,7,2018
Kazakhstan,Import,1990410,7,2018
Kazakhstan,Export,0,8,2018
Kazakhstan,Import,5161840,8,2018
Kazakhstan,Export,0,9,2018
Kazakhstan,Import,13945600,9,2018
Kazakhstan,Export,0,10,2018
Kazakhstan,Import,3969680,10,2018
Kazakhstan,Export,0,11,2018
Kazakhstan,Import,5170900,11,2018
Kazakhstan,Export,0,12,2018
Kazakhstan,Import,468870,12,2018
Korea,Export,1563183800,1,2018
Korea,Import,4275701679,1,2018
Korea,Export,1226464970,2,2018
Korea,Import,3233802310,2,2018
Korea,Export,1563070640,3,2018
Korea,Import,4097975400,3,2018
Korea,Export,1401184890,4,2018
Korea,Import,3289409610,4,2018
Korea,Export,1443901750,5,2018
Korea,Import,3872628970,5,2018
Korea,Export,1521953430,6,2018
Korea,Import,3857718980,6,2018
Korea,Export,1501171530,7,2018
Korea,Import,3958018920,7,2018
Korea,Export,1708059970,8,2018
Korea,Import,4468293590,8,2018
Korea,Export,1518919470,9,2018
Korea,Import,4018214900,9,2018
Korea,Export,1781693380,10,2018
Korea,Import,4144280950,10,2018
Korea,Export,1502497130,11,2018
Korea,Import,4386117940,11,2018
Korea,Export,1472441820,12,2018
Korea,Import,3894989210,12,2018
Kuwait,Export,8859780,1,2018
Kuwait,Import,11977250,1,2018
Kuwait,Export,5887000,2,2018
Kuwait,Import,6435260,2,2018
Kuwait,Export,6377990,3,2018
Kuwait,Import,7544930,3,2018
Kuwait,Export,6605720,4,2018
Kuwait,Import,130624410,4,2018
Kuwait,Export,5590510,5,2018
Kuwait,Import,318008510,5,2018
Kuwait,Export,6349070,6,2018
Kuwait,Import,149915660,6,2018
Kuwait,Export,5966550,7,2018
Kuwait,Import,307189430,7,2018
Kuwait,Export,8324350,8,2018
Kuwait,Import,440681340,8,2018
Kuwait,Export,4544730,9,2018
Kuwait,Import,161614130,9,2018
Kuwait,Export,4725200,10,2018
Kuwait,Import,479711730,10,2018
Kuwait,Export,7889660,11,2018
Kuwait,Import,319848250,11,2018
Kuwait,Export,5932160,12,2018
Kuwait,Import,270294590,12,2018
Lao PDR,Export,54477410,1,2018
Lao PDR,Import,45403410,1,2018
Lao PDR,Export,26586290,2,2018
Lao PDR,Import,25499590,2,2018
Lao PDR,Export,54495720,3,2018
Lao PDR,Import,46665740,3,2018
Lao PDR,Export,49371970,4,2018
Lao PDR,Import,39793840,4,2018
Lao PDR,Export,59706820,5,2018
Lao PDR,Import,32956290,5,2018
Lao PDR,Export,55530940,6,2018
Lao PDR,Import,31783780,6,2018
Lao PDR,Export,41039150,7,2018
Lao PDR,Import,24608810,7,2018
Lao PDR,Export,46783450,8,2018
Lao PDR,Import,21088980,8,2018
Lao PDR,Export,43961890,9,2018
Lao PDR,Import,34420660,9,2018
Lao PDR,Export,52436910,10,2018
Lao PDR,Import,43961800,10,2018
Lao PDR,Export,52369280,11,2018
Lao PDR,Import,39739170,11,2018
Lao PDR,Export,57894550,12,2018
Lao PDR,Import,51173550,12,2018
Latvia,Export,17789960,1,2018
Latvia,Import,2334120,1,2018
Latvia,Export,13022060,2,2018
Latvia,Import,127080,2,2018
Latvia,Export,16911150,3,2018
Latvia,Import,611000,3,2018
Latvia,Export,13461430,4,2018
Latvia,Import,724200,4,2018
Latvia,Export,13362050,5,2018
Latvia,Import,604990,5,2018
Latvia,Export,14862540,6,2018
Latvia,Import,314050,6,2018
Latvia,Export,15342930,7,2018
Latvia,Import,1085580,7,2018
Latvia,Export,18826880,8,2018
Latvia,Import,961380,8,2018
Latvia,Export,13639440,9,2018
Latvia,Import,564100,9,2018
Latvia,Export,13232940,10,2018
Latvia,Import,421620,10,2018
Latvia,Export,16743610,11,2018
Latvia,Import,841650,11,2018
Latvia,Export,10503830,12,2018
Latvia,Import,902040,12,2018
Litva,Export,4286090,1,2018
Litva,Import,1092340,1,2018
Litva,Export,3447220,2,2018
Litva,Import,778360,2,2018
Litva,Export,4451430,3,2018
Litva,Import,1228200,3,2018
Litva,Export,5205350,4,2018
Litva,Import,772800,4,2018
Litva,Export,4822800,5,2018
Litva,Import,901600,5,2018
Litva,Export,5650080,6,2018
Litva,Import,3235050,6,2018
Litva,Export,4792340,7,2018
Litva,Import,5156310,7,2018
Litva,Export,5978530,8,2018
Litva,Import,1301040,8,2018
Litva,Export,6346210,9,2018
Litva,Import,2922270,9,2018
Litva,Export,6516300,10,2018
Litva,Import,1701650,10,2018
Litva,Export,6934280,11,2018
Litva,Import,1802150,11,2018
Litva,Export,10568980,12,2018
Litva,Import,2985790,12,2018
Luxembourg,Export,5111260,1,2018
Luxembourg,Import,2426690,1,2018
Luxembourg,Export,2063310,2,2018
Luxembourg,Import,3723670,2,2018
Luxembourg,Export,4642590,3,2018
Luxembourg,Import,2198000,3,2018
Luxembourg,Export,3457860,4,2018
Luxembourg,Import,2225600,4,2018
Luxembourg,Export,4615780,5,2018
Luxembourg,Import,5842760,5,2018
Luxembourg,Export,4954820,6,2018
Luxembourg,Import,3819910,6,2018
Luxembourg,Export,45614960,7,2018
Luxembourg,Import,3318970,7,2018
Luxembourg,Export,5278860,8,2018
Luxembourg,Import,1655540,8,2018
Luxembourg,Export,4600750,9,2018
Luxembourg,Import,1073480,9,2018
Luxembourg,Export,5065720,10,2018
Luxembourg,Import,2255080,10,2018
Luxembourg,Export,4626350,11,2018
Luxembourg,Import,1007430,11,2018
Luxembourg,Export,3010250,12,2018
Luxembourg,Import,1779050,12,2018
Malaysia,Export,346354270,1,2018
Malaysia,Import,731260930,1,2018
Malaysia,Export,236545870,2,2018
Malaysia,Import,496718660,2,2018
Malaysia,Export,379185520,3,2018
Malaysia,Import,624360540,3,2018
Malaysia,Export,350455710,4,2018
Malaysia,Import,617953740,4,2018
Malaysia,Export,347724680,5,2018
Malaysia,Import,768325770,5,2018
Malaysia,Export,344851100,6,2018
Malaysia,Import,598858760,6,2018
Malaysia,Export,378489780,7,2018
Malaysia,Import,570846040,7,2018
Malaysia,Export,406141140,8,2018
Malaysia,Import,593936780,8,2018
Malaysia,Export,304421260,9,2018
Malaysia,Import,558307870,9,2018
Malaysia,Export,350060280,10,2018
Malaysia,Import,649721880,10,2018
Malaysia,Export,323308310,11,2018
Malaysia,Import,648976540,11,2018
Malaysia,Export,280291810,12,2018
Malaysia,Import,591068790,12,2018
Malta,Export,33313570,1,2018
Malta,Import,2495050,1,2018
Malta,Export,350330,2,2018
Malta,Import,1980390,2,2018
Malta,Export,922310,3,2018
Malta,Import,2141490,3,2018
Malta,Export,32622990,4,2018
Malta,Import,1331370,4,2018
Malta,Export,1375800,5,2018
Malta,Import,2269050,5,2018
Malta,Export,772650,6,2018
Malta,Import,1638390,6,2018
Malta,Export,526540,7,2018
Malta,Import,2606410,7,2018
Malta,Export,893880,8,2018
Malta,Import,2215500,8,2018
Malta,Export,513150,9,2018
Malta,Import,1935870,9,2018
Malta,Export,553490,10,2018
Malta,Import,2150750,10,2018
Malta,Export,1459090,11,2018
Malta,Import,1804720,11,2018
Malta,Export,1174180,12,2018
Malta,Import,1839400,12,2018
Mexico,Export,155745220,1,2018
Mexico,Import,41430140,1,2018
Mexico,Export,133612410,2,2018
Mexico,Import,34785130,2,2018
Mexico,Export,170827210,3,2018
Mexico,Import,197397770,3,2018
Mexico,Export,176411970,4,2018
Mexico,Import,31122310,4,2018
Mexico,Export,202390600,5,2018
Mexico,Import,52215490,5,2018
Mexico,Export,217893800,6,2018
Mexico,Import,31680520,6,2018
Mexico,Export,224170430,7,2018
Mexico,Import,516459050,7,2018
Mexico,Export,249523380,8,2018
Mexico,Import,43452530,8,2018
Mexico,Export,171201270,9,2018
Mexico,Import,40669830,9,2018
Mexico,Export,196799930,10,2018
Mexico,Import,45906800,10,2018
Mexico,Export,177738480,11,2018
Mexico,Import,43802680,11,2018
Mexico,Export,163559250,12,2018
Mexico,Import,39968670,12,2018
Myanmar,Export,66251429,1,2018
Myanmar,Import,8637090,1,2018
Myanmar,Export,47220790,2,2018
Myanmar,Import,9974490,2,2018
Myanmar,Export,77136170,3,2018
Myanmar,Import,11966300,3,2018
Myanmar,Export,61751700,4,2018
Myanmar,Import,13971350,4,2018
Myanmar,Export,53451620,5,2018
Myanmar,Import,16639900,5,2018
Myanmar,Export,61404310,6,2018
Myanmar,Import,10963760,6,2018
Myanmar,Export,58042180,7,2018
Myanmar,Import,14203750,7,2018
Myanmar,Export,72040870,8,2018
Myanmar,Import,11889860,8,2018
Myanmar,Export,44457060,9,2018
Myanmar,Import,12790920,9,2018
Myanmar,Export,57243700,10,2018
Myanmar,Import,13290330,10,2018
Myanmar,Export,58395840,11,2018
Myanmar,Import,19305910,11,2018
Myanmar,Export,44675020,12,2018
Myanmar,Import,14202050,12,2018
Netherlands,Export,633663590,1,2018
Netherlands,Import,59922310,1,2018
Netherlands,Export,461414490,2,2018
Netherlands,Import,41061800,2,2018
Netherlands,Export,643766900,3,2018
Netherlands,Import,64039470,3,2018
Netherlands,Export,594823270,4,2018
Netherlands,Import,69791020,4,2018
Netherlands,Export,625960560,5,2018
Netherlands,Import,60118320,5,2018
Netherlands,Export,638096840,6,2018
Netherlands,Import,64391280,6,2018
Netherlands,Export,586790090,7,2018
Netherlands,Import,62687760,7,2018
Netherlands,Export,609211710,8,2018
Netherlands,Import,57957890,8,2018
Netherlands,Export,538099300,9,2018
Netherlands,Import,56771170,9,2018
Netherlands,Export,581566940,10,2018
Netherlands,Import,92633180,10,2018
Netherlands,Export,572768500,11,2018
Netherlands,Import,59000560,11,2018
Netherlands,Export,589988820,12,2018
Netherlands,Import,74812030,12,2018
New Zealand,Export,32445800,1,2018
New Zealand,Import,49420900,1,2018
New Zealand,Export,36720460,2,2018
New Zealand,Import,26304220,2,2018
New Zealand,Export,48591400,3,2018
New Zealand,Import,50919840,3,2018
New Zealand,Export,39408500,4,2018
New Zealand,Import,46741710,4,2018
New Zealand,Export,42774290,5,2018
New Zealand,Import,65217190,5,2018
New Zealand,Export,34727180,6,2018
New Zealand,Import,39381310,6,2018
New Zealand,Export,39043610,7,2018
New Zealand,Import,39343780,7,2018
New Zealand,Export,44340800,8,2018
New Zealand,Import,57546170,8,2018
New Zealand,Export,42889050,9,2018
New Zealand,Import,23276520,9,2018
New Zealand,Export,54958720,10,2018
New Zealand,Import,47835510,10,2018
New Zealand,Export,52820720,11,2018
New Zealand,Import,42771100,11,2018
New Zealand,Export,35293710,12,2018
New Zealand,Import,42141480,12,2018
Norway,Export,13433360,1,2018
Norway,Import,30649040,1,2018
Norway,Export,7247520,2,2018
Norway,Import,13793390,2,2018
Norway,Export,11178170,3,2018
Norway,Import,27804470,3,2018
Norway,Export,7921150,4,2018
Norway,Import,19311380,4,2018
Norway,Export,10207950,5,2018
Norway,Import,27467810,5,2018
Norway,Export,8887000,6,2018
Norway,Import,24630020,6,2018
Norway,Export,9564420,7,2018
Norway,Import,25351920,7,2018
Norway,Export,8793050,8,2018
Norway,Import,25436000,8,2018
Norway,Export,7502850,9,2018
Norway,Import,17939650,9,2018
Norway,Export,7949820,10,2018
Norway,Import,24438850,10,2018
Norway,Export,9320390,11,2018
Norway,Import,24113620,11,2018
Norway,Export,13045320,12,2018
Norway,Import,27349950,12,2018
Pakistan,Export,42163170,1,2018
Pakistan,Import,9472510,1,2018
Pakistan,Export,24088370,2,2018
Pakistan,Import,11501050,2,2018
Pakistan,Export,42982820,3,2018
Pakistan,Import,13810390,3,2018
Pakistan,Export,41168660,4,2018
Pakistan,Import,18492840,4,2018
Pakistan,Export,34281730,5,2018
Pakistan,Import,19151650,5,2018
Pakistan,Export,27956400,6,2018
Pakistan,Import,13680990,6,2018
Pakistan,Export,25683700,7,2018
Pakistan,Import,12321790,7,2018
Pakistan,Export,31284170,8,2018
Pakistan,Import,14873250,8,2018
Pakistan,Export,30516110,9,2018
Pakistan,Import,13299290,9,2018
Pakistan,Export,30956250,10,2018
Pakistan,Import,15130220,10,2018
Pakistan,Export,34437200,11,2018
Pakistan,Import,15035640,11,2018
Pakistan,Export,46367530,12,2018
Pakistan,Import,15817920,12,2018
Peru,Export,22219330,1,2018
Peru,Import,913060,1,2018
Peru,Export,18212200,2,2018
Peru,Import,5003770,2,2018
Peru,Export,18240000,3,2018
Peru,Import,2950200,3,2018
Peru,Export,28325130,4,2018
Peru,Import,5491550,4,2018
Peru,Export,21364200,5,2018
Peru,Import,4973480,5,2018
Peru,Export,27473080,6,2018
Peru,Import,6137780,6,2018
Peru,Export,18349480,7,2018
Peru,Import,9086140,7,2018
Peru,Export,15165240,8,2018
Peru,Import,22356310,8,2018
Peru,Export,23602590,9,2018
Peru,Import,14233980,9,2018
Peru,Export,21764660,10,2018
Peru,Import,7940210,10,2018
Peru,Export,21932730,11,2018
Peru,Import,1408950,11,2018
Peru,Export,13542490,12,2018
Peru,Import,3099920,12,2018
Philippines,Export,311472170,1,2018
Philippines,Import,103167290,1,2018
Philippines,Export,181396630,2,2018
Philippines,Import,82777550,2,2018
Philippines,Export,254157640,3,2018
Philippines,Import,116529700,3,2018
Philippines,Export,213854210,4,2018
Philippines,Import,95917920,4,2018
Philippines,Export,299597600,5,2018
Philippines,Import,113549390,5,2018
Philippines,Export,318336490,6,2018
Philippines,Import,107345580,6,2018
Philippines,Export,312176530,7,2018
Philippines,Import,94961340,7,2018
Philippines,Export,349690920,8,2018
Philippines,Import,107676730,8,2018
Philippines,Export,252451770,9,2018
Philippines,Import,91412610,9,2018
Philippines,Export,328476390,10,2018
Philippines,Import,125084370,10,2018
Philippines,Export,317053450,11,2018
Philippines,Import,113711690,11,2018
Philippines,Export,326587130,12,2018
Philippines,Import,103385560,12,2018
Poland,Export,99812220,1,2018
Poland,Import,20521770,1,2018
Poland,Export,74919490,2,2018
Poland,Import,12214700,2,2018
Poland,Export,118355740,3,2018
Poland,Import,18292900,3,2018
Poland,Export,123499760,4,2018
Poland,Import,20844120,4,2018
Poland,Export,127712120,5,2018
Poland,Import,29918200,5,2018
Poland,Export,92256980,6,2018
Poland,Import,22489850,6,2018
Poland,Export,90326580,7,2018
Poland,Import,24707820,7,2018
Poland,Export,111492240,8,2018
Poland,Import,21419300,8,2018
Poland,Export,105400320,9,2018
Poland,Import,24161710,9,2018
Poland,Export,134523870,10,2018
Poland,Import,23215860,10,2018
Poland,Export,122276510,11,2018
Poland,Import,28096580,11,2018
Poland,Export,133532250,12,2018
Poland,Import,20752400,12,2018
Portugal,Export,31216730,1,2018
Portugal,Import,6701950,1,2018
Portugal,Export,22222860,2,2018
Portugal,Import,6932200,2,2018
Portugal,Export,39253470,3,2018
Portugal,Import,6821610,3,2018
Portugal,Export,32386210,4,2018
Portugal,Import,7035390,4,2018
Portugal,Export,33284480,5,2018
Portugal,Import,9799480,5,2018
Portugal,Export,37988340,6,2018
Portugal,Import,10453230,6,2018
Portugal,Export,37536430,7,2018
Portugal,Import,7397900,7,2018
Portugal,Export,37274330,8,2018
Portugal,Import,10082470,8,2018
Portugal,Export,32502160,9,2018
Portugal,Import,18938680,9,2018
Portugal,Export,36979620,10,2018
Portugal,Import,10422860,10,2018
Portugal,Export,36596450,11,2018
Portugal,Import,9119470,11,2018
Portugal,Export,21418980,12,2018
Portugal,Import,11921980,12,2018
Romania,Export,12409200,1,2018
Romania,Import,6610250,1,2018
Romania,Export,8902710,2,2018
Romania,Import,5998220,2,2018
Romania,Export,10052190,3,2018
Romania,Import,4781770,3,2018
Romania,Export,11133840,4,2018
Romania,Import,4563950,4,2018
Romania,Export,11681730,5,2018
Romania,Import,5301660,5,2018
Romania,Export,11467840,6,2018
Romania,Import,5080520,6,2018
Romania,Export,12301090,7,2018
Romania,Import,4092370,7,2018
Romania,Export,18027030,8,2018
Romania,Import,11668920,8,2018
Romania,Export,10158860,9,2018
Romania,Import,10620660,9,2018
Romania,Export,14237380,10,2018
Romania,Import,4216680,10,2018
Romania,Export,12396220,11,2018
Romania,Import,3253520,11,2018
Romania,Export,14085220,12,2018
Romania,Import,5286410,12,2018
Russia Federation,Export,178906580,1,2018
Russia Federation,Import,150511550,1,2018
Russia Federation,Export,164580360,2,2018
Russia Federation,Import,163700000,2,2018
Russia Federation,Export,200013080,3,2018
Russia Federation,Import,168357590,3,2018
Russia Federation,Export,212610500,4,2018
Russia Federation,Import,199044690,4,2018
Russia Federation,Export,256925630,5,2018
Russia Federation,Import,253954260,5,2018
Russia Federation,Export,230605720,6,2018
Russia Federation,Import,122180790,6,2018
Russia Federation,Export,222060980,7,2018
Russia Federation,Import,143228650,7,2018
Russia Federation,Export,219135430,8,2018
Russia Federation,Import,228047590,8,2018
Russia Federation,Export,161706530,9,2018
Russia Federation,Import,178805780,9,2018
Russia Federation,Export,200450860,10,2018
Russia Federation,Import,196471640,10,2018
Russia Federation,Export,256173350,11,2018
Russia Federation,Import,152668100,11,2018
Russia Federation,Export,141877500,12,2018
Russia Federation,Import,168016280,12,2018
Saudi Arabia,Export,44341350,1,2018
Saudi Arabia,Import,144778770,1,2018
Saudi Arabia,Export,27645320,2,2018
Saudi Arabia,Import,87501780,2,2018
Saudi Arabia,Export,30395450,3,2018
Saudi Arabia,Import,153484720,3,2018
Saudi Arabia,Export,27272440,4,2018
Saudi Arabia,Import,79969810,4,2018
Saudi Arabia,Export,18618300,5,2018
Saudi Arabia,Import,132987280,5,2018
Saudi Arabia,Export,22427540,6,2018
Saudi Arabia,Import,130828880,6,2018
Saudi Arabia,Export,27420670,7,2018
Saudi Arabia,Import,106014460,7,2018
Saudi Arabia,Export,31073620,8,2018
Saudi Arabia,Import,147076550,8,2018
Saudi Arabia,Export,32833220,9,2018
Saudi Arabia,Import,115928100,9,2018
Saudi Arabia,Export,21359150,10,2018
Saudi Arabia,Import,141471710,10,2018
Saudi Arabia,Export,23517960,11,2018
Saudi Arabia,Import,134024940,11,2018
Saudi Arabia,Export,25543060,12,2018
Saudi Arabia,Import,104395810,12,2018
Senegal,Export,2064900,1,2018
Senegal,Import,0,1,2018
Senegal,Export,1518550,2,2018
Senegal,Import,0,2,2018
Senegal,Export,1648390,3,2018
Senegal,Import,0,3,2018
Senegal,Export,1226020,4,2018
Senegal,Import,0,4,2018
Senegal,Export,1393310,5,2018
Senegal,Import,0,5,2018
Senegal,Export,1567050,6,2018
Senegal,Import,0,6,2018
Senegal,Export,1917670,7,2018
Senegal,Import,0,7,2018
Senegal,Export,1686240,8,2018
Senegal,Import,0,8,2018
Senegal,Export,1330180,9,2018
Senegal,Import,0,9,2018
Senegal,Export,3656400,10,2018
Senegal,Import,0,10,2018
Senegal,Export,4207780,11,2018
Senegal,Import,0,11,2018
Senegal,Export,3604460,12,2018
Senegal,Import,0,12,2018
Singapore,Export,226336510,1,2018
Singapore,Import,377473270,1,2018
Singapore,Export,224338120,2,2018
Singapore,Import,316957240,2,2018
Singapore,Export,310749590,3,2018
Singapore,Import,475667330,3,2018
Singapore,Export,250357030,4,2018
Singapore,Import,359271100,4,2018
Singapore,Export,314918790,5,2018
Singapore,Import,496660340,5,2018
Singapore,Export,281902260,6,2018
Singapore,Import,553136200,6,2018
Singapore,Export,250135900,7,2018
Singapore,Import,306039320,7,2018
Singapore,Export,260574570,8,2018
Singapore,Import,425571840,8,2018
Singapore,Export,212641480,9,2018
Singapore,Import,284098480,9,2018
Singapore,Export,293143050,10,2018
Singapore,Import,352303350,10,2018
Singapore,Export,230605890,11,2018
Singapore,Import,271783190,11,2018
Singapore,Export,282571730,12,2018
Singapore,Import,304669080,12,2018
Slovakia,Export,59700730,1,2018
Slovakia,Import,5628440,1,2018
Slovakia,Export,36322770,2,2018
Slovakia,Import,1467260,2,2018
Slovakia,Export,51053810,3,2018
Slovakia,Import,2313800,3,2018
Slovakia,Export,64358210,4,2018
Slovakia,Import,5557500,4,2018
Slovakia,Export,63375200,5,2018
Slovakia,Import,3520620,5,2018
Slovakia,Export,77963680,6,2018
Slovakia,Import,3593330,6,2018
Slovakia,Export,117048920,7,2018
Slovakia,Import,2070270,7,2018
Slovakia,Export,116732620,8,2018
Slovakia,Import,3268880,8,2018
Slovakia,Export,124647140,9,2018
Slovakia,Import,3888300,9,2018
Slovakia,Export,131173810,10,2018
Slovakia,Import,3780220,10,2018
Slovakia,Export,98277220,11,2018
Slovakia,Import,4528800,11,2018
Slovakia,Export,85408390,12,2018
Slovakia,Import,3620400,12,2018
Slovenia,Export,28199190,1,2018
Slovenia,Import,4833030,1,2018
Slovenia,Export,20408770,2,2018
Slovenia,Import,2318170,2,2018
Slovenia,Export,24915990,3,2018
Slovenia,Import,4034190,3,2018
Slovenia,Export,22309090,4,2018
Slovenia,Import,4685960,4,2018
Slovenia,Export,24122390,5,2018
Slovenia,Import,7037600,5,2018
Slovenia,Export,23892370,6,2018
Slovenia,Import,4369070,6,2018
Slovenia,Export,24709860,7,2018
Slovenia,Import,4837050,7,2018
Slovenia,Export,26315820,8,2018
Slovenia,Import,8406770,8,2018
Slovenia,Export,24799290,9,2018
Slovenia,Import,5680730,9,2018
Slovenia,Export,24404250,10,2018
Slovenia,Import,6035190,10,2018
Slovenia,Export,23456970,11,2018
Slovenia,Import,6874190,11,2018
Slovenia,Export,23922970,12,2018
Slovenia,Import,6551860,12,2018
South Africa,Export,61087280,1,2018
South Africa,Import,21498590,1,2018
South Africa,Export,57721700,2,2018
South Africa,Import,24141280,2,2018
South Africa,Export,83090240,3,2018
South Africa,Import,25952460,3,2018
South Africa,Export,65653440,4,2018
South Africa,Import,19032070,4,2018
South Africa,Export,69556640,5,2018
South Africa,Import,37553360,5,2018
South Africa,Export,55492140,6,2018
South Africa,Import,29069610,6,2018
South Africa,Export,55025310,7,2018
South Africa,Import,58832370,7,2018
South Africa,Export,71164590,8,2018
South Africa,Import,52247900,8,2018
South Africa,Export,71364310,9,2018
South Africa,Import,31873430,9,2018
South Africa,Export,46518720,10,2018
South Africa,Import,25560040,10,2018
South Africa,Export,36725310,11,2018
South Africa,Import,29749930,11,2018
South Africa,Export,50856330,12,2018
South Africa,Import,30855130,12,2018
Spain,Export,220590940,1,2018
Spain,Import,41495650,1,2018
Spain,Export,161361110,2,2018
Spain,Import,29286680,2,2018
Spain,Export,231978970,3,2018
Spain,Import,49638780,3,2018
Spain,Export,185078260,4,2018
Spain,Import,47789890,4,2018
Spain,Export,241492050,5,2018
Spain,Import,48919910,5,2018
Spain,Export,266111070,6,2018
Spain,Import,40669470,6,2018
Spain,Export,225542770,7,2018
Spain,Import,49856050,7,2018
Spain,Export,284140640,8,2018
Spain,Import,46461060,8,2018
Spain,Export,208306200,9,2018
Spain,Import,40367570,9,2018
Spain,Export,204621730,10,2018
Spain,Import,39538130,10,2018
Spain,Export,216730930,11,2018
Spain,Import,41130480,11,2018
Spain,Export,181983580,12,2018
Spain,Import,40498590,12,2018
Sweden,Export,75902600,1,2018
Sweden,Import,25844040,1,2018
Sweden,Export,96642480,2,2018
Sweden,Import,14782860,2,2018
Sweden,Export,134957230,3,2018
Sweden,Import,31695390,3,2018
Sweden,Export,94867440,4,2018
Sweden,Import,41488220,4,2018
Sweden,Export,89813380,5,2018
Sweden,Import,26109250,5,2018
Sweden,Export,90970750,6,2018
Sweden,Import,40350710,6,2018
Sweden,Export,94843880,7,2018
Sweden,Import,24728770,7,2018
Sweden,Export,81984640,8,2018
Sweden,Import,37661720,8,2018
Sweden,Export,94350550,9,2018
Sweden,Import,19943930,9,2018
Sweden,Export,96093470,10,2018
Sweden,Import,23363690,10,2018
Sweden,Export,128454960,11,2018
Sweden,Import,28785700,11,2018
Sweden,Export,77013640,12,2018
Sweden,Import,30257220,12,2018
Switzerland,Export,21819510,1,2018
Switzerland,Import,59963180,1,2018
Switzerland,Export,10585790,2,2018
Switzerland,Import,32541270,2,2018
Switzerland,Export,13919280,3,2018
Switzerland,Import,51463240,3,2018
Switzerland,Export,10802010,4,2018
Switzerland,Import,40227640,4,2018
Switzerland,Export,13742870,5,2018
Switzerland,Import,93005530,5,2018
Switzerland,Export,18349680,6,2018
Switzerland,Import,45781790,6,2018
Switzerland,Export,11640610,7,2018
Switzerland,Import,66925530,7,2018
Switzerland,Export,11987350,8,2018
Switzerland,Import,50916040,8,2018
Switzerland,Export,10963670,9,2018
Switzerland,Import,35525290,9,2018
Switzerland,Export,17143420,10,2018
Switzerland,Import,63606790,10,2018
Switzerland,Export,15113370,11,2018
Switzerland,Import,65825130,11,2018
Switzerland,Export,15275120,12,2018
Switzerland,Import,126062280,12,2018
Taiwan,Export,318982370,1,2018
Taiwan,Import,1126800260,1,2018
Taiwan,Export,157325070,2,2018
Taiwan,Import,819316050,2,2018
Taiwan,Export,262911770,3,2018
Taiwan,Import,1089134960,3,2018
Taiwan,Export,218331640,4,2018
Taiwan,Import,976711490,4,2018
Taiwan,Export,254740950,5,2018
Taiwan,Import,1285750910,5,2018
Taiwan,Export,238194570,6,2018
Taiwan,Import,1090981230,6,2018
Taiwan,Export,277438180,7,2018
Taiwan,Import,1109296430,7,2018
Taiwan,Export,304611470,8,2018
Taiwan,Import,1247801600,8,2018
Taiwan,Export,279088220,9,2018
Taiwan,Import,1064594270,9,2018
Taiwan,Export,260618900,10,2018
Taiwan,Import,1199580280,10,2018
Taiwan,Export,294147330,11,2018
Taiwan,Import,1115166840,11,2018
Taiwan,Export,285150000,12,2018
Taiwan,Import,1103101590,12,2018
Thailand,Export,447781840,1,2018
Thailand,Import,970889010,1,2018
Thailand,Export,360171700,2,2018
Thailand,Import,636447280,2,2018
Thailand,Export,504020540,3,2018
Thailand,Import,983901100,3,2018
Thailand,Export,383465440,4,2018
Thailand,Import,816585970,4,2018
Thailand,Export,523531900,5,2018
Thailand,Import,992286240,5,2018
Thailand,Export,482782520,6,2018
Thailand,Import,944127520,6,2018
Thailand,Export,456224160,7,2018
Thailand,Import,1038210880,7,2018
Thailand,Export,568963300,8,2018
Thailand,Import,1160413740,8,2018
Thailand,Export,469958630,9,2018
Thailand,Import,1064485780,9,2018
Thailand,Export,486618660,10,2018
Thailand,Import,1119102260,10,2018
Thailand,Export,441446230,11,2018
Thailand,Import,1212494620,11,2018
Thailand,Export,368816580,12,2018
Thailand,Import,1084295010,12,2018
Turkey,Export,150271900,1,2018
Turkey,Import,20974180,1,2018
Turkey,Export,138541770,2,2018
Turkey,Import,14397110,2,2018
Turkey,Export,170567700,3,2018
Turkey,Import,20456030,3,2018
Turkey,Export,144195910,4,2018
Turkey,Import,21917560,4,2018
Turkey,Export,149856070,5,2018
Turkey,Import,20172310,5,2018
Turkey,Export,90371460,6,2018
Turkey,Import,28958530,6,2018
Turkey,Export,124271130,7,2018
Turkey,Import,27781220,7,2018
Turkey,Export,119647230,8,2018
Turkey,Import,22567670,8,2018
Turkey,Export,73337180,9,2018
Turkey,Import,22082520,9,2018
Turkey,Export,75843350,10,2018
Turkey,Import,21560730,10,2018
Turkey,Export,97783750,11,2018
Turkey,Import,37095520,11,2018
Turkey,Export,76676010,12,2018
Turkey,Import,27682130,12,2018
Ukraine,Export,24657250,1,2018
Ukraine,Import,10844780,1,2018
Ukraine,Export,14677630,2,2018
Ukraine,Import,14276650,2,2018
Ukraine,Export,22035550,3,2018
Ukraine,Import,17573950,3,2018
Ukraine,Export,19099450,4,2018
Ukraine,Import,4069820,4,2018
Ukraine,Export,20778280,5,2018
Ukraine,Import,6124220,5,2018
Ukraine,Export,24291780,6,2018
Ukraine,Import,5482950,6,2018
Ukraine,Export,19350930,7,2018
Ukraine,Import,27908390,7,2018
Ukraine,Export,22480260,8,2018
Ukraine,Import,8231940,8,2018
Ukraine,Export,23693840,9,2018
Ukraine,Import,7792300,9,2018
Ukraine,Export,19924360,10,2018
Ukraine,Import,20414070,10,2018
Ukraine,Export,27702860,11,2018
Ukraine,Import,13526430,11,2018
Ukraine,Export,12724270,12,2018
Ukraine,Import,9610000,12,2018
United Arab Emirates,Export,482377220,1,2018
United Arab Emirates,Import,66809270,1,2018
United Arab Emirates,Export,361781470,2,2018
United Arab Emirates,Import,23094960,2,2018
United Arab Emirates,Export,608039260,3,2018
United Arab Emirates,Import,30601920,3,2018
United Arab Emirates,Export,537891460,4,2018
United Arab Emirates,Import,27336280,4,2018
United Arab Emirates,Export,413372960,5,2018
United Arab Emirates,Import,38821210,5,2018
United Arab Emirates,Export,398737910,6,2018
United Arab Emirates,Import,39682780,6,2018
United Arab Emirates,Export,383547390,7,2018
United Arab Emirates,Import,44580770,7,2018
United Arab Emirates,Export,446794450,8,2018
United Arab Emirates,Import,47603240,8,2018
United Arab Emirates,Export,441866260,9,2018
United Arab Emirates,Import,44769080,9,2018
United Arab Emirates,Export,323105020,10,2018
United Arab Emirates,Import,37719630,10,2018
United Arab Emirates,Export,403742940,11,2018
United Arab Emirates,Import,39556150,11,2018
United Arab Emirates,Export,402173330,12,2018
United Arab Emirates,Import,26823620,12,2018
United Kingdom,Export,416179450,1,2018
United Kingdom,Import,73227890,1,2018
United Kingdom,Export,376116860,2,2018
United Kingdom,Import,48170820,2,2018
United Kingdom,Export,521007440,3,2018
United Kingdom,Import,63102970,3,2018
United Kingdom,Export,441343500,4,2018
United Kingdom,Import,53914940,4,2018
United Kingdom,Export,478628040,5,2018
United Kingdom,Import,87702430,5,2018
United Kingdom,Export,501917650,6,2018
United Kingdom,Import,63645050,6,2018
United Kingdom,Export,436677840,7,2018
United Kingdom,Import,81410600,7,2018
United Kingdom,Export,565464120,8,2018
United Kingdom,Import,60934250,8,2018
United Kingdom,Export,519508890,9,2018
United Kingdom,Import,62536300,9,2018
United Kingdom,Export,476435730,10,2018
United Kingdom,Import,99633380,10,2018
United Kingdom,Export,646016300,11,2018
United Kingdom,Import,134503800,11,2018
United Kingdom,Export,397180460,12,2018
United Kingdom,Import,141261280,12,2018
United States,Export,3631975980,1,2018
United States,Import,830317960,1,2018
United States,Export,2410030330,2,2018
United States,Import,834885170,2,2018
United States,Export,4299401930,3,2018
United States,Import,1018243370,3,2018
United States,Export,3480291940,4,2018
United States,Import,829427400,4,2018
United States,Export,3825905170,5,2018
United States,Import,1159676120,5,2018
United States,Export,3950316680,6,2018
United States,Import,1144185760,6,2018
United States,Export,4239170639,7,2018
United States,Import,1514763450,7,2018
United States,Export,4976620110,8,2018
United States,Import,1329901230,8,2018
United States,Export,4207576860,9,2018
United States,Import,890477310,9,2018
United States,Export,4397261700,10,2018
United States,Import,1098620730,10,2018
United States,Export,4036074270,11,2018
United States,Import,1052525909,11,2018
United States,Export,4070921770,12,2018
United States,Import,1050383570,12,2018
Argentina,Export,21196590,1,2019
Argentina,Import,183811920,1,2019
Argentina,Export,18337540,2,2019
Argentina,Import,121403690,2,2019
Argentina,Export,37813950,3,2019
Argentina,Import,185539390,3,2019
Argentina,Export,25834680,4,2019
Argentina,Import,261825590,4,2019
Argentina,Export,57486140,5,2019
Argentina,Import,418124450,5,2019
Argentina,Export,61811650,6,2019
Argentina,Import,256632400,6,2019
Argentina,Export,56212350,7,2019
Argentina,Import,319724700,7,2019
Argentina,Export,71023950,8,2019
Argentina,Import,320997260,8,2019
Argentina,Export,59523260,9,2019
Argentina,Import,379201260,9,2019
Argentina,Export,38886130,10,2019
Argentina,Import,310865600,10,2019
Argentina,Export,39137540,11,2019
Argentina,Import,206361760,11,2019
Argentina,Export,66887030,12,2019
Argentina,Import,269738980,12,2019
Australia,Export,280903200,1,2019
Australia,Import,405703880,1,2019
Australia,Export,185471150,2,2019
Australia,Import,194615770,2,2019
Australia,Export,361565370,3,2019
Australia,Import,335669050,3,2019
Australia,Export,293944370,4,2019
Australia,Import,390103720,4,2019
Australia,Export,272190850,5,2019
Australia,Import,504769970,5,2019
Australia,Export,243519440,6,2019
Australia,Import,375075400,6,2019
Australia,Export,296509620,7,2019
Australia,Import,404259410,7,2019
Australia,Export,336377470,8,2019
Australia,Import,439535790,8,2019
Australia,Export,307882260,9,2019
Australia,Import,310643200,9,2019
Australia,Export,314917430,10,2019
Australia,Import,421495440,10,2019
Australia,Export,330176900,11,2019
Australia,Import,355900020,11,2019
Australia,Export,271310930,12,2019
Australia,Import,317532880,12,2019
Austria,Export,267239010,1,2019
Austria,Import,21566920,1,2019
Austria,Export,227179160,2,2019
Austria,Import,22245110,2,2019
Austria,Export,370271930,3,2019
Austria,Import,23602570,3,2019
Austria,Export,277059210,4,2019
Austria,Import,21429030,4,2019
Austria,Export,252421650,5,2019
Austria,Import,34838140,5,2019
Austria,Export,253447140,6,2019
Austria,Import,31936750,6,2019
Austria,Export,253110890,7,2019
Austria,Import,33945320,7,2019
Austria,Export,286869870,8,2019
Austria,Import,27395440,8,2019
Austria,Export,270412170,9,2019
Austria,Import,38169750,9,2019
Austria,Export,332932960,10,2019
Austria,Import,25434200,10,2019
Austria,Export,340982080,11,2019
Austria,Import,24675850,11,2019
Austria,Export,134147120,12,2019
Austria,Import,36888370,12,2019
Belarus,Export,0,1,2019
Belarus,Import,2068120,1,2019
Belarus,Export,0,2,2019
Belarus,Import,23152150,2,2019
Belarus,Export,0,3,2019
Belarus,Import,2377260,3,2019
Belarus,Export,0,4,2019
Belarus,Import,8572320,4,2019
Belarus,Export,0,5,2019
Belarus,Import,1894460,5,2019
Belarus,Export,0,6,2019
Belarus,Import,633570,6,2019
Belarus,Export,0,7,2019
Belarus,Import,20265500,7,2019
Belarus,Export,0,8,2019
Belarus,Import,744360,8,2019
Belarus,Export,0,9,2019
Belarus,Import,10616390,9,2019
Belarus,Export,0,10,2019
Belarus,Import,9929060,10,2019
Belarus,Export,0,11,2019
Belarus,Import,920360,11,2019
Belarus,Export,0,12,2019
Belarus,Import,9414420,12,2019
Belgium,Export,265633909,1,2019
Belgium,Import,46229060,1,2019
Belgium,Export,123576820,2,2019
Belgium,Import,36609230,2,2019
Belgium,Export,195929420,3,2019
Belgium,Import,62246640,3,2019
Belgium,Export,224297680,4,2019
Belgium,Import,46314570,4,2019
Belgium,Export,242141710,5,2019
Belgium,Import,61875610,5,2019
Belgium,Export,221978540,6,2019
Belgium,Import,46988170,6,2019
Belgium,Export,234918800,7,2019
Belgium,Import,53949800,7,2019
Belgium,Export,194343880,8,2019
Belgium,Import,48724580,8,2019
Belgium,Export,177412770,9,2019
Belgium,Import,42500630,9,2019
Belgium,Export,225416390,10,2019
Belgium,Import,37149530,10,2019
Belgium,Export,212182360,11,2019
Belgium,Import,36810450,11,2019
Belgium,Export,233224740,12,2019
Belgium,Import,43268560,12,2019
Brazil,Export,189443910,1,2019
Brazil,Import,327467750,1,2019
Brazil,Export,102126120,2,2019
Brazil,Import,256650330,2,2019
Brazil,Export,167341900,3,2019
Brazil,Import,247341760,3,2019
Brazil,Export,173846350,4,2019
Brazil,Import,175343580,4,2019
Brazil,Export,224718480,5,2019
Brazil,Import,149283760,5,2019
Brazil,Export,180279330,6,2019
Brazil,Import,182062000,6,2019
Brazil,Export,180529700,7,2019
Brazil,Import,161034100,7,2019
Brazil,Export,216111200,8,2019
Brazil,Import,190242850,8,2019
Brazil,Export,183620770,9,2019
Brazil,Import,294507650,9,2019
Brazil,Export,204600150,10,2019
Brazil,Import,273269160,10,2019
Brazil,Export,157890450,11,2019
Brazil,Import,241719930,11,2019
Brazil,Export,167083070,12,2019
Brazil,Import,248574300,12,2019
Brunei,Export,2737540,1,2019
Brunei,Import,38165020,1,2019
Brunei,Export,1084530,2,2019
Brunei,Import,1040180,2,2019
Brunei,Export,4449980,3,2019
Brunei,Import,5287850,3,2019
Brunei,Export,4757440,4,2019
Brunei,Import,2107680,4,2019
Brunei,Export,5001210,5,2019
Brunei,Import,30353960,5,2019
Brunei,Export,5771030,6,2019
Brunei,Import,3592150,6,2019
Brunei,Export,10292850,7,2019
Brunei,Import,55010,7,2019
Brunei,Export,6480740,8,2019
Brunei,Import,37941930,8,2019
Brunei,Export,7302860,9,2019
Brunei,Import,8470400,9,2019
Brunei,Export,6028510,10,2019
Brunei,Import,1038240,10,2019
Brunei,Export,6643880,11,2019
Brunei,Import,39298690,11,2019
Brunei,Export,6093730,12,2019
Brunei,Import,10020880,12,2019
Bungary,Export,5350480,1,2019
Bungary,Import,3151340,1,2019
Bungary,Export,2919400,2,2019
Bungary,Import,3654930,2,2019
Bungary,Export,3682040,3,2019
Bungary,Import,3203780,3,2019
Bungary,Export,2921000,4,2019
Bungary,Import,2193710,4,2019
Bungary,Export,5693120,5,2019
Bungary,Import,5457440,5,2019
Bungary,Export,6260890,6,2019
Bungary,Import,4023090,6,2019
Bungary,Export,7495800,7,2019
Bungary,Import,6151000,7,2019
Bungary,Export,4429600,8,2019
Bungary,Import,5757180,8,2019
Bungary,Export,5310090,9,2019
Bungary,Import,3362320,9,2019
Bungary,Export,4411510,10,2019
Bungary,Import,3814630,10,2019
Bungary,Export,4772450,11,2019
Bungary,Import,4276350,11,2019
Bungary,Export,5150730,12,2019
Bungary,Import,4729640,12,2019
Cambodia,Export,377759570,1,2019
Cambodia,Import,110286010,1,2019
Cambodia,Export,255924720,2,2019
Cambodia,Import,157731070,2,2019
Cambodia,Export,374916930,3,2019
Cambodia,Import,165880610,3,2019
Cambodia,Export,326440500,4,2019
Cambodia,Import,72604690,4,2019
Cambodia,Export,417858280,5,2019
Cambodia,Import,55829240,5,2019
Cambodia,Export,369878390,6,2019
Cambodia,Import,39099380,6,2019
Cambodia,Export,371886220,7,2019
Cambodia,Import,39855730,7,2019
Cambodia,Export,371055810,8,2019
Cambodia,Import,41507090,8,2019
Cambodia,Export,391838020,9,2019
Cambodia,Import,44939910,9,2019
Cambodia,Export,378710850,10,2019
Cambodia,Import,48854690,10,2019
Cambodia,Export,340291120,11,2019
Cambodia,Import,55182150,11,2019
Cambodia,Export,385490230,12,2019
Cambodia,Import,69544460,12,2019
Cameroon,Export,0,1,2019
Cameroon,Import,25131490,1,2019
Cameroon,Export,0,2,2019
Cameroon,Import,16112880,2,2019
Cameroon,Export,0,3,2019
Cameroon,Import,15456800,3,2019
Cameroon,Export,0,4,2019
Cameroon,Import,13318830,4,2019
Cameroon,Export,0,5,2019
Cameroon,Import,19115310,5,2019
Cameroon,Export,0,6,2019
Cameroon,Import,23664780,6,2019
Cameroon,Export,0,7,2019
Cameroon,Import,17629170,7,2019
Cameroon,Export,0,8,2019
Cameroon,Import,16010340,8,2019
Cameroon,Export,0,9,2019
Cameroon,Import,16008510,9,2019
Cameroon,Export,0,10,2019
Cameroon,Import,14985080,10,2019
Cameroon,Export,0,11,2019
Cameroon,Import,11873080,11,2019
Cameroon,Export,0,12,2019
Cameroon,Import,20842430,12,2019
Canada,Export,317058920,1,2019
Canada,Import,62628830,1,2019
Canada,Export,189787790,2,2019
Canada,Import,96694890,2,2019
Canada,Export,357440900,3,2019
Canada,Import,52612150,3,2019
Canada,Export,313332050,4,2019
Canada,Import,69548570,4,2019
Canada,Export,336341950,5,2019
Canada,Import,78499300,5,2019
Canada,Export,319934840,6,2019
Canada,Import,97173580,6,2019
Canada,Export,378293130,7,2019
Canada,Import,100609240,7,2019
Canada,Export,371891890,8,2019
Canada,Import,54670690,8,2019
Canada,Export,259254300,9,2019
Canada,Import,39742990,9,2019
Canada,Export,346061480,10,2019
Canada,Import,60963920,10,2019
Canada,Export,374214270,11,2019
Canada,Import,57533130,11,2019
Canada,Export,348808980,12,2019
Canada,Import,89948280,12,2019
Chile,Export,71612600,1,2019
Chile,Import,32949920,1,2019
Chile,Export,31704570,2,2019
Chile,Import,17082220,2,2019
Chile,Export,45370580,3,2019
Chile,Import,25659330,3,2019
Chile,Export,79973690,4,2019
Chile,Import,27452700,4,2019
Chile,Export,79304980,5,2019
Chile,Import,31063130,5,2019
Chile,Export,111114230,6,2019
Chile,Import,20586710,6,2019
Chile,Export,124398770,7,2019
Chile,Import,20874280,7,2019
Chile,Export,105507430,8,2019
Chile,Import,19136400,8,2019
Chile,Export,68145890,9,2019
Chile,Import,23238160,9,2019
Chile,Export,115506010,10,2019
Chile,Import,24017750,10,2019
Chile,Export,54594970,11,2019
Chile,Import,24929950,11,2019
Chile,Export,53437910,12,2019
Chile,Import,21729710,12,2019
"China, PR",Export,2807944320,1,2019
"China, PR",Import,6544882360,1,2019
"China, PR",Export,1909426330,2,2019
"China, PR",Import,3364240510,2,2019
"China, PR",Export,2892176340,3,2019
"China, PR",Import,6330862870,3,2019
"China, PR",Export,2859760690,4,2019
"China, PR",Import,6530955600,4,2019
"China, PR",Export,3137830820,5,2019
"China, PR",Import,7130469550,5,2019
"China, PR",Export,3071845090,6,2019
"China, PR",Import,5784299440,6,2019
"China, PR",Export,3165946670,7,2019
"China, PR",Import,6770539870,7,2019
"China, PR",Export,4048017020,8,2019
"China, PR",Import,6547091990,8,2019
"China, PR",Export,4353356900,9,2019
"China, PR",Import,6425165770,9,2019
"China, PR",Export,4747542920,10,2019
"China, PR",Import,6598381890,10,2019
"China, PR",Export,4210548670,11,2019
"China, PR",Import,6518855570,11,2019
"China, PR",Export,4209697650,12,2019
"China, PR",Import,6906198080,12,2019
Croatia,Export,10473860,1,2019
Croatia,Import,2166310,1,2019
Croatia,Export,9320760,2,2019
Croatia,Import,956260,2,2019
Croatia,Export,11602620,3,2019
Croatia,Import,3767320,3,2019
Croatia,Export,5324120,4,2019
Croatia,Import,2257100,4,2019
Croatia,Export,5731760,5,2019
Croatia,Import,3769770,5,2019
Croatia,Export,5887390,6,2019
Croatia,Import,2009710,6,2019
Croatia,Export,6881560,7,2019
Croatia,Import,3342480,7,2019
Croatia,Export,5341450,8,2019
Croatia,Import,4766570,8,2019
Croatia,Export,4028440,9,2019
Croatia,Import,3046460,9,2019
Croatia,Export,4895910,10,2019
Croatia,Import,1798760,10,2019
Croatia,Export,8057780,11,2019
Croatia,Import,1599460,11,2019
Croatia,Export,6561880,12,2019
Croatia,Import,2576680,12,2019
Cyprus,Export,2482620,1,2019
Cyprus,Import,5797340,1,2019
Cyprus,Export,1985760,2,2019
Cyprus,Import,1262090,2,2019
Cyprus,Export,3422660,3,2019
Cyprus,Import,3498120,3,2019
Cyprus,Export,2668050,4,2019
Cyprus,Import,4632730,4,2019
Cyprus,Export,3864100,5,2019
Cyprus,Import,4683400,5,2019
Cyprus,Export,3628700,6,2019
Cyprus,Import,2686690,6,2019
Cyprus,Export,4076150,7,2019
Cyprus,Import,2215380,7,2019
Cyprus,Export,3630130,8,2019
Cyprus,Import,2122140,8,2019
Cyprus,Export,2941840,9,2019
Cyprus,Import,3757790,9,2019
Cyprus,Export,2115860,10,2019
Cyprus,Import,3864100,10,2019
Cyprus,Export,2602310,11,2019
Cyprus,Import,3354460,11,2019
Cyprus,Export,3450320,12,2019
Cyprus,Import,6912260,12,2019
Czech Republic,Export,17255330,1,2019
Czech Republic,Import,8601950,1,2019
Czech Republic,Export,7007160,2,2019
Czech Republic,Import,9331860,2,2019
Czech Republic,Export,13503800,3,2019
Czech Republic,Import,8943110,3,2019
Czech Republic,Export,13493390,4,2019
Czech Republic,Import,8241600,4,2019
Czech Republic,Export,21437530,5,2019
Czech Republic,Import,10211480,5,2019
Czech Republic,Export,17228320,6,2019
Czech Republic,Import,10385860,6,2019
Czech Republic,Export,21242090,7,2019
Czech Republic,Import,8917050,7,2019
Czech Republic,Export,15202820,8,2019
Czech Republic,Import,13773730,8,2019
Czech Republic,Export,13825680,9,2019
Czech Republic,Import,10601160,9,2019
Czech Republic,Export,14946540,10,2019
Czech Republic,Import,11264340,10,2019
Czech Republic,Export,24979790,11,2019
Czech Republic,Import,9537740,11,2019
Czech Republic,Export,27704170,12,2019
Czech Republic,Import,13094220,12,2019
Côte d'lvoire,Export,12632120,1,2019
Côte d'lvoire,Import,28470490,1,2019
Côte d'lvoire,Export,21100310,2,2019
Côte d'lvoire,Import,23585280,2,2019
Côte d'lvoire,Export,26135970,3,2019
Côte d'lvoire,Import,13151500,3,2019
Côte d'lvoire,Export,10805690,4,2019
Côte d'lvoire,Import,23223940,4,2019
Côte d'lvoire,Export,24494320,5,2019
Côte d'lvoire,Import,93926620,5,2019
Côte d'lvoire,Export,24983700,6,2019
Côte d'lvoire,Import,144129910,6,2019
Côte d'lvoire,Export,39015560,7,2019
Côte d'lvoire,Import,109086800,7,2019
Côte d'lvoire,Export,6091040,8,2019
Côte d'lvoire,Import,100905430,8,2019
Côte d'lvoire,Export,33411110,9,2019
Côte d'lvoire,Import,69380220,9,2019
Côte d'lvoire,Export,41656580,10,2019
Côte d'lvoire,Import,57071630,10,2019
Côte d'lvoire,Export,10187860,11,2019
Côte d'lvoire,Import,26165440,11,2019
Côte d'lvoire,Export,22481420,12,2019
Côte d'lvoire,Import,12779540,12,2019
Denmark,Export,40010540,1,2019
Denmark,Import,23697720,1,2019
Denmark,Export,14672200,2,2019
Denmark,Import,11714230,2,2019
Denmark,Export,25705580,3,2019
Denmark,Import,22923510,3,2019
Denmark,Export,26104020,4,2019
Denmark,Import,22770640,4,2019
Denmark,Export,29115390,5,2019
Denmark,Import,30633440,5,2019
Denmark,Export,30132890,6,2019
Denmark,Import,19101900,6,2019
Denmark,Export,32209390,7,2019
Denmark,Import,30178830,7,2019
Denmark,Export,25624170,8,2019
Denmark,Import,15124730,8,2019
Denmark,Export,23793620,9,2019
Denmark,Import,17756060,9,2019
Denmark,Export,22567340,10,2019
Denmark,Import,16495779,10,2019
Denmark,Export,31933750,11,2019
Denmark,Import,15862230,11,2019
Denmark,Export,34717240,12,2019
Denmark,Import,17963000,12,2019
Estonia,Export,3359340,1,2019
Estonia,Import,1486980,1,2019
Estonia,Export,1463260,2,2019
Estonia,Import,1049740,2,2019
Estonia,Export,3442670,3,2019
Estonia,Import,310610,3,2019
Estonia,Export,3110780,4,2019
Estonia,Import,1051590,4,2019
Estonia,Export,3131930,5,2019
Estonia,Import,12253830,5,2019
Estonia,Export,2704700,6,2019
Estonia,Import,802120,6,2019
Estonia,Export,2660380,7,2019
Estonia,Import,699340,7,2019
Estonia,Export,2686500,8,2019
Estonia,Import,615740,8,2019
Estonia,Export,2113260,9,2019
Estonia,Import,792370,9,2019
Estonia,Export,2451100,10,2019
Estonia,Import,2546630,10,2019
Estonia,Export,2135930,11,2019
Estonia,Import,2192730,11,2019
Estonia,Export,2638760,12,2019
Estonia,Import,2105310,12,2019
FR. Germany,Export,609264630,1,2019
FR. Germany,Import,374665650,1,2019
FR. Germany,Export,384954020,2,2019
FR. Germany,Import,281093840,2,2019
FR. Germany,Export,662792440,3,2019
FR. Germany,Import,323978850,3,2019
FR. Germany,Export,556945630,4,2019
FR. Germany,Import,268028630,4,2019
FR. Germany,Export,572506090,5,2019
FR. Germany,Import,352463180,5,2019
FR. Germany,Export,541419260,6,2019
FR. Germany,Import,268846210,6,2019
FR. Germany,Export,541855810,7,2019
FR. Germany,Import,348094950,7,2019
FR. Germany,Export,560190290,8,2019
FR. Germany,Import,297104970,8,2019
FR. Germany,Export,531777600,9,2019
FR. Germany,Import,257111550,9,2019
FR. Germany,Export,500600000,10,2019
FR. Germany,Import,300918150,10,2019
FR. Germany,Export,557778280,11,2019
FR. Germany,Import,290411930,11,2019
FR. Germany,Export,535085920,12,2019
FR. Germany,Import,334045050,12,2019
Finland,Export,11042190,1,2019
Finland,Import,18172250,1,2019
Finland,Export,5647490,2,2019
Finland,Import,15892670,2,2019
Finland,Export,10422860,3,2019
Finland,Import,24287770,3,2019
Finland,Export,12341190,4,2019
Finland,Import,10504720,4,2019
Finland,Export,8989020,5,2019
Finland,Import,18416980,5,2019
Finland,Export,11783390,6,2019
Finland,Import,13624030,6,2019
Finland,Export,10511730,7,2019
Finland,Import,17824660,7,2019
Finland,Export,9292560,8,2019
Finland,Import,22788080,8,2019
Finland,Export,8847420,9,2019
Finland,Import,40253350,9,2019
Finland,Export,10314610,10,2019
Finland,Import,18248530,10,2019
Finland,Export,9219170,11,2019
Finland,Import,27084780,11,2019
Finland,Export,11137710,12,2019
Finland,Import,20878080,12,2019
France,Export,363733210,1,2019
France,Import,124688850,1,2019
France,Export,210420760,2,2019
France,Import,104915680,2,2019
France,Export,378298060,3,2019
France,Import,133152420,3,2019
France,Export,277963450,4,2019
France,Import,110940170,4,2019
France,Export,335302620,5,2019
France,Import,136003490,5,2019
France,Export,358387380,6,2019
France,Import,119692110,6,2019
France,Export,305978430,7,2019
France,Import,158658140,7,2019
France,Export,339520150,8,2019
France,Import,125461580,8,2019
France,Export,306984750,9,2019
France,Import,125602540,9,2019
France,Export,290331910,10,2019
France,Import,127091580,10,2019
France,Export,340628590,11,2019
France,Import,145248900,11,2019
France,Export,254880220,12,2019
France,Import,179139350,12,2019
Greece,Export,23775270,1,2019
Greece,Import,12889810,1,2019
Greece,Export,15504460,2,2019
Greece,Import,9360350,2,2019
Greece,Export,28647430,3,2019
Greece,Import,11172650,3,2019
Greece,Export,21196020,4,2019
Greece,Import,14058440,4,2019
Greece,Export,22725770,5,2019
Greece,Import,8129970,5,2019
Greece,Export,23923120,6,2019
Greece,Import,7181380,6,2019
Greece,Export,18074180,7,2019
Greece,Import,7544310,7,2019
Greece,Export,22751750,8,2019
Greece,Import,5623980,8,2019
Greece,Export,25221880,9,2019
Greece,Import,4006460,9,2019
Greece,Export,26544690,10,2019
Greece,Import,5517660,10,2019
Greece,Export,26269520,11,2019
Greece,Import,8913900,11,2019
Greece,Export,17775450,12,2019
Greece,Import,9421670,12,2019
Hong Kong SAR (China),Export,557157020,1,2019
Hong Kong SAR (China),Import,108121740,1,2019
Hong Kong SAR (China),Export,418306350,2,2019
Hong Kong SAR (China),Import,65524070,2,2019
Hong Kong SAR (China),Export,619800380,3,2019
Hong Kong SAR (China),Import,134971120,3,2019
Hong Kong SAR (China),Export,455686250,4,2019
Hong Kong SAR (China),Import,144492570,4,2019
Hong Kong SAR (China),Export,562696610,5,2019
Hong Kong SAR (China),Import,145650830,5,2019
Hong Kong SAR (China),Export,610694220,6,2019
Hong Kong SAR (China),Import,111495050,6,2019
Hong Kong SAR (China),Export,563765980,7,2019
Hong Kong SAR (China),Import,115229370,7,2019
Hong Kong SAR (China),Export,722074230,8,2019
Hong Kong SAR (China),Import,96471110,8,2019
Hong Kong SAR (China),Export,683495860,9,2019
Hong Kong SAR (China),Import,126814430,9,2019
Hong Kong SAR (China),Export,649956660,10,2019
Hong Kong SAR (China),Import,92605800,10,2019
Hong Kong SAR (China),Export,641428380,11,2019
Hong Kong SAR (China),Import,84047070,11,2019
Hong Kong SAR (China),Export,670647570,12,2019
Hong Kong SAR (China),Import,88510000,12,2019
Hungary,Export,29566620,1,2019
Hungary,Import,35930160,1,2019
Hungary,Export,15708500,2,2019
Hungary,Import,20300430,2,2019
Hungary,Export,27250580,3,2019
Hungary,Import,28330960,3,2019
Hungary,Export,30250000,4,2019
Hungary,Import,20806910,4,2019
Hungary,Export,31046870,5,2019
Hungary,Import,21873180,5,2019
Hungary,Export,37503530,6,2019
Hungary,Import,20581410,6,2019
Hungary,Export,50044170,7,2019
Hungary,Import,26964930,7,2019
Hungary,Export,44593410,8,2019
Hungary,Import,27411890,8,2019
Hungary,Export,44893110,9,2019
Hungary,Import,33733350,9,2019
Hungary,Export,29939530,10,2019
Hungary,Import,34881930,10,2019
Hungary,Export,22601200,11,2019
Hungary,Import,32889250,11,2019
Hungary,Export,44681410,12,2019
Hungary,Import,34103260,12,2019
India,Export,577474710,1,2019
India,Import,357961360,1,2019
India,Export,349894100,2,2019
India,Import,338939350,2,2019
India,Export,555192750,3,2019
India,Import,384992060,3,2019
India,Export,618752100,4,2019
India,Import,403690080,4,2019
India,Export,690097190,5,2019
India,Import,336235840,5,2019
India,Export,619088760,6,2019
India,Import,289786170,6,2019
India,Export,660664080,7,2019
India,Import,331593310,7,2019
India,Export,673057260,8,2019
India,Import,371894680,8,2019
India,Export,581495010,9,2019
India,Import,339008570,9,2019
India,Export,475134980,10,2019
India,Import,462292660,10,2019
India,Export,449755480,11,2019
India,Import,436474950,11,2019
India,Export,423306090,12,2019
India,Import,484780350,12,2019
Indonesia,Export,334548820,1,2019
Indonesia,Import,489704350,1,2019
Indonesia,Export,206258550,2,2019
Indonesia,Import,331446580,2,2019
Indonesia,Export,297947010,3,2019
Indonesia,Import,463537830,3,2019
Indonesia,Export,280682570,4,2019
Indonesia,Import,469763660,4,2019
Indonesia,Export,210648550,5,2019
Indonesia,Import,533684670,5,2019
Indonesia,Export,283461420,6,2019
Indonesia,Import,367552100,6,2019
Indonesia,Export,275712170,7,2019
Indonesia,Import,472518140,7,2019
Indonesia,Export,317016750,8,2019
Indonesia,Import,458382650,8,2019
Indonesia,Export,292630400,9,2019
Indonesia,Import,468012990,9,2019
Indonesia,Export,314521080,10,2019
Indonesia,Import,555157450,10,2019
Indonesia,Export,290510140,11,2019
Indonesia,Import,506464020,11,2019
Indonesia,Export,265290620,12,2019
Indonesia,Import,587205080,12,2019
Ireland,Export,28168760,1,2019
Ireland,Import,126160400,1,2019
Ireland,Export,6162080,2,2019
Ireland,Import,108182500,2,2019
Ireland,Export,10452250,3,2019
Ireland,Import,121480840,3,2019
Ireland,Export,13962110,4,2019
Ireland,Import,127354210,4,2019
Ireland,Export,12235810,5,2019
Ireland,Import,168305990,5,2019
Ireland,Export,12266910,6,2019
Ireland,Import,187312030,6,2019
Ireland,Export,13161510,7,2019
Ireland,Import,245788360,7,2019
Ireland,Export,12117620,8,2019
Ireland,Import,237288930,8,2019
Ireland,Export,8336700,9,2019
Ireland,Import,245056120,9,2019
Ireland,Export,9906300,10,2019
Ireland,Import,253183260,10,2019
Ireland,Export,10484030,11,2019
Ireland,Import,309605450,11,2019
Ireland,Export,10628540,12,2019
Ireland,Import,367740520,12,2019
Italy,Export,345894690,1,2019
Italy,Import,184922940,1,2019
Italy,Export,216903520,2,2019
Italy,Import,106020650,2,2019
Italy,Export,355343090,3,2019
Italy,Import,181184270,3,2019
Italy,Export,268084750,4,2019
Italy,Import,132279230,4,2019
Italy,Export,306560710,5,2019
Italy,Import,191715520,5,2019
Italy,Export,286585670,6,2019
Italy,Import,130438880,6,2019
Italy,Export,272521020,7,2019
Italy,Import,187474380,7,2019
Italy,Export,260449520,8,2019
Italy,Import,183774980,8,2019
Italy,Export,257518910,9,2019
Italy,Import,149413730,9,2019
Italy,Export,303522310,10,2019
Italy,Import,131165400,10,2019
Italy,Export,313139340,11,2019
Italy,Import,150004810,11,2019
Italy,Export,252812150,12,2019
Italy,Import,149347130,12,2019
Ixraen,Export,50402380,1,2019
Ixraen,Import,13583790,1,2019
Ixraen,Export,53973260,2,2019
Ixraen,Import,13320910,2,2019
Ixraen,Export,93744980,3,2019
Ixraen,Import,15917500,3,2019
Ixraen,Export,66158210,4,2019
Ixraen,Import,9939640,4,2019
Ixraen,Export,69617540,5,2019
Ixraen,Import,19582450,5,2019
Ixraen,Export,71553620,6,2019
Ixraen,Import,15248010,6,2019
Ixraen,Export,49297440,7,2019
Ixraen,Import,23327200,7,2019
Ixraen,Export,81427730,8,2019
Ixraen,Import,29835960,8,2019
Ixraen,Export,63762730,9,2019
Ixraen,Import,50838310,9,2019
Ixraen,Export,49709600,10,2019
Ixraen,Import,56951310,10,2019
Ixraen,Export,74698800,11,2019
Ixraen,Import,58503300,11,2019
Ixraen,Export,49729300,12,2019
Ixraen,Import,74985380,12,2019
Japan,Export,1901054840,1,2019
Japan,Import,1419401710,1,2019
Japan,Export,1039601540,2,2019
Japan,Import,1358838000,2,2019
Japan,Export,1685415750,3,2019
Japan,Import,1493687730,3,2019
Japan,Export,1469171440,4,2019
Japan,Import,1528169070,4,2019
Japan,Export,1835335650,5,2019
Japan,Import,1552252780,5,2019
Japan,Export,1728758330,6,2019
Japan,Import,1482920810,6,2019
Japan,Export,1786069470,7,2019
Japan,Import,1791503680,7,2019
Japan,Export,1882439260,8,2019
Japan,Import,1770621850,8,2019
Japan,Export,1655451960,9,2019
Japan,Import,1786514040,9,2019
Japan,Export,1849691630,10,2019
Japan,Import,1937726280,10,2019
Japan,Export,1724030840,11,2019
Japan,Import,1645774150,11,2019
Japan,Export,1855621650,12,2019
Japan,Import,1758109470,12,2019
Kazakhstan,Export,0,1,2019
Kazakhstan,Import,2472790,1,2019
Kazakhstan,Export,0,2,2019
Kazakhstan,Import,2434420,2,2019
Kazakhstan,Export,0,3,2019
Kazakhstan,Import,4613520,3,2019
Kazakhstan,Export,0,4,2019
Kazakhstan,Import,1558910,4,2019
Kazakhstan,Export,0,5,2019
Kazakhstan,Import,951290,5,2019
Kazakhstan,Export,0,6,2019
Kazakhstan,Import,1125870,6,2019
Kazakhstan,Export,0,7,2019
Kazakhstan,Import,693770,7,2019
Kazakhstan,Export,0,8,2019
Kazakhstan,Import,1878110,8,2019
Kazakhstan,Export,0,9,2019
Kazakhstan,Import,683590,9,2019
Kazakhstan,Export,0,10,2019
Kazakhstan,Import,811850,10,2019
Kazakhstan,Export,0,11,2019
Kazakhstan,Import,2662780,11,2019
Kazakhstan,Export,0,12,2019
Kazakhstan,Import,4214220,12,2019
Korea,Export,1839886570,1,2019
Korea,Import,4104729860,1,2019
Korea,Export,1084977240,2,2019
Korea,Import,3229061770,2,2019
Korea,Export,1702743050,3,2019
Korea,Import,4116752510,3,2019
Korea,Export,1593359140,4,2019
Korea,Import,3677097780,4,2019
Korea,Export,1494958330,5,2019
Korea,Import,3967592120,5,2019
Korea,Export,1403949360,6,2019
Korea,Import,3430344530,6,2019
Korea,Export,1692784840,7,2019
Korea,Import,4245074599,7,2019
Korea,Export,2035106800,8,2019
Korea,Import,4430123850,8,2019
Korea,Export,1947395870,9,2019
Korea,Import,4095122630,9,2019
Korea,Export,1895905850,10,2019
Korea,Import,4130445880,10,2019
Korea,Export,1559216840,11,2019
Korea,Import,3763682070,11,2019
Korea,Export,1469799510,12,2019
Korea,Import,3744548150,12,2019
Kuwait,Export,6560170,1,2019
Kuwait,Import,372475930,1,2019
Kuwait,Export,2806510,2,2019
Kuwait,Import,254749330,2,2019
Kuwait,Export,5239520,3,2019
Kuwait,Import,272896540,3,2019
Kuwait,Export,5925520,4,2019
Kuwait,Import,428616670,4,2019
Kuwait,Export,6014410,5,2019
Kuwait,Import,442606600,5,2019
Kuwait,Export,4795320,6,2019
Kuwait,Import,284717870,6,2019
Kuwait,Export,4126870,7,2019
Kuwait,Import,261400790,7,2019
Kuwait,Export,5580070,8,2019
Kuwait,Import,304089020,8,2019
Kuwait,Export,4059230,9,2019
Kuwait,Import,487546750,9,2019
Kuwait,Export,4087610,10,2019
Kuwait,Import,130108150,10,2019
Kuwait,Export,5754380,11,2019
Kuwait,Import,20338570,11,2019
Kuwait,Export,6707990,12,2019
Kuwait,Import,274412980,12,2019
Lao PDR,Export,57060000,1,2019
Lao PDR,Import,43639190,1,2019
Lao PDR,Export,40424090,2,2019
Lao PDR,Import,30660890,2,2019
Lao PDR,Export,65095820,3,2019
Lao PDR,Import,46131870,3,2019
Lao PDR,Export,62803710,4,2019
Lao PDR,Import,36013430,4,2019
Lao PDR,Export,67525870,5,2019
Lao PDR,Import,43206090,5,2019
Lao PDR,Export,54148280,6,2019
Lao PDR,Import,30113980,6,2019
Lao PDR,Export,57688170,7,2019
Lao PDR,Import,29255600,7,2019
Lao PDR,Export,47496910,8,2019
Lao PDR,Import,36823220,8,2019
Lao PDR,Export,53068080,9,2019
Lao PDR,Import,27288080,9,2019
Lao PDR,Export,67160250,10,2019
Lao PDR,Import,40492900,10,2019
Lao PDR,Export,60886940,11,2019
Lao PDR,Import,41377220,11,2019
Lao PDR,Export,67485080,12,2019
Lao PDR,Import,56823660,12,2019
Latvia,Export,16738810,1,2019
Latvia,Import,425420,1,2019
Latvia,Export,13375430,2,2019
Latvia,Import,2572300,2,2019
Latvia,Export,19771930,3,2019
Latvia,Import,1957260,3,2019
Latvia,Export,15305810,4,2019
Latvia,Import,831560,4,2019
Latvia,Export,16840330,5,2019
Latvia,Import,1110400,5,2019
Latvia,Export,15331580,6,2019
Latvia,Import,2773910,6,2019
Latvia,Export,17374210,7,2019
Latvia,Import,540380,7,2019
Latvia,Export,20260690,8,2019
Latvia,Import,1372970,8,2019
Latvia,Export,17878310,9,2019
Latvia,Import,1195510,9,2019
Latvia,Export,18470510,10,2019
Latvia,Import,662440,10,2019
Latvia,Export,20811520,11,2019
Latvia,Import,739300,11,2019
Latvia,Export,12338600,12,2019
Latvia,Import,978560,12,2019
Litva,Export,9678270,1,2019
Litva,Import,3267510,1,2019
Litva,Export,5807620,2,2019
Litva,Import,2784010,2,2019
Litva,Export,9814190,3,2019
Litva,Import,1680020,3,2019
Litva,Export,11163410,4,2019
Litva,Import,1553330,4,2019
Litva,Export,7826380,5,2019
Litva,Import,3457570,5,2019
Litva,Export,8039520,6,2019
Litva,Import,2129570,6,2019
Litva,Export,11934110,7,2019
Litva,Import,1084230,7,2019
Litva,Export,11159980,8,2019
Litva,Import,1157000,8,2019
Litva,Export,9902030,9,2019
Litva,Import,905310,9,2019
Litva,Export,10457770,10,2019
Litva,Import,2846070,10,2019
Litva,Export,11587340,11,2019
Litva,Import,1018430,11,2019
Litva,Export,10089580,12,2019
Litva,Import,3820320,12,2019
Luxembourg,Export,5506210,1,2019
Luxembourg,Import,1691080,1,2019
Luxembourg,Export,3701320,2,2019
Luxembourg,Import,1190250,2,2019
Luxembourg,Export,3773760,3,2019
Luxembourg,Import,1595180,3,2019
Luxembourg,Export,3414650,4,2019
Luxembourg,Import,3520570,4,2019
Luxembourg,Export,4736300,5,2019
Luxembourg,Import,6114510,5,2019
Luxembourg,Export,4003330,6,2019
Luxembourg,Import,4058400,6,2019
Luxembourg,Export,3926820,7,2019
Luxembourg,Import,2962940,7,2019
Luxembourg,Export,3646590,8,2019
Luxembourg,Import,5069080,8,2019
Luxembourg,Export,3746610,9,2019
Luxembourg,Import,5632000,9,2019
Luxembourg,Export,5224260,10,2019
Luxembourg,Import,3046060,10,2019
Luxembourg,Export,4861600,11,2019
Luxembourg,Import,8155890,11,2019
Luxembourg,Export,4489560,12,2019
Luxembourg,Import,2637680,12,2019
Malaysia,Export,303552140,1,2019
Malaysia,Import,562534720,1,2019
Malaysia,Export,249284820,2,2019
Malaysia,Import,433719230,2,2019
Malaysia,Export,365020080,3,2019
Malaysia,Import,702701570,3,2019
Malaysia,Export,337367190,4,2019
Malaysia,Import,670735760,4,2019
Malaysia,Export,332927340,5,2019
Malaysia,Import,664159580,5,2019
Malaysia,Export,365013040,6,2019
Malaysia,Import,494131000,6,2019
Malaysia,Export,315053750,7,2019
Malaysia,Import,674976650,7,2019
Malaysia,Export,338531030,8,2019
Malaysia,Import,650460240,8,2019
Malaysia,Export,318330870,9,2019
Malaysia,Import,554976000,9,2019
Malaysia,Export,294275800,10,2019
Malaysia,Import,647014600,10,2019
Malaysia,Export,276881510,11,2019
Malaysia,Import,546316360,11,2019
Malaysia,Export,292606830,12,2019
Malaysia,Import,689246860,12,2019
Malta,Export,1168200,1,2019
Malta,Import,2210940,1,2019
Malta,Export,833620,2,2019
Malta,Import,2446420,2,2019
Malta,Export,412840,3,2019
Malta,Import,2833340,3,2019
Malta,Export,935760,4,2019
Malta,Import,2656430,4,2019
Malta,Export,1190180,5,2019
Malta,Import,2471710,5,2019
Malta,Export,390980,6,2019
Malta,Import,1186370,6,2019
Malta,Export,617670,7,2019
Malta,Import,2868790,7,2019
Malta,Export,1102480,8,2019
Malta,Import,2269680,8,2019
Malta,Export,393230,9,2019
Malta,Import,2302660,9,2019
Malta,Export,1706690,10,2019
Malta,Import,2650940,10,2019
Malta,Export,924390,11,2019
Malta,Import,1733330,11,2019
Malta,Export,508930,12,2019
Malta,Import,1578460,12,2019
Mexico,Export,205601030,1,2019
Mexico,Import,39669090,1,2019
Mexico,Export,116024200,2,2019
Mexico,Import,36092080,2,2019
Mexico,Export,175319650,3,2019
Mexico,Import,60674030,3,2019
Mexico,Export,261706020,4,2019
Mexico,Import,56327430,4,2019
Mexico,Export,281678600,5,2019
Mexico,Import,51323200,5,2019
Mexico,Export,271311500,6,2019
Mexico,Import,45272650,6,2019
Mexico,Export,267888099,7,2019
Mexico,Import,60484360,7,2019
Mexico,Export,339974850,8,2019
Mexico,Import,50298240,8,2019
Mexico,Export,252127550,9,2019
Mexico,Import,61715080,9,2019
Mexico,Export,276131470,10,2019
Mexico,Import,51459820,10,2019
Mexico,Export,201798300,11,2019
Mexico,Import,60738240,11,2019
Mexico,Export,178037530,12,2019
Mexico,Import,68277910,12,2019
Myanmar,Export,55387280,1,2019
Myanmar,Import,22214020,1,2019
Myanmar,Export,35512070,2,2019
Myanmar,Import,19323430,2,2019
Myanmar,Export,69583320,3,2019
Myanmar,Import,21267760,3,2019
Myanmar,Export,67164360,4,2019
Myanmar,Import,21134830,4,2019
Myanmar,Export,65240070,5,2019
Myanmar,Import,22769160,5,2019
Myanmar,Export,59910130,6,2019
Myanmar,Import,16360670,6,2019
Myanmar,Export,55581830,7,2019
Myanmar,Import,17679690,7,2019
Myanmar,Export,62817710,8,2019
Myanmar,Import,19618770,8,2019
Myanmar,Export,61858460,9,2019
Myanmar,Import,14600590,9,2019
Myanmar,Export,62183380,10,2019
Myanmar,Import,20144270,10,2019
Myanmar,Export,58155310,11,2019
Myanmar,Import,17819910,11,2019
Myanmar,Export,67952820,12,2019
Myanmar,Import,18579360,12,2019
Netherlands,Export,595233340,1,2019
Netherlands,Import,63662190,1,2019
Netherlands,Export,363191170,2,2019
Netherlands,Import,52789350,2,2019
Netherlands,Export,629032030,3,2019
Netherlands,Import,50993290,3,2019
Netherlands,Export,533356030,4,2019
Netherlands,Import,45498330,4,2019
Netherlands,Export,559852370,5,2019
Netherlands,Import,72884860,5,2019
Netherlands,Export,560825920,6,2019
Netherlands,Import,51128050,6,2019
Netherlands,Export,575352690,7,2019
Netherlands,Import,49454590,7,2019
Netherlands,Export,618320910,8,2019
Netherlands,Import,62478400,8,2019
Netherlands,Export,526877010,9,2019
Netherlands,Import,50944780,9,2019
Netherlands,Export,619882950,10,2019
Netherlands,Import,56283150,10,2019
Netherlands,Export,671378760,11,2019
Netherlands,Import,51432560,11,2019
Netherlands,Export,627209000,12,2019
Netherlands,Import,53478260,12,2019
New Zealand,Export,32276480,1,2019
New Zealand,Import,35548070,1,2019
New Zealand,Export,38731190,2,2019
New Zealand,Import,57962320,2,2019
New Zealand,Export,56538980,3,2019
New Zealand,Import,45037760,3,2019
New Zealand,Export,53388220,4,2019
New Zealand,Import,46127150,4,2019
New Zealand,Export,39188810,5,2019
New Zealand,Import,48033830,5,2019
New Zealand,Export,45697530,6,2019
New Zealand,Import,36387410,6,2019
New Zealand,Export,42997050,7,2019
New Zealand,Import,56448790,7,2019
New Zealand,Export,52294470,8,2019
New Zealand,Import,52733200,8,2019
New Zealand,Export,43786990,9,2019
New Zealand,Import,39031480,9,2019
New Zealand,Export,50627060,10,2019
New Zealand,Import,46502730,10,2019
New Zealand,Export,52801660,11,2019
New Zealand,Import,44316130,11,2019
New Zealand,Export,34227760,12,2019
New Zealand,Import,44844230,12,2019
Norway,Export,15007850,1,2019
Norway,Import,28970920,1,2019
Norway,Export,5356900,2,2019
Norway,Import,21458650,2,2019
Norway,Export,24769680,3,2019
Norway,Import,27029870,3,2019
Norway,Export,7983650,4,2019
Norway,Import,19668590,4,2019
Norway,Export,10743860,5,2019
Norway,Import,36697710,5,2019
Norway,Export,12363760,6,2019
Norway,Import,18458480,6,2019
Norway,Export,8743130,7,2019
Norway,Import,32244520,7,2019
Norway,Export,10561810,8,2019
Norway,Import,24716120,8,2019
Norway,Export,6817540,9,2019
Norway,Import,18750880,9,2019
Norway,Export,7102050,10,2019
Norway,Import,23964430,10,2019
Norway,Export,9005510,11,2019
Norway,Import,30894810,11,2019
Norway,Export,11055140,12,2019
Norway,Import,29892690,12,2019
Pakistan,Export,33863690,1,2019
Pakistan,Import,13632480,1,2019
Pakistan,Export,27077400,2,2019
Pakistan,Import,9772940,2,2019
Pakistan,Export,32871739,3,2019
Pakistan,Import,12625410,3,2019
Pakistan,Export,25442580,4,2019
Pakistan,Import,15472800,4,2019
Pakistan,Export,25224000,5,2019
Pakistan,Import,20745720,5,2019
Pakistan,Export,23425640,6,2019
Pakistan,Import,12603660,6,2019
Pakistan,Export,26059790,7,2019
Pakistan,Import,13290560,7,2019
Pakistan,Export,29151350,8,2019
Pakistan,Import,11249370,8,2019
Pakistan,Export,31168640,9,2019
Pakistan,Import,13428420,9,2019
Pakistan,Export,31258420,10,2019
Pakistan,Import,12845840,10,2019
Pakistan,Export,35416980,11,2019
Pakistan,Import,12179070,11,2019
Pakistan,Export,37155600,12,2019
Pakistan,Import,12169360,12,2019
Peru,Export,22322190,1,2019
Peru,Import,3182170,1,2019
Peru,Export,14766660,2,2019
Peru,Import,2586830,2,2019
Peru,Export,17350140,3,2019
Peru,Import,8404050,3,2019
Peru,Export,31376190,4,2019
Peru,Import,14960200,4,2019
Peru,Export,27945740,5,2019
Peru,Import,5384010,5,2019
Peru,Export,36373750,6,2019
Peru,Import,4833790,6,2019
Peru,Export,37984660,7,2019
Peru,Import,7732210,7,2019
Peru,Export,38508990,8,2019
Peru,Import,8420290,8,2019
Peru,Export,36113700,9,2019
Peru,Import,3522570,9,2019
Peru,Export,34049470,10,2019
Peru,Import,4065470,10,2019
Peru,Export,28003080,11,2019
Peru,Import,8999720,11,2019
Peru,Export,16532550,12,2019
Peru,Import,9315090,12,2019
Philippines,Export,378962050,1,2019
Philippines,Import,116382410,1,2019
Philippines,Export,208402870,2,2019
Philippines,Import,99389270,2,2019
Philippines,Export,388995240,3,2019
Philippines,Import,138122810,3,2019
Philippines,Export,381743990,4,2019
Philippines,Import,151784550,4,2019
Philippines,Export,375069970,5,2019
Philippines,Import,129909800,5,2019
Philippines,Export,297377390,6,2019
Philippines,Import,127031560,6,2019
Philippines,Export,317714610,7,2019
Philippines,Import,176088110,7,2019
Philippines,Export,361034300,8,2019
Philippines,Import,124039530,8,2019
Philippines,Export,290207960,9,2019
Philippines,Import,111033760,9,2019
Philippines,Export,233173660,10,2019
Philippines,Import,124248460,10,2019
Philippines,Export,224759880,11,2019
Philippines,Import,140217500,11,2019
Philippines,Export,272216260,12,2019
Philippines,Import,139158940,12,2019
Poland,Export,129581390,1,2019
Poland,Import,29094070,1,2019
Poland,Export,96606530,2,2019
Poland,Import,13393810,2,2019
Poland,Export,142825560,3,2019
Poland,Import,20544040,3,2019
Poland,Export,125261590,4,2019
Poland,Import,21163720,4,2019
Poland,Export,112736430,5,2019
Poland,Import,28320140,5,2019
Poland,Export,96641060,6,2019
Poland,Import,21747290,6,2019
Poland,Export,105762480,7,2019
Poland,Import,28011520,7,2019
Poland,Export,155153210,8,2019
Poland,Import,21119280,8,2019
Poland,Export,137807790,9,2019
Poland,Import,24005420,9,2019
Poland,Export,161549420,10,2019
Poland,Import,27383190,10,2019
Poland,Export,123233740,11,2019
Poland,Import,29096890,11,2019
Poland,Export,113669550,12,2019
Poland,Import,35048910,12,2019
Portugal,Export,29145980,1,2019
Portugal,Import,11036000,1,2019
Portugal,Export,25810860,2,2019
Portugal,Import,8122930,2,2019
Portugal,Export,39085180,3,2019
Portugal,Import,8007150,3,2019
Portugal,Export,35185020,4,2019
Portugal,Import,7094620,4,2019
Portugal,Export,34086060,5,2019
Portugal,Import,5305670,5,2019
Portugal,Export,33578480,6,2019
Portugal,Import,7601550,6,2019
Portugal,Export,32400760,7,2019
Portugal,Import,21119940,7,2019
Portugal,Export,33932690,8,2019
Portugal,Import,6055570,8,2019
Portugal,Export,27873460,9,2019
Portugal,Import,7749430,9,2019
Portugal,Export,36683140,10,2019
Portugal,Import,6379480,10,2019
Portugal,Export,37481130,11,2019
Portugal,Import,9102980,11,2019
Portugal,Export,29765800,12,2019
Portugal,Import,6901530,12,2019
Romania,Export,19747010,1,2019
Romania,Import,6329530,1,2019
Romania,Export,10224350,2,2019
Romania,Import,5277730,2,2019
Romania,Export,20215690,3,2019
Romania,Import,4797850,3,2019
Romania,Export,18521020,4,2019
Romania,Import,4473190,4,2019
Romania,Export,18687050,5,2019
Romania,Import,5277990,5,2019
Romania,Export,16291350,6,2019
Romania,Import,3129120,6,2019
Romania,Export,14551610,7,2019
Romania,Import,3597070,7,2019
Romania,Export,15740230,8,2019
Romania,Import,7743000,8,2019
Romania,Export,15209980,9,2019
Romania,Import,5086190,9,2019
Romania,Export,15598110,10,2019
Romania,Import,6717070,10,2019
Romania,Export,14319080,11,2019
Romania,Import,6378480,11,2019
Romania,Export,14746720,12,2019
Romania,Import,8689820,12,2019
Russia Federation,Export,230008850,1,2019
Russia Federation,Import,192555000,1,2019
Russia Federation,Export,182274910,2,2019
Russia Federation,Import,115230500,2,2019
Russia Federation,Export,268626820,3,2019
Russia Federation,Import,146622130,3,2019
Russia Federation,Export,250133250,4,2019
Russia Federation,Import,137330120,4,2019
Russia Federation,Export,243854210,5,2019
Russia Federation,Import,105238120,5,2019
Russia Federation,Export,238403970,6,2019
Russia Federation,Import,108152470,6,2019
Russia Federation,Export,249910870,7,2019
Russia Federation,Import,189864650,7,2019
Russia Federation,Export,229453860,8,2019
Russia Federation,Import,173542380,8,2019
Russia Federation,Export,201795620,9,2019
Russia Federation,Import,141498480,9,2019
Russia Federation,Export,208064820,10,2019
Russia Federation,Import,161091470,10,2019
Russia Federation,Export,208829290,11,2019
Russia Federation,Import,177917450,11,2019
Russia Federation,Export,155831690,12,2019
Russia Federation,Import,176975000,12,2019
Saudi Arabia,Export,32770530,1,2019
Saudi Arabia,Import,111355170,1,2019
Saudi Arabia,Export,17696010,2,2019
Saudi Arabia,Import,90498010,2,2019
Saudi Arabia,Export,35249870,3,2019
Saudi Arabia,Import,107914560,3,2019
Saudi Arabia,Export,35906070,4,2019
Saudi Arabia,Import,94036000,4,2019
Saudi Arabia,Export,30991470,5,2019
Saudi Arabia,Import,98163400,5,2019
Saudi Arabia,Export,22648940,6,2019
Saudi Arabia,Import,111012370,6,2019
Saudi Arabia,Export,30600030,7,2019
Saudi Arabia,Import,98451790,7,2019
Saudi Arabia,Export,28706690,8,2019
Saudi Arabia,Import,99967620,8,2019
Saudi Arabia,Export,28713640,9,2019
Saudi Arabia,Import,98285680,9,2019
Saudi Arabia,Export,30719360,10,2019
Saudi Arabia,Import,100660000,10,2019
Saudi Arabia,Export,31667260,11,2019
Saudi Arabia,Import,78737130,11,2019
Saudi Arabia,Export,24193390,12,2019
Saudi Arabia,Import,95708300,12,2019
Senegal,Export,2193150,1,2019
Senegal,Import,0,1,2019
Senegal,Export,728000,2,2019
Senegal,Import,0,2,2019
Senegal,Export,3362970,3,2019
Senegal,Import,0,3,2019
Senegal,Export,1680500,4,2019
Senegal,Import,0,4,2019
Senegal,Export,1544510,5,2019
Senegal,Import,0,5,2019
Senegal,Export,4566440,6,2019
Senegal,Import,0,6,2019
Senegal,Export,867080,7,2019
Senegal,Import,0,7,2019
Senegal,Export,4904650,8,2019
Senegal,Import,0,8,2019
Senegal,Export,13907030,9,2019
Senegal,Import,0,9,2019
Senegal,Export,5062640,10,2019
Senegal,Import,0,10,2019
Senegal,Export,2606460,11,2019
Senegal,Import,0,11,2019
Senegal,Export,11140130,12,2019
Senegal,Import,0,12,2019
Singapore,Export,274094940,1,2019
Singapore,Import,329783730,1,2019
Singapore,Export,212375820,2,2019
Singapore,Import,294398240,2,2019
Singapore,Export,330511660,3,2019
Singapore,Import,334503510,3,2019
Singapore,Export,246069620,4,2019
Singapore,Import,371100750,4,2019
Singapore,Export,339764180,5,2019
Singapore,Import,384410410,5,2019
Singapore,Export,271601250,6,2019
Singapore,Import,313593980,6,2019
Singapore,Export,267171400,7,2019
Singapore,Import,370666380,7,2019
Singapore,Export,328231020,8,2019
Singapore,Import,290879370,8,2019
Singapore,Export,230302870,9,2019
Singapore,Import,279264830,9,2019
Singapore,Export,242256090,10,2019
Singapore,Import,457477030,10,2019
Singapore,Export,239039790,11,2019
Singapore,Import,308339460,11,2019
Singapore,Export,216336590,12,2019
Singapore,Import,356656800,12,2019
Slovakia,Export,91402650,1,2019
Slovakia,Import,3162910,1,2019
Slovakia,Export,56906770,2,2019
Slovakia,Import,7776370,2,2019
Slovakia,Export,78827020,3,2019
Slovakia,Import,2199560,3,2019
Slovakia,Export,51198420,4,2019
Slovakia,Import,2027580,4,2019
Slovakia,Export,74209470,5,2019
Slovakia,Import,6896560,5,2019
Slovakia,Export,83051620,6,2019
Slovakia,Import,1954980,6,2019
Slovakia,Export,102776620,7,2019
Slovakia,Import,4613640,7,2019
Slovakia,Export,92699570,8,2019
Slovakia,Import,2950040,8,2019
Slovakia,Export,77428430,9,2019
Slovakia,Import,2634900,9,2019
Slovakia,Export,90133760,10,2019
Slovakia,Import,3587150,10,2019
Slovakia,Export,53390600,11,2019
Slovakia,Import,3227530,11,2019
Slovakia,Export,60870340,12,2019
Slovakia,Import,3498070,12,2019
Slovenia,Export,38597520,1,2019
Slovenia,Import,4021060,1,2019
Slovenia,Export,18840730,2,2019
Slovenia,Import,4582810,2,2019
Slovenia,Export,26474520,3,2019
Slovenia,Import,6049000,3,2019
Slovenia,Export,28522060,4,2019
Slovenia,Import,5997250,4,2019
Slovenia,Export,30374130,5,2019
Slovenia,Import,7700440,5,2019
Slovenia,Export,28130100,6,2019
Slovenia,Import,8642140,6,2019
Slovenia,Export,32199630,7,2019
Slovenia,Import,5866860,7,2019
Slovenia,Export,29993040,8,2019
Slovenia,Import,5211070,8,2019
Slovenia,Export,29615540,9,2019
Slovenia,Import,6714930,9,2019
Slovenia,Export,25336050,10,2019
Slovenia,Import,5187190,10,2019
Slovenia,Export,26904400,11,2019
Slovenia,Import,5388770,11,2019
Slovenia,Export,27243950,12,2019
Slovenia,Import,4213770,12,2019
South Africa,Export,61152390,1,2019
South Africa,Import,23740320,1,2019
South Africa,Export,50403860,2,2019
South Africa,Import,21087620,2,2019
South Africa,Export,88409420,3,2019
South Africa,Import,28347800,3,2019
South Africa,Export,87348620,4,2019
South Africa,Import,16569460,4,2019
South Africa,Export,69969580,5,2019
South Africa,Import,24353350,5,2019
South Africa,Export,63514870,6,2019
South Africa,Import,36864310,6,2019
South Africa,Export,75375830,7,2019
South Africa,Import,42850530,7,2019
South Africa,Export,89192700,8,2019
South Africa,Import,43465680,8,2019
South Africa,Export,59563220,9,2019
South Africa,Import,12409700,9,2019
South Africa,Export,68567750,10,2019
South Africa,Import,36186720,10,2019
South Africa,Export,46458820,11,2019
South Africa,Import,21832370,11,2019
South Africa,Export,40063050,12,2019
South Africa,Import,22015470,12,2019
Spain,Export,264156630,1,2019
Spain,Import,54136000,1,2019
Spain,Export,147264920,2,2019
Spain,Import,30748850,2,2019
Spain,Export,248477030,3,2019
Spain,Import,47161190,3,2019
Spain,Export,210625530,4,2019
Spain,Import,44170160,4,2019
Spain,Export,205903420,5,2019
Spain,Import,56901280,5,2019
Spain,Export,250518040,6,2019
Spain,Import,41769630,6,2019
Spain,Export,249912010,7,2019
Spain,Import,44998720,7,2019
Spain,Export,239943590,8,2019
Spain,Import,63524720,8,2019
Spain,Export,192331890,9,2019
Spain,Import,22911360,9,2019
Spain,Export,232678820,10,2019
Spain,Import,36427300,10,2019
Spain,Export,263688919,11,2019
Spain,Import,42736590,11,2019
Spain,Export,212414700,12,2019
Spain,Import,54469940,12,2019
Sweden,Export,79703970,1,2019
Sweden,Import,25508420,1,2019
Sweden,Export,108479840,2,2019
Sweden,Import,19091950,2,2019
Sweden,Export,135782210,3,2019
Sweden,Import,27864670,3,2019
Sweden,Export,84307230,4,2019
Sweden,Import,23738850,4,2019
Sweden,Export,92636190,5,2019
Sweden,Import,51581820,5,2019
Sweden,Export,92867780,6,2019
Sweden,Import,38779100,6,2019
Sweden,Export,109643080,7,2019
Sweden,Import,38534480,7,2019
Sweden,Export,100934450,8,2019
Sweden,Import,23949920,8,2019
Sweden,Export,96976240,9,2019
Sweden,Import,37003740,9,2019
Sweden,Export,105943900,10,2019
Sweden,Import,28950610,10,2019
Sweden,Export,106443270,11,2019
Sweden,Import,26475960,11,2019
Sweden,Export,71191890,12,2019
Sweden,Import,31041320,12,2019
Switzerland,Export,15176870,1,2019
Switzerland,Import,69368200,1,2019
Switzerland,Export,20111350,2,2019
Switzerland,Import,47153850,2,2019
Switzerland,Export,11352610,3,2019
Switzerland,Import,54111130,3,2019
Switzerland,Export,18755490,4,2019
Switzerland,Import,55104510,4,2019
Switzerland,Export,14710990,5,2019
Switzerland,Import,83309450,5,2019
Switzerland,Export,250597800,6,2019
Switzerland,Import,83281410,6,2019
Switzerland,Export,450295480,7,2019
Switzerland,Import,55296950,7,2019
Switzerland,Export,446098070,8,2019
Switzerland,Import,38062710,8,2019
Switzerland,Export,205989070,9,2019
Switzerland,Import,50380600,9,2019
Switzerland,Export,75953360,10,2019
Switzerland,Import,53420600,10,2019
Switzerland,Export,36671150,11,2019
Switzerland,Import,53777810,11,2019
Switzerland,Export,15341740,12,2019
Switzerland,Import,76396510,12,2019
Taiwan,Export,291295210,1,2019
Taiwan,Import,1249225280,1,2019
Taiwan,Export,187035610,2,2019
Taiwan,Import,849925790,2,2019
Taiwan,Export,325047040,3,2019
Taiwan,Import,1256173390,3,2019
Taiwan,Export,306752270,4,2019
Taiwan,Import,1230357260,4,2019
Taiwan,Export,374602120,5,2019
Taiwan,Import,1438372290,5,2019
Taiwan,Export,370336080,6,2019
Taiwan,Import,1134717280,6,2019
Taiwan,Export,371071010,7,2019
Taiwan,Import,1353052930,7,2019
Taiwan,Export,472532170,8,2019
Taiwan,Import,1433022030,8,2019
Taiwan,Export,427838150,9,2019
Taiwan,Import,1273542690,9,2019
Taiwan,Export,352811700,10,2019
Taiwan,Import,1416448460,10,2019
Taiwan,Export,440360970,11,2019
Taiwan,Import,1306443010,11,2019
Taiwan,Export,471874820,12,2019
Taiwan,Import,1231449680,12,2019
Thailand,Export,579173000,1,2019
Thailand,Import,994232280,1,2019
Thailand,Export,278879480,2,2019
Thailand,Import,895142050,2,2019
Thailand,Export,531014910,3,2019
Thailand,Import,1079920110,3,2019
Thailand,Export,420681630,4,2019
Thailand,Import,1008638220,4,2019
Thailand,Export,526770449,5,2019
Thailand,Import,1085078160,5,2019
Thailand,Export,463771410,6,2019
Thailand,Import,947305870,6,2019
Thailand,Export,425351940,7,2019
Thailand,Import,991553990,7,2019
Thailand,Export,476605290,8,2019
Thailand,Import,889101150,8,2019
Thailand,Export,391603420,9,2019
Thailand,Import,922085440,9,2019
Thailand,Export,457932870,10,2019
Thailand,Import,1000216240,10,2019
Thailand,Export,396574070,11,2019
Thailand,Import,889039980,11,2019
Thailand,Export,323804250,12,2019
Thailand,Import,953286940,12,2019
Turkey,Export,127815610,1,2019
Turkey,Import,25830180,1,2019
Turkey,Export,88092560,2,2019
Turkey,Import,20696280,2,2019
Turkey,Export,108369680,3,2019
Turkey,Import,23067780,3,2019
Turkey,Export,121389780,4,2019
Turkey,Import,25451740,4,2019
Turkey,Export,108831830,5,2019
Turkey,Import,59505340,5,2019
Turkey,Export,108493530,6,2019
Turkey,Import,23379270,6,2019
Turkey,Export,110546650,7,2019
Turkey,Import,20761160,7,2019
Turkey,Export,80620020,8,2019
Turkey,Import,45903170,8,2019
Turkey,Export,75185270,9,2019
Turkey,Import,25020240,9,2019
Turkey,Export,78775480,10,2019
Turkey,Import,28039160,10,2019
Turkey,Export,64613930,11,2019
Turkey,Import,27336440,11,2019
Turkey,Export,67602610,12,2019
Turkey,Import,27791630,12,2019
Ukraine,Export,16495680,1,2019
Ukraine,Import,6530400,1,2019
Ukraine,Export,9270080,2,2019
Ukraine,Import,17513960,2,2019
Ukraine,Export,21456530,3,2019
Ukraine,Import,7584330,3,2019
Ukraine,Export,25708050,4,2019
Ukraine,Import,6323960,4,2019
Ukraine,Export,20630970,5,2019
Ukraine,Import,7212940,5,2019
Ukraine,Export,16347110,6,2019
Ukraine,Import,21606620,6,2019
Ukraine,Export,19572250,7,2019
Ukraine,Import,6758560,7,2019
Ukraine,Export,22632410,8,2019
Ukraine,Import,9936330,8,2019
Ukraine,Export,26820760,9,2019
Ukraine,Import,20884310,9,2019
Ukraine,Export,27719500,10,2019
Ukraine,Import,7164500,10,2019
Ukraine,Export,23537190,11,2019
Ukraine,Import,3492100,11,2019
Ukraine,Export,17371720,12,2019
Ukraine,Import,6851230,12,2019
United Arab Emirates,Export,491462590,1,2019
United Arab Emirates,Import,35130050,1,2019
United Arab Emirates,Export,362485740,2,2019
United Arab Emirates,Import,31930150,2,2019
United Arab Emirates,Export,675901890,3,2019
United Arab Emirates,Import,33173170,3,2019
United Arab Emirates,Export,534975470,4,2019
United Arab Emirates,Import,32937300,4,2019
United Arab Emirates,Export,455717330,5,2019
United Arab Emirates,Import,33057089,5,2019
United Arab Emirates,Export,376382920,6,2019
United Arab Emirates,Import,31281350,6,2019
United Arab Emirates,Export,366165180,7,2019
United Arab Emirates,Import,29301370,7,2019
United Arab Emirates,Export,386832050,8,2019
United Arab Emirates,Import,25382070,8,2019
United Arab Emirates,Export,327880650,9,2019
United Arab Emirates,Import,28188450,9,2019
United Arab Emirates,Export,263244849,10,2019
United Arab Emirates,Import,39740690,10,2019
United Arab Emirates,Export,255308850,11,2019
United Arab Emirates,Import,27467890,11,2019
United Arab Emirates,Export,288531160,12,2019
United Arab Emirates,Import,41325000,12,2019
United Kingdom,Export,466687880,1,2019
United Kingdom,Import,74137490,1,2019
United Kingdom,Export,329112730,2,2019
United Kingdom,Import,57170740,2,2019
United Kingdom,Export,574005250,3,2019
United Kingdom,Import,75556380,3,2019
United Kingdom,Export,484573870,4,2019
United Kingdom,Import,64104440,4,2019
United Kingdom,Export,461675550,5,2019
United Kingdom,Import,58666010,5,2019
United Kingdom,Export,472212930,6,2019
United Kingdom,Import,93736430,6,2019
United Kingdom,Export,477034920,7,2019
United Kingdom,Import,66535300,7,2019
United Kingdom,Export,535621720,8,2019
United Kingdom,Import,67943210,8,2019
United Kingdom,Export,461659880,9,2019
United Kingdom,Import,63911080,9,2019
United Kingdom,Export,557182860,10,2019
United Kingdom,Import,78163820,10,2019
United Kingdom,Export,530521800,11,2019
United Kingdom,Import,82631680,11,2019
United Kingdom,Export,407308130,12,2019
United Kingdom,Import,74844930,12,2019
United States,Export,5151429600,1,2019
United States,Import,1075581240,1,2019
United States,Export,3026552510,2,2019
United States,Import,752585570,2,2019
United States,Export,5139453220,3,2019
United States,Import,1194571260,3,2019
United States,Export,4555468870,4,2019
United States,Import,1381408730,4,2019
United States,Export,4850273220,5,2019
United States,Import,1307560970,5,2019
United States,Export,4784904440,6,2019
United States,Import,1205880910,6,2019
United States,Export,5477029040,7,2019
United States,Import,1234783720,7,2019
United States,Export,6274792720,8,2019
United States,Import,1286804390,8,2019
United States,Export,5391016200,9,2019
United States,Import,1248880810,9,2019
United States,Export,5645658450,10,2019
United States,Import,1154074360,10,2019
United States,Export,5311619640,11,2019
United States,Import,1223351720,11,2019
United States,Export,5738391650,12,2019
United States,Import,1299908760,12,2019
Argentina,Export,28234870,1,2020
Argentina,Import,175777690,1,2020
Argentina,Export,37599150,2,2020
Argentina,Import,213201920,2,2020
Argentina,Export,53949650,3,2020
Argentina,Import,180946600,3,2020
Argentina,Export,21045860,4,2020
Argentina,Import,222175520,4,2020
Argentina,Export,23024790,5,2020
Argentina,Import,293307130,5,2020
Argentina,Export,60774030,6,2020
Argentina,Import,362155720,6,2020
Argentina,Export,52994690,7,2020
Argentina,Import,424893310,7,2020
Argentina,Export,60797600,8,2020
Argentina,Import,373134830,8,2020
Argentina,Export,69031870,9,2020
Argentina,Import,385149560,9,2020
Argentina,Export,55147930,10,2020
Argentina,Import,287998820,10,2020
Argentina,Export,48250790,11,2020
Argentina,Import,211721680,11,2020
Argentina,Export,56248550,12,2020
Argentina,Import,253722140,12,2020
Australia,Export,241615520,1,2020
Australia,Import,382140450,1,2020
Australia,Export,309506880,2,2020
Australia,Import,352932350,2,2020
Australia,Export,373260530,3,2020
Australia,Import,341294260,3,2020
Australia,Export,279775760,4,2020
Australia,Import,434181770,4,2020
Australia,Export,200418530,5,2020
Australia,Import,423871580,5,2020
Australia,Export,244389030,6,2020
Australia,Import,370333580,6,2020
Australia,Export,324629810,7,2020
Australia,Import,338809340,7,2020
Australia,Export,366199010,8,2020
Australia,Import,335387830,8,2020
Australia,Export,303071750,9,2020
Australia,Import,446898300,9,2020
Australia,Export,346009400,10,2020
Australia,Import,358629070,10,2020
Australia,Export,302358620,11,2020
Australia,Import,363991410,11,2020
Australia,Export,329370800,12,2020
Australia,Import,528554020,12,2020
Austria,Export,191381010,1,2020
Austria,Import,18503130,1,2020
Austria,Export,283310770,2,2020
Austria,Import,26001560,2,2020
Austria,Export,355335120,3,2020
Austria,Import,21384660,3,2020
Austria,Export,150348510,4,2020
Austria,Import,29261660,4,2020
Austria,Export,195493750,5,2020
Austria,Import,22012470,5,2020
Austria,Export,247199490,6,2020
Austria,Import,22714980,6,2020
Austria,Export,236608070,7,2020
Austria,Import,21575040,7,2020
Austria,Export,325169410,8,2020
Austria,Import,30917480,8,2020
Austria,Export,240311510,9,2020
Austria,Import,29625870,9,2020
Austria,Export,271483110,10,2020
Austria,Import,18729940,10,2020
Austria,Export,209479980,11,2020
Austria,Import,22431960,11,2020
Austria,Export,176307040,12,2020
Austria,Import,35088230,12,2020
Belarus,Export,0,1,2020
Belarus,Import,16540840,1,2020
Belarus,Export,0,2,2020
Belarus,Import,1014840,2,2020
Belarus,Export,0,3,2020
Belarus,Import,630670,3,2020
Belarus,Export,0,4,2020
Belarus,Import,9768810,4,2020
Belarus,Export,0,5,2020
Belarus,Import,10006650,5,2020
Belarus,Export,0,6,2020
Belarus,Import,1260750,6,2020
Belarus,Export,0,7,2020
Belarus,Import,974400,7,2020
Belarus,Export,0,8,2020
Belarus,Import,11992780,8,2020
Belarus,Export,0,9,2020
Belarus,Import,7932680,9,2020
Belarus,Export,0,10,2020
Belarus,Import,1308460,10,2020
Belarus,Export,0,11,2020
Belarus,Import,6538900,11,2020
Belarus,Export,0,12,2020
Belarus,Import,9485540,12,2020
Belgium,Export,167495750,1,2020
Belgium,Import,27710400,1,2020
Belgium,Export,182218460,2,2020
Belgium,Import,45153520,2,2020
Belgium,Export,200949790,3,2020
Belgium,Import,48497590,3,2020
Belgium,Export,192206370,4,2020
Belgium,Import,33965190,4,2020
Belgium,Export,189380140,5,2020
Belgium,Import,33671560,5,2020
Belgium,Export,193434930,6,2020
Belgium,Import,31283890,6,2020
Belgium,Export,185220650,7,2020
Belgium,Import,46872780,7,2020
Belgium,Export,183000860,8,2020
Belgium,Import,37951630,8,2020
Belgium,Export,182546070,9,2020
Belgium,Import,30624730,9,2020
Belgium,Export,197803820,10,2020
Belgium,Import,67451020,10,2020
Belgium,Export,188986970,11,2020
Belgium,Import,32710780,11,2020
Belgium,Export,251562240,12,2020
Belgium,Import,37931840,12,2020
Brazil,Export,139793500,1,2020
Brazil,Import,194453210,1,2020
Brazil,Export,192860810,2,2020
Brazil,Import,201834950,2,2020
Brazil,Export,178704640,3,2020
Brazil,Import,184037580,3,2020
Brazil,Export,89698290,4,2020
Brazil,Import,167112120,4,2020
Brazil,Export,87506920,5,2020
Brazil,Import,201828990,5,2020
Brazil,Export,98942880,6,2020
Brazil,Import,249489880,6,2020
Brazil,Export,182973160,7,2020
Brazil,Import,215436180,7,2020
Brazil,Export,198967700,8,2020
Brazil,Import,283543850,8,2020
Brazil,Export,151747600,9,2020
Brazil,Import,252777980,9,2020
Brazil,Export,179906670,10,2020
Brazil,Import,312975390,10,2020
Brazil,Export,136303400,11,2020
Brazil,Import,300882080,11,2020
Brazil,Export,188845220,12,2020
Brazil,Import,342897270,12,2020
Brunei,Export,4214460,1,2020
Brunei,Import,51864200,1,2020
Brunei,Export,1668860,2,2020
Brunei,Import,33386269,2,2020
Brunei,Export,2494920,3,2020
Brunei,Import,35152580,3,2020
Brunei,Export,1051950,4,2020
Brunei,Import,9505290,4,2020
Brunei,Export,1214280,5,2020
Brunei,Import,26004470,5,2020
Brunei,Export,793890,6,2020
Brunei,Import,13207140,6,2020
Brunei,Export,801430,7,2020
Brunei,Import,23996840,7,2020
Brunei,Export,668890,8,2020
Brunei,Import,13472890,8,2020
Brunei,Export,588810,9,2020
Brunei,Import,12240200,9,2020
Brunei,Export,787050,10,2020
Brunei,Import,8620600,10,2020
Brunei,Export,1595870,11,2020
Brunei,Import,10840600,11,2020
Brunei,Export,753390,12,2020
Brunei,Import,27262390,12,2020
Bungary,Export,4279090,1,2020
Bungary,Import,9481150,1,2020
Bungary,Export,3959430,2,2020
Bungary,Import,4103850,2,2020
Bungary,Export,4608070,3,2020
Bungary,Import,4678980,3,2020
Bungary,Export,6064360,4,2020
Bungary,Import,3270490,4,2020
Bungary,Export,4164479,5,2020
Bungary,Import,4183500,5,2020
Bungary,Export,5451250,6,2020
Bungary,Import,4902690,6,2020
Bungary,Export,5593200,7,2020
Bungary,Import,5467050,7,2020
Bungary,Export,4049070,8,2020
Bungary,Import,5240310,8,2020
Bungary,Export,3233090,9,2020
Bungary,Import,3288120,9,2020
Bungary,Export,5543410,10,2020
Bungary,Import,4238560,10,2020
Bungary,Export,5450070,11,2020
Bungary,Import,5926070,11,2020
Bungary,Export,5843890,12,2020
Bungary,Import,5731860,12,2020
Cambodia,Export,311805800,1,2020
Cambodia,Import,61408120,1,2020
Cambodia,Export,359062890,2,2020
Cambodia,Import,77371320,2,2020
Cambodia,Export,381280570,3,2020
Cambodia,Import,133556500,3,2020
Cambodia,Export,303484080,4,2020
Cambodia,Import,125757460,4,2020
Cambodia,Export,333346830,5,2020
Cambodia,Import,78026470,5,2020
Cambodia,Export,334784450,6,2020
Cambodia,Import,51868730,6,2020
Cambodia,Export,371359860,7,2020
Cambodia,Import,64838530,7,2020
Cambodia,Export,308933950,8,2020
Cambodia,Import,76794900,8,2020
Cambodia,Export,343062960,9,2020
Cambodia,Import,77417720,9,2020
Cambodia,Export,338907410,10,2020
Cambodia,Import,96357480,10,2020
Cambodia,Export,332853820,11,2020
Cambodia,Import,137750030,11,2020
Cambodia,Export,430082080,12,2020
Cambodia,Import,197285170,12,2020
Cameroon,Export,0,1,2020
Cameroon,Import,14465060,1,2020
Cameroon,Export,0,2,2020
Cameroon,Import,9623340,2,2020
Cameroon,Export,0,3,2020
Cameroon,Import,11811600,3,2020
Cameroon,Export,0,4,2020
Cameroon,Import,9284960,4,2020
Cameroon,Export,0,5,2020
Cameroon,Import,14588490,5,2020
Cameroon,Export,0,6,2020
Cameroon,Import,10350440,6,2020
Cameroon,Export,0,7,2020
Cameroon,Import,15614250,7,2020
Cameroon,Export,0,8,2020
Cameroon,Import,14902830,8,2020
Cameroon,Export,0,9,2020
Cameroon,Import,12745770,9,2020
Cameroon,Export,0,10,2020
Cameroon,Import,14037960,10,2020
Cameroon,Export,0,11,2020
Cameroon,Import,10101040,11,2020
Cameroon,Export,0,12,2020
Cameroon,Import,15631110,12,2020
Canada,Export,257428320,1,2020
Canada,Import,61540800,1,2020
Canada,Export,320452000,2,2020
Canada,Import,63079550,2,2020
Canada,Export,397183720,3,2020
Canada,Import,43204590,3,2020
Canada,Export,207296100,4,2020
Canada,Import,68675870,4,2020
Canada,Export,261644900,5,2020
Canada,Import,60212760,5,2020
Canada,Export,331758000,6,2020
Canada,Import,92929820,6,2020
Canada,Export,431500470,7,2020
Canada,Import,36882380,7,2020
Canada,Export,481993800,8,2020
Canada,Import,62755130,8,2020
Canada,Export,419542250,9,2020
Canada,Import,58487030,9,2020
Canada,Export,489880280,10,2020
Canada,Import,54419620,10,2020
Canada,Export,372091400,11,2020
Canada,Import,57180780,11,2020
Canada,Export,390444790,12,2020
Canada,Import,67015880,12,2020
Chile,Export,62339050,1,2020
Chile,Import,14564630,1,2020
Chile,Export,101993810,2,2020
Chile,Import,19269610,2,2020
Chile,Export,123010960,3,2020
Chile,Import,26780350,3,2020
Chile,Export,44141870,4,2020
Chile,Import,26552910,4,2020
Chile,Export,39048320,5,2020
Chile,Import,22308690,5,2020
Chile,Export,61838090,6,2020
Chile,Import,26045780,6,2020
Chile,Export,68922670,7,2020
Chile,Import,22105920,7,2020
Chile,Export,99717930,8,2020
Chile,Import,15957210,8,2020
Chile,Export,129047500,9,2020
Chile,Import,20441000,9,2020
Chile,Export,108490930,10,2020
Chile,Import,20982970,10,2020
Chile,Export,89993930,11,2020
Chile,Import,20334620,11,2020
Chile,Export,89779260,12,2020
Chile,Import,30211000,12,2020
"China, PR",Export,2740480640,1,2020
"China, PR",Import,5557165320,1,2020
"China, PR",Export,2735895710,2,2020
"China, PR",Import,3733578410,2,2020
"China, PR",Export,3868847190,3,2020
"China, PR",Import,6866598860,3,2020
"China, PR",Export,3379162220,4,2020
"China, PR",Import,6226828840,4,2020
"China, PR",Export,3251312540,5,2020
"China, PR",Import,5991744300,5,2020
"China, PR",Export,3690828370,6,2020
"China, PR",Import,6543051410,6,2020
"China, PR",Export,3495285520,7,2020
"China, PR",Import,7107582510,7,2020
"China, PR",Export,4188190070,8,2020
"China, PR",Import,7342902320,8,2020
"China, PR",Export,5177562000,9,2020
"China, PR",Import,8232360300,9,2020
"China, PR",Export,5418048890,10,2020
"China, PR",Import,8013649850,10,2020
"China, PR",Export,5287601800,11,2020
"China, PR",Import,9051840340,11,2020
"China, PR",Export,5671941840,12,2020
"China, PR",Import,9519549990,12,2020
Croatia,Export,5156180,1,2020
Croatia,Import,1074280,1,2020
Croatia,Export,4606700,2,2020
Croatia,Import,2191130,2,2020
Croatia,Export,5260810,3,2020
Croatia,Import,1647120,3,2020
Croatia,Export,8664440,4,2020
Croatia,Import,1850590,4,2020
Croatia,Export,3977190,5,2020
Croatia,Import,2171270,5,2020
Croatia,Export,3925890,6,2020
Croatia,Import,2939750,6,2020
Croatia,Export,3425340,7,2020
Croatia,Import,898610,7,2020
Croatia,Export,2685860,8,2020
Croatia,Import,1404710,8,2020
Croatia,Export,2174370,9,2020
Croatia,Import,1510630,9,2020
Croatia,Export,2691600,10,2020
Croatia,Import,3056150,10,2020
Croatia,Export,3308980,11,2020
Croatia,Import,3238080,11,2020
Croatia,Export,4535970,12,2020
Croatia,Import,3731890,12,2020
Cyprus,Export,2260790,1,2020
Cyprus,Import,4681680,1,2020
Cyprus,Export,3036440,2,2020
Cyprus,Import,3545190,2,2020
Cyprus,Export,2660770,3,2020
Cyprus,Import,5223830,3,2020
Cyprus,Export,2831930,4,2020
Cyprus,Import,4342170,4,2020
Cyprus,Export,3688490,5,2020
Cyprus,Import,3410850,5,2020
Cyprus,Export,3702790,6,2020
Cyprus,Import,3133110,6,2020
Cyprus,Export,4308170,7,2020
Cyprus,Import,6046720,7,2020
Cyprus,Export,2477020,8,2020
Cyprus,Import,9874900,8,2020
Cyprus,Export,3311860,9,2020
Cyprus,Import,1539770,9,2020
Cyprus,Export,3180840,10,2020
Cyprus,Import,8034260,10,2020
Cyprus,Export,2987230,11,2020
Cyprus,Import,6989910,11,2020
Cyprus,Export,3685370,12,2020
Cyprus,Import,4487940,12,2020
Czech Republic,Export,14983550,1,2020
Czech Republic,Import,10973930,1,2020
Czech Republic,Export,21905980,2,2020
Czech Republic,Import,12141220,2,2020
Czech Republic,Export,50184000,3,2020
Czech Republic,Import,10322140,3,2020
Czech Republic,Export,30127660,4,2020
Czech Republic,Import,7834390,4,2020
Czech Republic,Export,45930660,5,2020
Czech Republic,Import,9395470,5,2020
Czech Republic,Export,29236430,6,2020
Czech Republic,Import,10600630,6,2020
Czech Republic,Export,27123060,7,2020
Czech Republic,Import,11568720,7,2020
Czech Republic,Export,31786850,8,2020
Czech Republic,Import,11028810,8,2020
Czech Republic,Export,31007010,9,2020
Czech Republic,Import,11923530,9,2020
Czech Republic,Export,52522550,10,2020
Czech Republic,Import,8655700,10,2020
Czech Republic,Export,44957700,11,2020
Czech Republic,Import,10893440,11,2020
Czech Republic,Export,44703770,12,2020
Czech Republic,Import,14925450,12,2020
Côte d'lvoire,Export,6009230,1,2020
Côte d'lvoire,Import,12763570,1,2020
Côte d'lvoire,Export,10088830,2,2020
Côte d'lvoire,Import,15257610,2,2020
Côte d'lvoire,Export,25121050,3,2020
Côte d'lvoire,Import,18847960,3,2020
Côte d'lvoire,Export,6964390,4,2020
Côte d'lvoire,Import,8092980,4,2020
Côte d'lvoire,Export,31723990,5,2020
Côte d'lvoire,Import,33283800,5,2020
Côte d'lvoire,Export,31015920,6,2020
Côte d'lvoire,Import,96189320,6,2020
Côte d'lvoire,Export,31790590,7,2020
Côte d'lvoire,Import,58824420,7,2020
Côte d'lvoire,Export,40217250,8,2020
Côte d'lvoire,Import,100683540,8,2020
Côte d'lvoire,Export,19057860,9,2020
Côte d'lvoire,Import,87109790,9,2020
Côte d'lvoire,Export,23549140,10,2020
Côte d'lvoire,Import,57402520,10,2020
Côte d'lvoire,Export,27978250,11,2020
Côte d'lvoire,Import,80992910,11,2020
Côte d'lvoire,Export,9474850,12,2020
Côte d'lvoire,Import,74929780,12,2020
Denmark,Export,27187600,1,2020
Denmark,Import,12077650,1,2020
Denmark,Export,21342120,2,2020
Denmark,Import,16442400,2,2020
Denmark,Export,25739040,3,2020
Denmark,Import,18820470,3,2020
Denmark,Export,21745980,4,2020
Denmark,Import,15674430,4,2020
Denmark,Export,21815830,5,2020
Denmark,Import,18605450,5,2020
Denmark,Export,23119860,6,2020
Denmark,Import,14060020,6,2020
Denmark,Export,30882100,7,2020
Denmark,Import,14383240,7,2020
Denmark,Export,22820240,8,2020
Denmark,Import,17143160,8,2020
Denmark,Export,20440570,9,2020
Denmark,Import,23727330,9,2020
Denmark,Export,23137170,10,2020
Denmark,Import,15504560,10,2020
Denmark,Export,22661260,11,2020
Denmark,Import,14943690,11,2020
Denmark,Export,34121000,12,2020
Denmark,Import,22303700,12,2020
Estonia,Export,1961030,1,2020
Estonia,Import,614820,1,2020
Estonia,Export,2018040,2,2020
Estonia,Import,1374140,2,2020
Estonia,Export,2716330,3,2020
Estonia,Import,721670,3,2020
Estonia,Export,10100810,4,2020
Estonia,Import,1057650,4,2020
Estonia,Export,10263160,5,2020
Estonia,Import,1983200,5,2020
Estonia,Export,2144060,6,2020
Estonia,Import,1999760,6,2020
Estonia,Export,2401740,7,2020
Estonia,Import,604170,7,2020
Estonia,Export,4937310,8,2020
Estonia,Import,1173930,8,2020
Estonia,Export,3578360,9,2020
Estonia,Import,1194990,9,2020
Estonia,Export,3788830,10,2020
Estonia,Import,2816070,10,2020
Estonia,Export,2391890,11,2020
Estonia,Import,1386430,11,2020
Estonia,Export,2550970,12,2020
Estonia,Import,1462060,12,2020
FR. Germany,Export,455037880,1,2020
FR. Germany,Import,217537760,1,2020
FR. Germany,Export,547633250,2,2020
FR. Germany,Import,270541830,2,2020
FR. Germany,Export,685408840,3,2020
FR. Germany,Import,244821720,3,2020
FR. Germany,Export,498220480,4,2020
FR. Germany,Import,255099900,4,2020
FR. Germany,Export,562811220,5,2020
FR. Germany,Import,280146180,5,2020
FR. Germany,Export,545846640,6,2020
FR. Germany,Import,298381100,6,2020
FR. Germany,Export,500712260,7,2020
FR. Germany,Import,277958290,7,2020
FR. Germany,Export,579948850,8,2020
FR. Germany,Import,312946900,8,2020
FR. Germany,Export,571537880,9,2020
FR. Germany,Import,277560820,9,2020
FR. Germany,Export,580040890,10,2020
FR. Germany,Import,304793390,10,2020
FR. Germany,Export,522907630,11,2020
FR. Germany,Import,292673360,11,2020
FR. Germany,Export,593941870,12,2020
FR. Germany,Import,315073380,12,2020
Finland,Export,8558440,1,2020
Finland,Import,10512970,1,2020
Finland,Export,7563470,2,2020
Finland,Import,13587100,2,2020
Finland,Export,14857840,3,2020
Finland,Import,29400890,3,2020
Finland,Export,25098760,4,2020
Finland,Import,15474150,4,2020
Finland,Export,8365879,5,2020
Finland,Import,13981500,5,2020
Finland,Export,15495130,6,2020
Finland,Import,13575600,6,2020
Finland,Export,11433550,7,2020
Finland,Import,23244600,7,2020
Finland,Export,8518610,8,2020
Finland,Import,17818340,8,2020
Finland,Export,7017110,9,2020
Finland,Import,12402270,9,2020
Finland,Export,10961520,10,2020
Finland,Import,11321770,10,2020
Finland,Export,10137140,11,2020
Finland,Import,21902460,11,2020
Finland,Export,12884400,12,2020
Finland,Import,13421030,12,2020
France,Export,239936360,1,2020
France,Import,91331750,1,2020
France,Export,266598820,2,2020
France,Import,126367400,2,2020
France,Export,265108030,3,2020
France,Import,128702440,3,2020
France,Export,139935710,4,2020
France,Import,123362400,4,2020
France,Export,285478360,5,2020
France,Import,102603090,5,2020
France,Export,378339970,6,2020
France,Import,140790550,6,2020
France,Export,317514990,7,2020
France,Import,137246900,7,2020
France,Export,313057760,8,2020
France,Import,120328350,8,2020
France,Export,292912880,9,2020
France,Import,106768360,9,2020
France,Export,311888120,10,2020
France,Import,118330870,10,2020
France,Export,245703400,11,2020
France,Import,130168350,11,2020
France,Export,240510440,12,2020
France,Import,194124850,12,2020
Greece,Export,17354000,1,2020
Greece,Import,6921680,1,2020
Greece,Export,23025170,2,2020
Greece,Import,9054120,2,2020
Greece,Export,30077940,3,2020
Greece,Import,6837050,3,2020
Greece,Export,11072130,4,2020
Greece,Import,5451090,4,2020
Greece,Export,19616330,5,2020
Greece,Import,3630060,5,2020
Greece,Export,19489220,6,2020
Greece,Import,6032150,6,2020
Greece,Export,25067190,7,2020
Greece,Import,6770320,7,2020
Greece,Export,23116390,8,2020
Greece,Import,7866000,8,2020
Greece,Export,19616650,9,2020
Greece,Import,5446730,9,2020
Greece,Export,28182660,10,2020
Greece,Import,7069290,10,2020
Greece,Export,27281660,11,2020
Greece,Import,5216700,11,2020
Greece,Export,15392070,12,2020
Greece,Import,7397010,12,2020
Hong Kong SAR (China),Export,454758240,1,2020
Hong Kong SAR (China),Import,67378310,1,2020
Hong Kong SAR (China),Export,512001220,2,2020
Hong Kong SAR (China),Import,79914730,2,2020
Hong Kong SAR (China),Export,655785640,3,2020
Hong Kong SAR (China),Import,93840100,3,2020
Hong Kong SAR (China),Export,646211480,4,2020
Hong Kong SAR (China),Import,73548970,4,2020
Hong Kong SAR (China),Export,896163610,5,2020
Hong Kong SAR (China),Import,65426040,5,2020
Hong Kong SAR (China),Export,945154600,6,2020
Hong Kong SAR (China),Import,78169490,6,2020
Hong Kong SAR (China),Export,954848710,7,2020
Hong Kong SAR (China),Import,100939000,7,2020
Hong Kong SAR (China),Export,1526220960,8,2020
Hong Kong SAR (China),Import,102626040,8,2020
Hong Kong SAR (China),Export,946822820,9,2020
Hong Kong SAR (China),Import,118226910,9,2020
Hong Kong SAR (China),Export,857090510,10,2020
Hong Kong SAR (China),Import,101641860,10,2020
Hong Kong SAR (China),Export,890396650,11,2020
Hong Kong SAR (China),Import,112675170,11,2020
Hong Kong SAR (China),Export,1151282780,12,2020
Hong Kong SAR (China),Import,118101330,12,2020
Hungary,Export,40337820,1,2020
Hungary,Import,21889830,1,2020
Hungary,Export,49587210,2,2020
Hungary,Import,19903120,2,2020
Hungary,Export,54877380,3,2020
Hungary,Import,26572720,3,2020
Hungary,Export,35167200,4,2020
Hungary,Import,23777580,4,2020
Hungary,Export,42209070,5,2020
Hungary,Import,24261680,5,2020
Hungary,Export,90334000,6,2020
Hungary,Import,27844970,6,2020
Hungary,Export,112177930,7,2020
Hungary,Import,36925480,7,2020
Hungary,Export,112217030,8,2020
Hungary,Import,41646710,8,2020
Hungary,Export,116482950,9,2020
Hungary,Import,32308520,9,2020
Hungary,Export,100840460,10,2020
Hungary,Import,38418850,10,2020
Hungary,Export,60724500,11,2020
Hungary,Import,37848320,11,2020
Hungary,Export,110137750,12,2020
Hungary,Import,40437510,12,2020
India,Export,433157880,1,2020
India,Import,371703670,1,2020
India,Export,501088260,2,2020
India,Import,347480830,2,2020
India,Export,464508020,3,2020
India,Import,335994640,3,2020
India,Export,171224650,4,2020
India,Import,193583850,4,2020
India,Export,223517590,5,2020
India,Import,270035030,5,2020
India,Export,366624700,6,2020
India,Import,477349760,6,2020
India,Export,426360580,7,2020
India,Import,485656960,7,2020
India,Export,535194449,8,2020
India,Import,480640510,8,2020
India,Export,633009740,9,2020
India,Import,367012040,9,2020
India,Export,584590060,10,2020
India,Import,357465410,10,2020
India,Export,422911060,11,2020
India,Import,374179580,11,2020
India,Export,473057770,12,2020
India,Import,374381140,12,2020
Indonesia,Export,252980370,1,2020
Indonesia,Import,360874900,1,2020
Indonesia,Export,305116730,2,2020
Indonesia,Import,435373850,2,2020
Indonesia,Export,285733320,3,2020
Indonesia,Import,538261480,3,2020
Indonesia,Export,167861460,4,2020
Indonesia,Import,385019550,4,2020
Indonesia,Export,118668410,5,2020
Indonesia,Import,399750240,5,2020
Indonesia,Export,173483200,6,2020
Indonesia,Import,367394020,6,2020
Indonesia,Export,216298640,7,2020
Indonesia,Import,392351440,7,2020
Indonesia,Export,222589910,8,2020
Indonesia,Import,393774650,8,2020
Indonesia,Export,234828550,9,2020
Indonesia,Import,488272260,9,2020
Indonesia,Export,283538360,10,2020
Indonesia,Import,511945730,10,2020
Indonesia,Export,294087470,11,2020
Indonesia,Import,514190010,11,2020
Indonesia,Export,270877080,12,2020
Indonesia,Import,594595970,12,2020
Ireland,Export,9093570,1,2020
Ireland,Import,297969630,1,2020
Ireland,Export,10368720,2,2020
Ireland,Import,326813620,2,2020
Ireland,Export,11531820,3,2020
Ireland,Import,353726790,3,2020
Ireland,Export,11860690,4,2020
Ireland,Import,348775200,4,2020
Ireland,Export,11026660,5,2020
Ireland,Import,363915360,5,2020
Ireland,Export,9530920,6,2020
Ireland,Import,298662790,6,2020
Ireland,Export,16070830,7,2020
Ireland,Import,202664860,7,2020
Ireland,Export,17869990,8,2020
Ireland,Import,337583410,8,2020
Ireland,Export,14226210,9,2020
Ireland,Import,350122030,9,2020
Ireland,Export,15439400,10,2020
Ireland,Import,374065090,10,2020
Ireland,Export,20942660,11,2020
Ireland,Import,386237790,11,2020
Ireland,Export,24618520,12,2020
Ireland,Import,420044640,12,2020
Italia,Export,255291890,1,2020
Italia,Import,120890000,1,2020
Italia,Export,238346610,2,2020
Italia,Import,128590760,2,2020
Italia,Export,265037440,3,2020
Italia,Import,146261300,3,2020
Italia,Export,155726180,4,2020
Italia,Import,109309190,4,2020
Italia,Export,248023800,5,2020
Italia,Import,105763010,5,2020
Italia,Export,293732030,6,2020
Italia,Import,124385590,6,2020
Italia,Export,291555470,7,2020
Italia,Import,128408690,7,2020
Italia,Export,281471890,8,2020
Italia,Import,122011450,8,2020
Italia,Export,255572690,9,2020
Italia,Import,124309640,9,2020
Italia,Export,286782990,10,2020
Italia,Import,113422270,10,2020
Italia,Export,262969490,11,2020
Italia,Import,123588440,11,2020
Italia,Export,282872590,12,2020
Italia,Import,164183650,12,2020
Ixraen,Export,49090300,1,2020
Ixraen,Import,64202000,1,2020
Ixraen,Export,59387020,2,2020
Ixraen,Import,63900130,2,2020
Ixraen,Export,83910390,3,2020
Ixraen,Import,80196420,3,2020
Ixraen,Export,30215210,4,2020
Ixraen,Import,81930140,4,2020
Ixraen,Export,51419200,5,2020
Ixraen,Import,85170210,5,2020
Ixraen,Export,86688830,6,2020
Ixraen,Import,54891300,6,2020
Ixraen,Export,53263690,7,2020
Ixraen,Import,71284700,7,2020
Ixraen,Export,72219470,8,2020
Ixraen,Import,60442790,8,2020
Ixraen,Export,47931440,9,2020
Ixraen,Import,59151600,9,2020
Ixraen,Export,40085090,10,2020
Ixraen,Import,95892110,10,2020
Ixraen,Export,50981460,11,2020
Ixraen,Import,89573420,11,2020
Ixraen,Export,58192160,12,2020
Ixraen,Import,86580330,12,2020
Japan,Export,1548763240,1,2020
Japan,Import,1288679440,1,2020
Japan,Export,1568214240,2,2020
Japan,Import,1806960390,2,2020
Japan,Export,1871548690,3,2020
Japan,Import,1782041700,3,2020
Japan,Export,1447168600,4,2020
Japan,Import,1605494750,4,2020
Japan,Export,1392510520,5,2020
Japan,Import,1289328090,5,2020
Japan,Export,1466896530,6,2020
Japan,Import,1659459500,6,2020
Japan,Export,1549655930,7,2020
Japan,Import,1617194790,7,2020
Japan,Export,1614000190,8,2020
Japan,Import,1735533270,8,2020
Japan,Export,1544261690,9,2020
Japan,Import,1842236800,9,2020
Japan,Export,1735907910,10,2020
Japan,Import,1925332120,10,2020
Japan,Export,1743169170,11,2020
Japan,Import,1866138460,11,2020
Japan,Export,1801863840,12,2020
Japan,Import,1922982050,12,2020
Kazakhstan,Export,0,1,2020
Kazakhstan,Import,2152600,1,2020
Kazakhstan,Export,0,2,2020
Kazakhstan,Import,4473630,2,2020
Kazakhstan,Export,0,3,2020
Kazakhstan,Import,2292210,3,2020
Kazakhstan,Export,0,4,2020
Kazakhstan,Import,1857980,4,2020
Kazakhstan,Export,0,5,2020
Kazakhstan,Import,620250,5,2020
Kazakhstan,Export,0,6,2020
Kazakhstan,Import,1900450,6,2020
Kazakhstan,Export,0,7,2020
Kazakhstan,Import,1027550,7,2020
Kazakhstan,Export,0,8,2020
Kazakhstan,Import,1965740,8,2020
Kazakhstan,Export,0,9,2020
Kazakhstan,Import,3868750,9,2020
Kazakhstan,Export,0,10,2020
Kazakhstan,Import,2630380,10,2020
Kazakhstan,Export,0,11,2020
Kazakhstan,Import,4753820,11,2020
Kazakhstan,Export,0,12,2020
Kazakhstan,Import,3569150,12,2020
Korea,Export,1384322550,1,2020
Korea,Import,3944292670,1,2020
Korea,Export,1567341220,2,2020
Korea,Import,3905011840,2,2020
Korea,Export,1757538510,3,2020
Korea,Import,3960933700,3,2020
Korea,Export,1466221170,4,2020
Korea,Import,2613670180,4,2020
Korea,Export,1496261740,5,2020
Korea,Import,2888576890,5,2020
Korea,Export,1467903440,6,2020
Korea,Import,3472950840,6,2020
Korea,Export,1709168410,7,2020
Korea,Import,3971740540,7,2020
Korea,Export,1839407780,8,2020
Korea,Import,3933555360,8,2020
Korea,Export,1788788050,9,2020
Korea,Import,4337639830,9,2020
Korea,Export,1618834390,10,2020
Korea,Import,4442356370,10,2020
Korea,Export,1341334090,11,2020
Korea,Import,4326963880,11,2020
Korea,Export,1670139840,12,2020
Korea,Import,5097743940,12,2020
Kuwait,Export,4687470,1,2020
Kuwait,Import,424029390,1,2020
Kuwait,Export,4507570,2,2020
Kuwait,Import,420549200,2,2020
Kuwait,Export,4767940,3,2020
Kuwait,Import,452274950,3,2020
Kuwait,Export,5562610,4,2020
Kuwait,Import,125294950,4,2020
Kuwait,Export,3859340,5,2020
Kuwait,Import,45909320,5,2020
Kuwait,Export,3581070,6,2020
Kuwait,Import,89363610,6,2020
Kuwait,Export,5157760,7,2020
Kuwait,Import,237757530,7,2020
Kuwait,Export,4582940,8,2020
Kuwait,Import,296217340,8,2020
Kuwait,Export,5551740,9,2020
Kuwait,Import,282696880,9,2020
Kuwait,Export,7144210,10,2020
Kuwait,Import,253072180,10,2020
Kuwait,Export,6456350,11,2020
Kuwait,Import,221891020,11,2020
Kuwait,Export,7153920,12,2020
Kuwait,Import,319021710,12,2020
Lao PDR,Export,44023920,1,2020
Lao PDR,Import,35863270,1,2020
Lao PDR,Export,51860270,2,2020
Lao PDR,Import,48591540,2,2020
Lao PDR,Export,54075550,3,2020
Lao PDR,Import,41880430,3,2020
Lao PDR,Export,30671640,4,2020
Lao PDR,Import,27199280,4,2020
Lao PDR,Export,46177010,5,2020
Lao PDR,Import,29220850,5,2020
Lao PDR,Export,50039660,6,2020
Lao PDR,Import,32100790,6,2020
Lao PDR,Export,45267000,7,2020
Lao PDR,Import,29919420,7,2020
Lao PDR,Export,46102320,8,2020
Lao PDR,Import,36426930,8,2020
Lao PDR,Export,53945770,9,2020
Lao PDR,Import,35472020,9,2020
Lao PDR,Export,42602230,10,2020
Lao PDR,Import,34082540,10,2020
Lao PDR,Export,49024070,11,2020
Lao PDR,Import,38385030,11,2020
Lao PDR,Export,57955550,12,2020
Lao PDR,Import,68993320,12,2020
Latvia,Export,12279060,1,2020
Latvia,Import,10089930,1,2020
Latvia,Export,16495740,2,2020
Latvia,Import,1576470,2,2020
Latvia,Export,24058210,3,2020
Latvia,Import,1134490,3,2020
Latvia,Export,9187610,4,2020
Latvia,Import,1628670,4,2020
Latvia,Export,9269940,5,2020
Latvia,Import,1131360,5,2020
Latvia,Export,16259610,6,2020
Latvia,Import,3211220,6,2020
Latvia,Export,19005020,7,2020
Latvia,Import,928510,7,2020
Latvia,Export,26250400,8,2020
Latvia,Import,1156640,8,2020
Latvia,Export,18319120,9,2020
Latvia,Import,1710880,9,2020
Latvia,Export,24363870,10,2020
Latvia,Import,893210,10,2020
Latvia,Export,22805910,11,2020
Latvia,Import,1435210,11,2020
Latvia,Export,11640130,12,2020
Latvia,Import,1230480,12,2020
Litva,Export,7827930,1,2020
Litva,Import,505660,1,2020
Litva,Export,8925800,2,2020
Litva,Import,1591940,2,2020
Litva,Export,10038240,3,2020
Litva,Import,1009500,3,2020
Litva,Export,9421610,4,2020
Litva,Import,1017600,4,2020
Litva,Export,8231639,5,2020
Litva,Import,1319370,5,2020
Litva,Export,7640310,6,2020
Litva,Import,1201760,6,2020
Litva,Export,9685230,7,2020
Litva,Import,2212790,7,2020
Litva,Export,9948900,8,2020
Litva,Import,3445040,8,2020
Litva,Export,9476700,9,2020
Litva,Import,1164490,9,2020
Litva,Export,8544710,10,2020
Litva,Import,883250,10,2020
Litva,Export,6720750,11,2020
Litva,Import,999720,11,2020
Litva,Export,8670640,12,2020
Litva,Import,3027240,12,2020
Luxembourg,Export,6543010,1,2020
Luxembourg,Import,3549820,1,2020
Luxembourg,Export,3665290,2,2020
Luxembourg,Import,6907940,2,2020
Luxembourg,Export,3222420,3,2020
Luxembourg,Import,4281250,3,2020
Luxembourg,Export,2501760,4,2020
Luxembourg,Import,3635850,4,2020
Luxembourg,Export,4843380,5,2020
Luxembourg,Import,2525780,5,2020
Luxembourg,Export,9493100,6,2020
Luxembourg,Import,2874890,6,2020
Luxembourg,Export,4731680,7,2020
Luxembourg,Import,3407860,7,2020
Luxembourg,Export,4813720,8,2020
Luxembourg,Import,3440730,8,2020
Luxembourg,Export,6730630,9,2020
Luxembourg,Import,4048080,9,2020
Luxembourg,Export,7217020,10,2020
Luxembourg,Import,5774930,10,2020
Luxembourg,Export,7226200,11,2020
Luxembourg,Import,2725970,11,2020
Luxembourg,Export,3891690,12,2020
Luxembourg,Import,2678470,12,2020
Malaysia,Export,236222660,1,2020
Malaysia,Import,439100640,1,2020
Malaysia,Export,359252520,2,2020
Malaysia,Import,529489630,2,2020
Malaysia,Export,347486330,3,2020
Malaysia,Import,550381790,3,2020
Malaysia,Export,156948590,4,2020
Malaysia,Import,374743460,4,2020
Malaysia,Export,241611500,5,2020
Malaysia,Import,499222410,5,2020
Malaysia,Export,271602520,6,2020
Malaysia,Import,640772430,6,2020
Malaysia,Export,286111320,7,2020
Malaysia,Import,670527100,7,2020
Malaysia,Export,306039140,8,2020
Malaysia,Import,575195030,8,2020
Malaysia,Export,286590660,9,2020
Malaysia,Import,544342860,9,2020
Malaysia,Export,318455050,10,2020
Malaysia,Import,602813600,10,2020
Malaysia,Export,302914870,11,2020
Malaysia,Import,541270960,11,2020
Malaysia,Export,306146620,12,2020
Malaysia,Import,607316020,12,2020
Malta,Export,836410,1,2020
Malta,Import,2483820,1,2020
Malta,Export,550060,2,2020
Malta,Import,3972230,2,2020
Malta,Export,553620,3,2020
Malta,Import,3510580,3,2020
Malta,Export,795990,4,2020
Malta,Import,2458860,4,2020
Malta,Export,738520,5,2020
Malta,Import,1527270,5,2020
Malta,Export,564880,6,2020
Malta,Import,3296380,6,2020
Malta,Export,389240,7,2020
Malta,Import,2249120,7,2020
Malta,Export,294290,8,2020
Malta,Import,4307170,8,2020
Malta,Export,366020,9,2020
Malta,Import,4418470,9,2020
Malta,Export,1657230,10,2020
Malta,Import,3215780,10,2020
Malta,Export,581740,11,2020
Malta,Import,4056030,11,2020
Malta,Export,6767380,12,2020
Malta,Import,3516770,12,2020
Mexico,Export,232714350,1,2020
Mexico,Import,37577850,1,2020
Mexico,Export,264488630,2,2020
Mexico,Import,47019650,2,2020
Mexico,Export,300730080,3,2020
Mexico,Import,43207140,3,2020
Mexico,Export,167746640,4,2020
Mexico,Import,36386120,4,2020
Mexico,Export,180051070,5,2020
Mexico,Import,49247300,5,2020
Mexico,Export,255149310,6,2020
Mexico,Import,41787970,6,2020
Mexico,Export,303525370,7,2020
Mexico,Import,46407050,7,2020
Mexico,Export,335029700,8,2020
Mexico,Import,39833170,8,2020
Mexico,Export,301544000,9,2020
Mexico,Import,40157070,9,2020
Mexico,Export,317786360,10,2020
Mexico,Import,43644240,10,2020
Mexico,Export,248630130,11,2020
Mexico,Import,51473740,11,2020
Mexico,Export,251883380,12,2020
Mexico,Import,46272010,12,2020
Myanmar,Export,58283550,1,2020
Myanmar,Import,17190830,1,2020
Myanmar,Export,69250400,2,2020
Myanmar,Import,14349240,2,2020
Myanmar,Export,66264530,3,2020
Myanmar,Import,24836770,3,2020
Myanmar,Export,53366710,4,2020
Myanmar,Import,17581410,4,2020
Myanmar,Export,42530570,5,2020
Myanmar,Import,12664910,5,2020
Myanmar,Export,51264870,6,2020
Myanmar,Import,19271950,6,2020
Myanmar,Export,59838880,7,2020
Myanmar,Import,22560680,7,2020
Myanmar,Export,51134280,8,2020
Myanmar,Import,23419090,8,2020
Myanmar,Export,51941830,9,2020
Myanmar,Import,16565529,9,2020
Myanmar,Export,40612000,10,2020
Myanmar,Import,11182820,10,2020
Myanmar,Export,35741950,11,2020
Myanmar,Import,9270830,11,2020
Myanmar,Export,53040130,12,2020
Myanmar,Import,30220410,12,2020
Netherlands,Export,475840920,1,2020
Netherlands,Import,41761270,1,2020
Netherlands,Export,513474080,2,2020
Netherlands,Import,53743290,2,2020
Netherlands,Export,634325870,3,2020
Netherlands,Import,49873940,3,2020
Netherlands,Export,486076280,4,2020
Netherlands,Import,55001370,4,2020
Netherlands,Export,529011459,5,2020
Netherlands,Import,49166050,5,2020
Netherlands,Export,597664970,6,2020
Netherlands,Import,55169050,6,2020
Netherlands,Export,597939940,7,2020
Netherlands,Import,51850130,7,2020
Netherlands,Export,588497570,8,2020
Netherlands,Import,56155100,8,2020
Netherlands,Export,607285100,9,2020
Netherlands,Import,55198500,9,2020
Netherlands,Export,670091070,10,2020
Netherlands,Import,60952410,10,2020
Netherlands,Export,566787430,11,2020
Netherlands,Import,53567990,11,2020
Netherlands,Export,732298190,12,2020
Netherlands,Import,74511210,12,2020
New Zealand,Export,26592900,1,2020
New Zealand,Import,43506590,1,2020
New Zealand,Export,43612010,2,2020
New Zealand,Import,59654850,2,2020
New Zealand,Export,44260120,3,2020
New Zealand,Import,51051320,3,2020
New Zealand,Export,27768460,4,2020
New Zealand,Import,37084110,4,2020
New Zealand,Export,31069530,5,2020
New Zealand,Import,41432220,5,2020
New Zealand,Export,38632540,6,2020
New Zealand,Import,54214740,6,2020
New Zealand,Export,46171120,7,2020
New Zealand,Import,58228350,7,2020
New Zealand,Export,53196650,8,2020
New Zealand,Import,49856910,8,2020
New Zealand,Export,42671470,9,2020
New Zealand,Import,34665000,9,2020
New Zealand,Export,51609540,10,2020
New Zealand,Import,37911860,10,2020
New Zealand,Export,48665600,11,2020
New Zealand,Import,42376070,11,2020
New Zealand,Export,44058910,12,2020
New Zealand,Import,47802950,12,2020
Norway,Export,12573730,1,2020
Norway,Import,26446790,1,2020
Norway,Export,11974880,2,2020
Norway,Import,22754260,2,2020
Norway,Export,14490190,3,2020
Norway,Import,23076030,3,2020
Norway,Export,6357910,4,2020
Norway,Import,33466230,4,2020
Norway,Export,9187160,5,2020
Norway,Import,26334230,5,2020
Norway,Export,9263970,6,2020
Norway,Import,29972500,6,2020
Norway,Export,9107250,7,2020
Norway,Import,26100770,7,2020
Norway,Export,76606180,8,2020
Norway,Import,31307530,8,2020
Norway,Export,5966420,9,2020
Norway,Import,24324540,9,2020
Norway,Export,8919430,10,2020
Norway,Import,18002890,10,2020
Norway,Export,40939250,11,2020
Norway,Import,21823320,11,2020
Norway,Export,11527060,12,2020
Norway,Import,28056270,12,2020
Pakistan,Export,29947210,1,2020
Pakistan,Import,9103820,1,2020
Pakistan,Export,31431800,2,2020
Pakistan,Import,8777410,2,2020
Pakistan,Export,31616400,3,2020
Pakistan,Import,9112710,3,2020
Pakistan,Export,16287530,4,2020
Pakistan,Import,7830480,4,2020
Pakistan,Export,24275870,5,2020
Pakistan,Import,7496650,5,2020
Pakistan,Export,22771190,6,2020
Pakistan,Import,6522760,6,2020
Pakistan,Export,33822710,7,2020
Pakistan,Import,8966380,7,2020
Pakistan,Export,36505090,8,2020
Pakistan,Import,7130390,8,2020
Pakistan,Export,37037480,9,2020
Pakistan,Import,15214460,9,2020
Pakistan,Export,49661390,10,2020
Pakistan,Import,12576320,10,2020
Pakistan,Export,44507580,11,2020
Pakistan,Import,10540680,11,2020
Pakistan,Export,39044870,12,2020
Pakistan,Import,14277000,12,2020
Peru,Export,23705740,1,2020
Peru,Import,15414120,1,2020
Peru,Export,37852750,2,2020
Peru,Import,6521110,2,2020
Peru,Export,37754120,3,2020
Peru,Import,7732730,3,2020
Peru,Export,12011690,4,2020
Peru,Import,5192390,4,2020
Peru,Export,7802550,5,2020
Peru,Import,1729110,5,2020
Peru,Export,7459900,6,2020
Peru,Import,2362800,6,2020
Peru,Export,19642480,7,2020
Peru,Import,935050,7,2020
Peru,Export,33906410,8,2020
Peru,Import,5483240,8,2020
Peru,Export,31987240,9,2020
Peru,Import,11434080,9,2020
Peru,Export,31687430,10,2020
Peru,Import,17260920,10,2020
Peru,Export,37395540,11,2020
Peru,Import,9032960,11,2020
Peru,Export,22531310,12,2020
Peru,Import,4335480,12,2020
Philippines,Export,235400470,1,2020
Philippines,Import,128113910,1,2020
Philippines,Export,334454200,2,2020
Philippines,Import,143205820,2,2020
Philippines,Export,402115190,3,2020
Philippines,Import,137444920,3,2020
Philippines,Export,231489470,4,2020
Philippines,Import,99449050,4,2020
Philippines,Export,342550820,5,2020
Philippines,Import,97970100,5,2020
Philippines,Export,245272550,6,2020
Philippines,Import,137810200,6,2020
Philippines,Export,271545610,7,2020
Philippines,Import,155352960,7,2020
Philippines,Export,371984910,8,2020
Philippines,Import,146760720,8,2020
Philippines,Export,272127560,9,2020
Philippines,Import,178638790,9,2020
Philippines,Export,268398599,10,2020
Philippines,Import,167632290,10,2020
Philippines,Export,232890350,11,2020
Philippines,Import,172503740,11,2020
Philippines,Export,341335260,12,2020
Philippines,Import,188844730,12,2020
Poland,Export,119091530,1,2020
Poland,Import,16005210,1,2020
Poland,Export,126891270,2,2020
Poland,Import,40687100,2,2020
Poland,Export,138787990,3,2020
Poland,Import,19618320,3,2020
Poland,Export,69189120,4,2020
Poland,Import,19143160,4,2020
Poland,Export,120615530,5,2020
Poland,Import,24378360,5,2020
Poland,Export,162168450,6,2020
Poland,Import,30323060,6,2020
Poland,Export,191786340,7,2020
Poland,Import,41768550,7,2020
Poland,Export,184469740,8,2020
Poland,Import,32692590,8,2020
Poland,Export,177619660,9,2020
Poland,Import,33660380,9,2020
Poland,Export,178333610,10,2020
Poland,Import,24370680,10,2020
Poland,Export,148810930,11,2020
Poland,Import,27809440,11,2020
Poland,Export,156279540,12,2020
Poland,Import,30158040,12,2020
Portugal,Export,25287520,1,2020
Portugal,Import,4193939,1,2020
Portugal,Export,33889810,2,2020
Portugal,Import,14040260,2,2020
Portugal,Export,32782620,3,2020
Portugal,Import,5671770,3,2020
Portugal,Export,13385810,4,2020
Portugal,Import,3284840,4,2020
Portugal,Export,27582480,5,2020
Portugal,Import,8254980,5,2020
Portugal,Export,32267290,6,2020
Portugal,Import,7867970,6,2020
Portugal,Export,35771710,7,2020
Portugal,Import,9223980,7,2020
Portugal,Export,41295000,8,2020
Portugal,Import,10755440,8,2020
Portugal,Export,31689500,9,2020
Portugal,Import,10515030,9,2020
Portugal,Export,36862410,10,2020
Portugal,Import,6830010,10,2020
Portugal,Export,36116130,11,2020
Portugal,Import,6199740,11,2020
Portugal,Export,29201200,12,2020
Portugal,Import,7933800,12,2020
Romania,Export,15997810,1,2020
Romania,Import,6024620,1,2020
Romania,Export,16152180,2,2020
Romania,Import,5309600,2,2020
Romania,Export,17364080,3,2020
Romania,Import,4793470,3,2020
Romania,Export,13087760,4,2020
Romania,Import,4765330,4,2020
Romania,Export,21766330,5,2020
Romania,Import,4821560,5,2020
Romania,Export,38325300,6,2020
Romania,Import,7083840,6,2020
Romania,Export,16384890,7,2020
Romania,Import,5551030,7,2020
Romania,Export,18941250,8,2020
Romania,Import,7083080,8,2020
Romania,Export,16205230,9,2020
Romania,Import,5615550,9,2020
Romania,Export,18709060,10,2020
Romania,Import,5467260,10,2020
Romania,Export,11772190,11,2020
Romania,Import,5770650,11,2020
Romania,Export,15492260,12,2020
Romania,Import,5909690,12,2020
Russia Federation,Export,155364870,1,2020
Russia Federation,Import,135161150,1,2020
Russia Federation,Export,181449220,2,2020
Russia Federation,Import,147337790,2,2020
Russia Federation,Export,215724780,3,2020
Russia Federation,Import,146535170,3,2020
Russia Federation,Export,203790950,4,2020
Russia Federation,Import,210809660,4,2020
Russia Federation,Export,214129650,5,2020
Russia Federation,Import,207652510,5,2020
Russia Federation,Export,291181030,6,2020
Russia Federation,Import,219791380,6,2020
Russia Federation,Export,356227100,7,2020
Russia Federation,Import,170634530,7,2020
Russia Federation,Export,285460500,8,2020
Russia Federation,Import,134939580,8,2020
Russia Federation,Export,270237270,9,2020
Russia Federation,Import,124233200,9,2020
Russia Federation,Export,207559180,10,2020
Russia Federation,Import,177573650,10,2020
Russia Federation,Export,258364360,11,2020
Russia Federation,Import,122338120,11,2020
Russia Federation,Export,212470580,12,2020
Russia Federation,Import,204408840,12,2020
Saudi Arabia,Export,25157990,1,2020
Saudi Arabia,Import,70185460,1,2020
Saudi Arabia,Export,31783550,2,2020
Saudi Arabia,Import,108119890,2,2020
Saudi Arabia,Export,38720500,3,2020
Saudi Arabia,Import,70551910,3,2020
Saudi Arabia,Export,18131580,4,2020
Saudi Arabia,Import,68591640,4,2020
Saudi Arabia,Export,19046790,5,2020
Saudi Arabia,Import,77314250,5,2020
Saudi Arabia,Export,64914840,6,2020
Saudi Arabia,Import,80687960,6,2020
Saudi Arabia,Export,24611440,7,2020
Saudi Arabia,Import,97921030,7,2020
Saudi Arabia,Export,56429610,8,2020
Saudi Arabia,Import,117871550,8,2020
Saudi Arabia,Export,52975820,9,2020
Saudi Arabia,Import,119142330,9,2020
Saudi Arabia,Export,23915540,10,2020
Saudi Arabia,Import,106684450,10,2020
Saudi Arabia,Export,53564460,11,2020
Saudi Arabia,Import,104333650,11,2020
Saudi Arabia,Export,28637300,12,2020
Saudi Arabia,Import,129506760,12,2020
Senegal,Export,1208750,1,2020
Senegal,Import,0,1,2020
Senegal,Export,2343080,2,2020
Senegal,Import,0,2,2020
Senegal,Export,2590650,3,2020
Senegal,Import,0,3,2020
Senegal,Export,1481610,4,2020
Senegal,Import,0,4,2020
Senegal,Export,10310280,5,2020
Senegal,Import,0,5,2020
Senegal,Export,7098820,6,2020
Senegal,Import,0,6,2020
Senegal,Export,1438000,7,2020
Senegal,Import,0,7,2020
Senegal,Export,2139920,8,2020
Senegal,Import,0,8,2020
Senegal,Export,2051989,9,2020
Senegal,Import,0,9,2020
Senegal,Export,3008970,10,2020
Senegal,Import,0,10,2020
Senegal,Export,2050770,11,2020
Senegal,Import,0,11,2020
Senegal,Export,3207320,12,2020
Senegal,Import,0,12,2020
Singapore,Export,237680810,1,2020
Singapore,Import,321421380,1,2020
Singapore,Export,251736240,2,2020
Singapore,Import,297378070,2,2020
Singapore,Export,268209580,3,2020
Singapore,Import,290636040,3,2020
Singapore,Export,199590870,4,2020
Singapore,Import,289852870,4,2020
Singapore,Export,178240830,5,2020
Singapore,Import,254689840,5,2020
Singapore,Export,186735390,6,2020
Singapore,Import,341392230,6,2020
Singapore,Export,251944840,7,2020
Singapore,Import,338090750,7,2020
Singapore,Export,232635760,8,2020
Singapore,Import,292563640,8,2020
Singapore,Export,372503610,9,2020
Singapore,Import,325829060,9,2020
Singapore,Export,263457580,10,2020
Singapore,Import,274037480,10,2020
Singapore,Export,325191950,11,2020
Singapore,Import,300655260,11,2020
Singapore,Export,281879620,12,2020
Singapore,Import,343346950,12,2020
Slovakia,Export,48171900,1,2020
Slovakia,Import,1881630,1,2020
Slovakia,Export,58361670,2,2020
Slovakia,Import,2773430,2,2020
Slovakia,Export,79013910,3,2020
Slovakia,Import,4688650,3,2020
Slovakia,Export,68096320,4,2020
Slovakia,Import,2881870,4,2020
Slovakia,Export,70455460,5,2020
Slovakia,Import,3386930,5,2020
Slovakia,Export,86871760,6,2020
Slovakia,Import,6284990,6,2020
Slovakia,Export,119961500,7,2020
Slovakia,Import,3247410,7,2020
Slovakia,Export,124457830,8,2020
Slovakia,Import,3496380,8,2020
Slovakia,Export,125015650,9,2020
Slovakia,Import,2856020,9,2020
Slovakia,Export,135432410,10,2020
Slovakia,Import,2190380,10,2020
Slovakia,Export,117935290,11,2020
Slovakia,Import,6240540,11,2020
Slovakia,Export,131926250,12,2020
Slovakia,Import,7129240,12,2020
Slovenia,Export,22679990,1,2020
Slovenia,Import,4897350,1,2020
Slovenia,Export,17978070,2,2020
Slovenia,Import,6833230,2,2020
Slovenia,Export,20092150,3,2020
Slovenia,Import,4759370,3,2020
Slovenia,Export,18307840,4,2020
Slovenia,Import,4402200,4,2020
Slovenia,Export,20312510,5,2020
Slovenia,Import,4795080,5,2020
Slovenia,Export,19856200,6,2020
Slovenia,Import,9069500,6,2020
Slovenia,Export,24366500,7,2020
Slovenia,Import,8078380,7,2020
Slovenia,Export,23417650,8,2020
Slovenia,Import,8138360,8,2020
Slovenia,Export,26660960,9,2020
Slovenia,Import,3348930,9,2020
Slovenia,Export,27441590,10,2020
Slovenia,Import,5940940,10,2020
Slovenia,Export,26352870,11,2020
Slovenia,Import,9289260,11,2020
Slovenia,Export,36669170,12,2020
Slovenia,Import,7156850,12,2020
South Africa,Export,35453620,1,2020
South Africa,Import,22993350,1,2020
South Africa,Export,60290190,2,2020
South Africa,Import,56216000,2,2020
South Africa,Export,75050250,3,2020
South Africa,Import,30800420,3,2020
South Africa,Export,46515450,4,2020
South Africa,Import,95374740,4,2020
South Africa,Export,40457780,5,2020
South Africa,Import,109841720,5,2020
South Africa,Export,61595340,6,2020
South Africa,Import,115706880,6,2020
South Africa,Export,51749200,7,2020
South Africa,Import,78902940,7,2020
South Africa,Export,81905400,8,2020
South Africa,Import,58289920,8,2020
South Africa,Export,65242080,9,2020
South Africa,Import,35643810,9,2020
South Africa,Export,65539920,10,2020
South Africa,Import,34302100,10,2020
South Africa,Export,47584250,11,2020
South Africa,Import,20672670,11,2020
South Africa,Export,49753270,12,2020
South Africa,Import,49371450,12,2020
Spain,Export,165667420,1,2020
Spain,Import,38100580,1,2020
Spain,Export,184071420,2,2020
Spain,Import,37025190,2,2020
Spain,Export,201829250,3,2020
Spain,Import,44646440,3,2020
Spain,Export,122352610,4,2020
Spain,Import,35631180,4,2020
Spain,Export,129636340,5,2020
Spain,Import,47221410,5,2020
Spain,Export,186826960,6,2020
Spain,Import,44742830,6,2020
Spain,Export,207218690,7,2020
Spain,Import,47356900,7,2020
Spain,Export,215060180,8,2020
Spain,Import,51585550,8,2020
Spain,Export,183650660,9,2020
Spain,Import,48035420,9,2020
Spain,Export,186988720,10,2020
Spain,Import,46034110,10,2020
Spain,Export,152885660,11,2020
Spain,Import,40688690,11,2020
Spain,Export,193933200,12,2020
Spain,Import,45398890,12,2020
Sweden,Export,66652700,1,2020
Sweden,Import,25799170,1,2020
Sweden,Export,99175550,2,2020
Sweden,Import,25059420,2,2020
Sweden,Export,126675030,3,2020
Sweden,Import,33660270,3,2020
Sweden,Export,97857600,4,2020
Sweden,Import,29036220,4,2020
Sweden,Export,75433550,5,2020
Sweden,Import,27774480,5,2020
Sweden,Export,102088640,6,2020
Sweden,Import,26866640,6,2020
Sweden,Export,103120250,7,2020
Sweden,Import,42182960,7,2020
Sweden,Export,96000700,8,2020
Sweden,Import,27934790,8,2020
Sweden,Export,93175270,9,2020
Sweden,Import,28860330,9,2020
Sweden,Export,106041900,10,2020
Sweden,Import,23596670,10,2020
Sweden,Export,75470770,11,2020
Sweden,Import,28373500,11,2020
Sweden,Export,85014090,12,2020
Sweden,Import,33286890,12,2020
Switzerland,Export,18452490,1,2020
Switzerland,Import,46875940,1,2020
Switzerland,Export,53883050,2,2020
Switzerland,Import,58113870,2,2020
Switzerland,Export,30587380,3,2020
Switzerland,Import,55360630,3,2020
Switzerland,Export,11990120,4,2020
Switzerland,Import,39043140,4,2020
Switzerland,Export,34440830,5,2020
Switzerland,Import,45426760,5,2020
Switzerland,Export,15700670,6,2020
Switzerland,Import,55663470,6,2020
Switzerland,Export,16265280,7,2020
Switzerland,Import,48167650,7,2020
Switzerland,Export,27465390,8,2020
Switzerland,Import,52104070,8,2020
Switzerland,Export,12453020,9,2020
Switzerland,Import,46918090,9,2020
Switzerland,Export,15287090,10,2020
Switzerland,Import,42155420,10,2020
Switzerland,Export,16144180,11,2020
Switzerland,Import,42500410,11,2020
Switzerland,Export,16654720,12,2020
Switzerland,Import,61922440,12,2020
Taiwan,Export,276378100,1,2020
Taiwan,Import,1119250880,1,2020
Taiwan,Export,366336260,2,2020
Taiwan,Import,1338406550,2,2020
Taiwan,Export,452155320,3,2020
Taiwan,Import,1523855810,3,2020
Taiwan,Export,367251330,4,2020
Taiwan,Import,1170309460,4,2020
Taiwan,Export,383295990,5,2020
Taiwan,Import,1059982190,5,2020
Taiwan,Export,347600920,6,2020
Taiwan,Import,1289953280,6,2020
Taiwan,Export,473138010,7,2020
Taiwan,Import,1368885710,7,2020
Taiwan,Export,374661820,8,2020
Taiwan,Import,1520502840,8,2020
Taiwan,Export,303952960,9,2020
Taiwan,Import,1615607230,9,2020
Taiwan,Export,317081800,10,2020
Taiwan,Import,1520849750,10,2020
Taiwan,Export,299606090,11,2020
Taiwan,Import,1556490990,11,2020
Taiwan,Export,360461700,12,2020
Taiwan,Import,1616517980,12,2020
Thailand,Export,330034980,1,2020
Thailand,Import,657853240,1,2020
Thailand,Export,497719600,2,2020
Thailand,Import,1036905950,2,2020
Thailand,Export,566979010,3,2020
Thailand,Import,947103300,3,2020
Thailand,Export,238603280,4,2020
Thailand,Import,820557260,4,2020
Thailand,Export,296868760,5,2020
Thailand,Import,774842030,5,2020
Thailand,Export,337535970,6,2020
Thailand,Import,816306800,6,2020
Thailand,Export,390029250,7,2020
Thailand,Import,823293460,7,2020
Thailand,Export,513097960,8,2020
Thailand,Import,889903210,8,2020
Thailand,Export,445560790,9,2020
Thailand,Import,946710030,9,2020
Thailand,Export,440184750,10,2020
Thailand,Import,1062698080,10,2020
Thailand,Export,446255420,11,2020
Thailand,Import,939744960,11,2020
Thailand,Export,414071030,12,2020
Thailand,Import,1248861740,12,2020
Turkey,Export,51691630,1,2020
Turkey,Import,22571770,1,2020
Turkey,Export,78075830,2,2020
Turkey,Import,26757210,2,2020
Turkey,Export,84273930,3,2020
Turkey,Import,27662320,3,2020
Turkey,Export,50922560,4,2020
Turkey,Import,19925890,4,2020
Turkey,Export,67531390,5,2020
Turkey,Import,21882610,5,2020
Turkey,Export,87645750,6,2020
Turkey,Import,23526510,6,2020
Turkey,Export,101789010,7,2020
Turkey,Import,17664200,7,2020
Turkey,Export,96192720,8,2020
Turkey,Import,22496780,8,2020
Turkey,Export,103365140,9,2020
Turkey,Import,17565670,9,2020
Turkey,Export,101780830,10,2020
Turkey,Import,24747790,10,2020
Turkey,Export,81578950,11,2020
Turkey,Import,21166650,11,2020
Turkey,Export,75809970,12,2020
Turkey,Import,30213780,12,2020
Ukraine,Export,13580180,1,2020
Ukraine,Import,4104290,1,2020
Ukraine,Export,19425600,2,2020
Ukraine,Import,20700110,2,2020
Ukraine,Export,19257880,3,2020
Ukraine,Import,5490860,3,2020
Ukraine,Export,15289430,4,2020
Ukraine,Import,6373460,4,2020
Ukraine,Export,18181970,5,2020
Ukraine,Import,32039790,5,2020
Ukraine,Export,24819570,6,2020
Ukraine,Import,6848160,6,2020
Ukraine,Export,30348690,7,2020
Ukraine,Import,4851720,7,2020
Ukraine,Export,29117040,8,2020
Ukraine,Import,3272080,8,2020
Ukraine,Export,30506420,9,2020
Ukraine,Import,15917380,9,2020
Ukraine,Export,29638750,10,2020
Ukraine,Import,61179210,10,2020
Ukraine,Export,28904990,11,2020
Ukraine,Import,27960010,11,2020
Ukraine,Export,25732950,12,2020
Ukraine,Import,4790830,12,2020
United Arab Emirates,Export,190514960,1,2020
United Arab Emirates,Import,19033130,1,2020
United Arab Emirates,Export,271909790,2,2020
United Arab Emirates,Import,31271660,2,2020
United Arab Emirates,Export,349424550,3,2020
United Arab Emirates,Import,47615330,3,2020
United Arab Emirates,Export,165702860,4,2020
United Arab Emirates,Import,35395090,4,2020
United Arab Emirates,Export,255073650,5,2020
United Arab Emirates,Import,46143250,5,2020
United Arab Emirates,Export,311270450,6,2020
United Arab Emirates,Import,23726160,6,2020
United Arab Emirates,Export,412327360,7,2020
United Arab Emirates,Import,49236940,7,2020
United Arab Emirates,Export,520110550,8,2020
United Arab Emirates,Import,25926680,8,2020
United Arab Emirates,Export,387022170,9,2020
United Arab Emirates,Import,41946660,9,2020
United Arab Emirates,Export,399592620,10,2020
United Arab Emirates,Import,24646320,10,2020
United Arab Emirates,Export,306733390,11,2020
United Arab Emirates,Import,25023000,11,2020
United Arab Emirates,Export,346370820,12,2020
United Arab Emirates,Import,48616590,12,2020
United Kingdom,Export,323953720,1,2020
United Kingdom,Import,44152440,1,2020
United Kingdom,Export,426446170,2,2020
United Kingdom,Import,58436720,2,2020
United Kingdom,Export,529386240,3,2020
United Kingdom,Import,69752930,3,2020
United Kingdom,Export,243237110,4,2020
United Kingdom,Import,53335070,4,2020
United Kingdom,Export,310769980,5,2020
United Kingdom,Import,55232460,5,2020
United Kingdom,Export,401478780,6,2020
United Kingdom,Import,56730600,6,2020
United Kingdom,Export,433675730,7,2020
United Kingdom,Import,47803580,7,2020
United Kingdom,Export,519300660,8,2020
United Kingdom,Import,63302720,8,2020
United Kingdom,Export,470757170,9,2020
United Kingdom,Import,59899660,9,2020
United Kingdom,Export,476944200,10,2020
United Kingdom,Import,53238410,10,2020
United Kingdom,Export,399001240,11,2020
United Kingdom,Import,49319270,11,2020
United Kingdom,Export,419950520,12,2020
United Kingdom,Import,76149590,12,2020
United States,Export,4765545620,1,2020
United States,Import,988009780,1,2020
United States,Export,5496334640,2,2020
United States,Import,1193038360,2,2020
United States,Export,5688886090,3,2020
United States,Import,1364369630,3,2020
United States,Export,4205621550,4,2020
United States,Import,1219377180,4,2020
United States,Export,4951233520,5,2020
United States,Import,1238167550,5,2020
United States,Export,6395931730,6,2020
United States,Import,1039545810,6,2020
United States,Export,7506326320,7,2020
United States,Import,1085868180,7,2020
United States,Export,7974957350,8,2020
United States,Import,1109740600,8,2020
United States,Export,7757059740,9,2020
United States,Import,1144024690,9,2020
United States,Export,7622404360,10,2020
United States,Import,1047029810,10,2020
United States,Export,7015078510,11,2020
United States,Import,1024254760,11,2020
United States,Export,7697937360,12,2020
United States,Import,1259737390,12,2020
Argentina,Export,96443280,1,2021
Argentina,Import,148078770,1,2021
Argentina,Export,77699580,2,2021
Argentina,Import,117962910,2,2021
Argentina,Export,76455540,3,2021
Argentina,Import,304887510,3,2021
Argentina,Export,71353330,4,2021
Argentina,Import,283449390,4,2021
Argentina,Export,96878030,5,2021
Argentina,Import,436433910,5,2021
Argentina,Export,62612230,6,2021
Argentina,Import,263847870,6,2021
Argentina,Export,70897210,7,2021
Argentina,Import,480197940,7,2021
Argentina,Export,44857940,8,2021
Argentina,Import,238554230,8,2021
Argentina,Export,51650950,9,2021
Argentina,Import,377200890,9,2021
Argentina,Export,50231910,10,2021
Argentina,Import,420544310,10,2021
Argentina,Export,58922220,11,2021
Argentina,Import,397324370,11,2021
Argentina,Export,74091360,12,2021
Argentina,Import,206978630,12,2021
Australia,Export,391617860,1,2021
Australia,Import,481150970,1,2021
Australia,Export,264661599,2,2021
Australia,Import,462896400,2,2021
Australia,Export,387637290,3,2021
Australia,Import,687157500,3,2021
Australia,Export,388056420,4,2021
Australia,Import,570498080,4,2021
Australia,Export,363504420,5,2021
Australia,Import,715164290,5,2021
Australia,Export,293209940,6,2021
Australia,Import,742490910,6,2021
Australia,Export,368244960,7,2021
Australia,Import,767436330,7,2021
Australia,Export,321256750,8,2021
Australia,Import,805130500,8,2021
Australia,Export,375537190,9,2021
Australia,Import,714092340,9,2021
Australia,Export,388416820,10,2021
Australia,Import,562204350,10,2021
Australia,Export,429249190,11,2021
Australia,Import,696641050,11,2021
Australia,Export,483210040,12,2021
Australia,Import,741150370,12,2021
Austria,Export,300413180,1,2021
Austria,Import,25370760,1,2021
Austria,Export,235201570,2,2021
Austria,Import,22591500,2,2021
Austria,Export,309939540,3,2021
Austria,Import,31448230,3,2021
Austria,Export,175786210,4,2021
Austria,Import,25002510,4,2021
Austria,Export,196876900,5,2021
Austria,Import,29474980,5,2021
Austria,Export,175463930,6,2021
Austria,Import,33429970,6,2021
Austria,Export,234840210,7,2021
Austria,Import,27008980,7,2021
Austria,Export,261209060,8,2021
Austria,Import,22310840,8,2021
Austria,Export,253130650,9,2021
Austria,Import,23190090,9,2021
Austria,Export,278702360,10,2021
Austria,Import,35741040,10,2021
Austria,Export,336601610,11,2021
Austria,Import,27841300,11,2021
Austria,Export,264003340,12,2021
Austria,Import,28794470,12,2021
Belarus,Export,0,1,2021
Belarus,Import,9492010,1,2021
Belarus,Export,0,2,2021
Belarus,Import,12121790,2,2021
Belarus,Export,0,3,2021
Belarus,Import,4767900,3,2021
Belarus,Export,0,4,2021
Belarus,Import,2974000,4,2021
Belarus,Export,0,5,2021
Belarus,Import,18385760,5,2021
Belarus,Export,0,6,2021
Belarus,Import,3766820,6,2021
Belarus,Export,0,7,2021
Belarus,Import,13153700,7,2021
Belarus,Export,0,8,2021
Belarus,Import,4098720,8,2021
Belarus,Export,0,9,2021
Belarus,Import,8122380,9,2021
Belarus,Export,0,10,2021
Belarus,Import,9715280,10,2021
Belarus,Export,0,11,2021
Belarus,Import,20165610,11,2021
Belarus,Export,0,12,2021
Belarus,Import,2760680,12,2021
Belgium,Export,264220789,1,2021
Belgium,Import,41346590,1,2021
Belgium,Export,176153060,2,2021
Belgium,Import,23393300,2,2021
Belgium,Export,311504830,3,2021
Belgium,Import,43062530,3,2021
Belgium,Export,312046300,4,2021
Belgium,Import,35574700,4,2021
Belgium,Export,280089200,5,2021
Belgium,Import,49945880,5,2021
Belgium,Export,365150370,6,2021
Belgium,Import,55510650,6,2021
Belgium,Export,324370010,7,2021
Belgium,Import,32843250,7,2021
Belgium,Export,252745100,8,2021
Belgium,Import,42803540,8,2021
Belgium,Export,282413330,9,2021
Belgium,Import,59592090,9,2021
Belgium,Export,305796540,10,2021
Belgium,Import,92480350,10,2021
Belgium,Export,387875440,11,2021
Belgium,Import,77288270,11,2021
Belgium,Export,340640300,12,2021
Belgium,Import,131678359,12,2021
Brazil,Export,176457560,1,2021
Brazil,Import,417053020,1,2021
Brazil,Export,153377750,2,2021
Brazil,Import,253059720,2,2021
Brazil,Export,184934790,3,2021
Brazil,Import,320510850,3,2021
Brazil,Export,167321400,4,2021
Brazil,Import,399694030,4,2021
Brazil,Export,211472660,5,2021
Brazil,Import,359765250,5,2021
Brazil,Export,183651420,6,2021
Brazil,Import,423408140,6,2021
Brazil,Export,195697130,7,2021
Brazil,Import,358468600,7,2021
Brazil,Export,199953460,8,2021
Brazil,Import,235620360,8,2021
Brazil,Export,179047200,9,2021
Brazil,Import,371451380,9,2021
Brazil,Export,176077140,10,2021
Brazil,Import,285227920,10,2021
Brazil,Export,213024670,11,2021
Brazil,Import,277189270,11,2021
Brazil,Export,226007210,12,2021
Brazil,Import,396047200,12,2021
Brunei,Export,913970,1,2021
Brunei,Import,10665200,1,2021
Brunei,Export,533090,2,2021
Brunei,Import,15607430,2,2021
Brunei,Export,1447690,3,2021
Brunei,Import,30860810,3,2021
Brunei,Export,652600,4,2021
Brunei,Import,27084730,4,2021
Brunei,Export,709280,5,2021
Brunei,Import,14403660,5,2021
Brunei,Export,713000,6,2021
Brunei,Import,12800530,6,2021
Brunei,Export,1463170,7,2021
Brunei,Import,45333050,7,2021
Brunei,Export,1629760,8,2021
Brunei,Import,45977690,8,2021
Brunei,Export,710760,9,2021
Brunei,Import,15565800,9,2021
Brunei,Export,24715430,10,2021
Brunei,Import,12425240,10,2021
Brunei,Export,611870,11,2021
Brunei,Import,8914600,11,2021
Brunei,Export,807200,12,2021
Brunei,Import,35516670,12,2021
Bungary,Export,6166920,1,2021
Bungary,Import,6239100,1,2021
Bungary,Export,4880720,2,2021
Bungary,Import,9680810,2,2021
Bungary,Export,11192950,3,2021
Bungary,Import,6305070,3,2021
Bungary,Export,10074830,4,2021
Bungary,Import,5529410,4,2021
Bungary,Export,9724030,5,2021
Bungary,Import,5239060,5,2021
Bungary,Export,12891670,6,2021
Bungary,Import,5546210,6,2021
Bungary,Export,8992330,7,2021
Bungary,Import,3688510,7,2021
Bungary,Export,9351450,8,2021
Bungary,Import,9999220,8,2021
Bungary,Export,6420610,9,2021
Bungary,Import,44542210,9,2021
Bungary,Export,7311640,10,2021
Bungary,Import,24914310,10,2021
Bungary,Export,13230450,11,2021
Bungary,Import,5796390,11,2021
Bungary,Export,7430960,12,2021
Bungary,Import,12131700,12,2021
Cambodia,Export,423990210,1,2021
Cambodia,Import,255120560,1,2021
Cambodia,Export,304422510,2,2021
Cambodia,Import,347934440,2,2021
Cambodia,Export,490340540,3,2021
Cambodia,Import,875911510,3,2021
Cambodia,Export,370402520,4,2021
Cambodia,Import,824151110,4,2021
Cambodia,Export,398476240,5,2021
Cambodia,Import,301015880,5,2021
Cambodia,Export,384027520,6,2021
Cambodia,Import,264274400,6,2021
Cambodia,Export,401394200,7,2021
Cambodia,Import,392963040,7,2021
Cambodia,Export,376191340,8,2021
Cambodia,Import,242252800,8,2021
Cambodia,Export,387613040,9,2021
Cambodia,Import,204292550,9,2021
Cambodia,Export,393976790,10,2021
Cambodia,Import,234065570,10,2021
Cambodia,Export,419428080,11,2021
Cambodia,Import,339753030,11,2021
Cambodia,Export,481008060,12,2021
Cambodia,Import,430264470,12,2021
Cameroon,Export,0,1,2021
Cameroon,Import,6771280,1,2021
Cameroon,Export,0,2,2021
Cameroon,Import,15776340,2,2021
Cameroon,Export,0,3,2021
Cameroon,Import,14043910,3,2021
Cameroon,Export,0,4,2021
Cameroon,Import,11858810,4,2021
Cameroon,Export,0,5,2021
Cameroon,Import,12157060,5,2021
Cameroon,Export,0,6,2021
Cameroon,Import,9730630,6,2021
Cameroon,Export,0,7,2021
Cameroon,Import,20799170,7,2021
Cameroon,Export,0,8,2021
Cameroon,Import,16653680,8,2021
Cameroon,Export,0,9,2021
Cameroon,Import,11132650,9,2021
Cameroon,Export,0,10,2021
Cameroon,Import,7390970,10,2021
Cameroon,Export,0,11,2021
Cameroon,Import,19798670,11,2021
Cameroon,Export,0,12,2021
Cameroon,Import,13688190,12,2021
Canada,Export,398080910,1,2021
Canada,Import,58420060,1,2021
Canada,Export,265374510,2,2021
Canada,Import,46280470,2,2021
Canada,Export,462550840,3,2021
Canada,Import,69169190,3,2021
Canada,Export,410660090,4,2021
Canada,Import,67120950,4,2021
Canada,Export,417818890,5,2021
Canada,Import,82903930,5,2021
Canada,Export,503376040,6,2021
Canada,Import,60205260,6,2021
Canada,Export,487329480,7,2021
Canada,Import,74485750,7,2021
Canada,Export,474085470,8,2021
Canada,Import,58607190,8,2021
Canada,Export,390564860,9,2021
Canada,Import,53742390,9,2021
Canada,Export,421571090,10,2021
Canada,Import,79784170,10,2021
Canada,Export,460151820,11,2021
Canada,Import,56338660,11,2021
Canada,Export,577724610,12,2021
Canada,Import,53593660,12,2021
Chile,Export,120360910,1,2021
Chile,Import,28389470,1,2021
Chile,Export,95649440,2,2021
Chile,Import,20382620,2,2021
Chile,Export,105276560,3,2021
Chile,Import,31030860,3,2021
Chile,Export,123872470,4,2021
Chile,Import,27984160,4,2021
Chile,Export,111003110,5,2021
Chile,Import,27576380,5,2021
Chile,Export,85312530,6,2021
Chile,Import,22990260,6,2021
Chile,Export,288124970,7,2021
Chile,Import,24371600,7,2021
Chile,Export,139662670,8,2021
Chile,Import,21148670,8,2021
Chile,Export,169515360,9,2021
Chile,Import,31746460,9,2021
Chile,Export,122500230,10,2021
Chile,Import,35684310,10,2021
Chile,Export,136488860,11,2021
Chile,Import,20051070,11,2021
Chile,Export,158546890,12,2021
Chile,Import,30321520,12,2021
"China, PR",Export,4652075050,1,2021
"China, PR",Import,9156065670,1,2021
"China, PR",Export,3346774740,2,2021
"China, PR",Import,6259153470,2,2021
"China, PR",Export,4594801680,3,2021
"China, PR",Import,8922741970,3,2021
"China, PR",Export,3699091800,4,2021
"China, PR",Import,9588657440,4,2021
"China, PR",Export,3989850310,5,2021
"China, PR",Import,9833656000,5,2021
"China, PR",Export,4248616889,6,2021
"China, PR",Import,9161151150,6,2021
"China, PR",Export,4016107320,7,2021
"China, PR",Import,9946615470,7,2021
"China, PR",Export,4861865350,8,2021
"China, PR",Import,9172008090,8,2021
"China, PR",Export,5421894200,9,2021
"China, PR",Import,8701611580,9,2021
"China, PR",Export,5687300890,10,2021
"China, PR",Import,8405092359,10,2021
"China, PR",Export,5647863240,11,2021
"China, PR",Import,10250489320,11,2021
"China, PR",Export,5843700340,12,2021
"China, PR",Import,10477340960,12,2021
Croatia,Export,4194590,1,2021
Croatia,Import,2464190,1,2021
Croatia,Export,4227010,2,2021
Croatia,Import,5008310,2,2021
Croatia,Export,6401290,3,2021
Croatia,Import,3538660,3,2021
Croatia,Export,6638480,4,2021
Croatia,Import,2519460,4,2021
Croatia,Export,1879050,5,2021
Croatia,Import,2237800,5,2021
Croatia,Export,3922310,6,2021
Croatia,Import,3703020,6,2021
Croatia,Export,2203770,7,2021
Croatia,Import,3683780,7,2021
Croatia,Export,3551910,8,2021
Croatia,Import,3711740,8,2021
Croatia,Export,3678790,9,2021
Croatia,Import,3047750,9,2021
Croatia,Export,3771970,10,2021
Croatia,Import,3459800,10,2021
Croatia,Export,5641990,11,2021
Croatia,Import,1580420,11,2021
Croatia,Export,6482870,12,2021
Croatia,Import,2546750,12,2021
Cyprus,Export,2319650,1,2021
Cyprus,Import,5132210,1,2021
Cyprus,Export,2131230,2,2021
Cyprus,Import,3206040,2,2021
Cyprus,Export,3331340,3,2021
Cyprus,Import,2594820,3,2021
Cyprus,Export,3042790,4,2021
Cyprus,Import,3229820,4,2021
Cyprus,Export,3195450,5,2021
Cyprus,Import,6912740,5,2021
Cyprus,Export,3038430,6,2021
Cyprus,Import,5757420,6,2021
Cyprus,Export,3434810,7,2021
Cyprus,Import,3421240,7,2021
Cyprus,Export,3801990,8,2021
Cyprus,Import,2459160,8,2021
Cyprus,Export,1774790,9,2021
Cyprus,Import,3139050,9,2021
Cyprus,Export,3462910,10,2021
Cyprus,Import,2130990,10,2021
Cyprus,Export,3789120,11,2021
Cyprus,Import,3206410,11,2021
Cyprus,Export,5045160,12,2021
Cyprus,Import,5658400,12,2021
Czech Republic,Export,46403030,1,2021
Czech Republic,Import,10749140,1,2021
Czech Republic,Export,35009710,2,2021
Czech Republic,Import,10099110,2,2021
Czech Republic,Export,50259770,3,2021
Czech Republic,Import,15877290,3,2021
Czech Republic,Export,52716380,4,2021
Czech Republic,Import,15482400,4,2021
Czech Republic,Export,41928970,5,2021
Czech Republic,Import,12471650,5,2021
Czech Republic,Export,44683200,6,2021
Czech Republic,Import,10847330,6,2021
Czech Republic,Export,51933020,7,2021
Czech Republic,Import,8397370,7,2021
Czech Republic,Export,51583370,8,2021
Czech Republic,Import,16239570,8,2021
Czech Republic,Export,48587180,9,2021
Czech Republic,Import,8806870,9,2021
Czech Republic,Export,50598440,10,2021
Czech Republic,Import,10895520,10,2021
Czech Republic,Export,50044040,11,2021
Czech Republic,Import,13392850,11,2021
Czech Republic,Export,59014280,12,2021
Czech Republic,Import,19213840,12,2021
Côte d'lvoire,Export,9254050,1,2021
Côte d'lvoire,Import,36520520,1,2021
Côte d'lvoire,Export,11297250,2,2021
Côte d'lvoire,Import,28137780,2,2021
Côte d'lvoire,Export,29968070,3,2021
Côte d'lvoire,Import,44992380,3,2021
Côte d'lvoire,Export,24417020,4,2021
Côte d'lvoire,Import,27884650,4,2021
Côte d'lvoire,Export,39802310,5,2021
Côte d'lvoire,Import,93684810,5,2021
Côte d'lvoire,Export,7073260,6,2021
Côte d'lvoire,Import,105050290,6,2021
Côte d'lvoire,Export,37042450,7,2021
Côte d'lvoire,Import,125240890,7,2021
Côte d'lvoire,Export,3231430,8,2021
Côte d'lvoire,Import,122655020,8,2021
Côte d'lvoire,Export,12508780,9,2021
Côte d'lvoire,Import,162068350,9,2021
Côte d'lvoire,Export,20272070,10,2021
Côte d'lvoire,Import,124166020,10,2021
Côte d'lvoire,Export,27602840,11,2021
Côte d'lvoire,Import,65112390,11,2021
Côte d'lvoire,Export,43732160,12,2021
Côte d'lvoire,Import,69352560,12,2021
Denmark,Export,35528990,1,2021
Denmark,Import,19676990,1,2021
Denmark,Export,18733840,2,2021
Denmark,Import,17451730,2,2021
Denmark,Export,29908800,3,2021
Denmark,Import,17851850,3,2021
Denmark,Export,33427019,4,2021
Denmark,Import,26153760,4,2021
Denmark,Export,30150670,5,2021
Denmark,Import,25071270,5,2021
Denmark,Export,34231390,6,2021
Denmark,Import,20328550,6,2021
Denmark,Export,33514430,7,2021
Denmark,Import,16582550,7,2021
Denmark,Export,19406280,8,2021
Denmark,Import,18512540,8,2021
Denmark,Export,18548190,9,2021
Denmark,Import,21119550,9,2021
Denmark,Export,27515650,10,2021
Denmark,Import,16779930,10,2021
Denmark,Export,34378970,11,2021
Denmark,Import,15983070,11,2021
Denmark,Export,39239180,12,2021
Denmark,Import,18265180,12,2021
Estonia,Export,3784110,1,2021
Estonia,Import,962070,1,2021
Estonia,Export,2256820,2,2021
Estonia,Import,1249580,2,2021
Estonia,Export,2467810,3,2021
Estonia,Import,1393470,3,2021
Estonia,Export,2691410,4,2021
Estonia,Import,1396760,4,2021
Estonia,Export,3128420,5,2021
Estonia,Import,2335190,5,2021
Estonia,Export,2588190,6,2021
Estonia,Import,1171520,6,2021
Estonia,Export,3004980,7,2021
Estonia,Import,1237950,7,2021
Estonia,Export,2236990,8,2021
Estonia,Import,1243250,8,2021
Estonia,Export,2651400,9,2021
Estonia,Import,1044849,9,2021
Estonia,Export,1908570,10,2021
Estonia,Import,1189200,10,2021
Estonia,Export,2536790,11,2021
Estonia,Import,1329110,11,2021
Estonia,Export,4388490,12,2021
Estonia,Import,989400,12,2021
FR. Germany,Export,659497010,1,2021
FR. Germany,Import,273889490,1,2021
FR. Germany,Export,383832560,2,2021
FR. Germany,Import,253624510,2,2021
FR. Germany,Export,652285520,3,2021
FR. Germany,Import,306495520,3,2021
FR. Germany,Export,645655650,4,2021
FR. Germany,Import,292174720,4,2021
FR. Germany,Export,635467980,5,2021
FR. Germany,Import,359579910,5,2021
FR. Germany,Export,618794390,6,2021
FR. Germany,Import,298292470,6,2021
FR. Germany,Export,610137260,7,2021
FR. Germany,Import,307648500,7,2021
FR. Germany,Export,536437459,8,2021
FR. Germany,Import,408970600,8,2021
FR. Germany,Export,516435750,9,2021
FR. Germany,Import,334112720,9,2021
FR. Germany,Export,572233090,10,2021
FR. Germany,Import,326727320,10,2021
FR. Germany,Export,686967100,11,2021
FR. Germany,Import,335977730,11,2021
FR. Germany,Export,769189450,12,2021
FR. Germany,Import,444535600,12,2021
Finland,Export,36427590,1,2021
Finland,Import,19835140,1,2021
Finland,Export,20062620,2,2021
Finland,Import,15824770,2,2021
Finland,Export,30781230,3,2021
Finland,Import,15448680,3,2021
Finland,Export,20911220,4,2021
Finland,Import,29104910,4,2021
Finland,Export,24371070,5,2021
Finland,Import,14874890,5,2021
Finland,Export,35914780,6,2021
Finland,Import,20887920,6,2021
Finland,Export,20034180,7,2021
Finland,Import,44327450,7,2021
Finland,Export,11323630,8,2021
Finland,Import,30915310,8,2021
Finland,Export,19545730,9,2021
Finland,Import,15161780,9,2021
Finland,Export,13570480,10,2021
Finland,Import,12444820,10,2021
Finland,Export,14037450,11,2021
Finland,Import,12638240,11,2021
Finland,Export,19125900,12,2021
Finland,Import,13656130,12,2021
France,Export,308308510,1,2021
France,Import,175032420,1,2021
France,Export,233228760,2,2021
France,Import,102350110,2,2021
France,Export,259158780,3,2021
France,Import,133484209,3,2021
France,Export,250167250,4,2021
France,Import,119919050,4,2021
France,Export,242107100,5,2021
France,Import,143206320,5,2021
France,Export,275073400,6,2021
France,Import,140623590,6,2021
France,Export,265940969,7,2021
France,Import,168517310,7,2021
France,Export,228300740,8,2021
France,Import,162878670,8,2021
France,Export,187866270,9,2021
France,Import,117246330,9,2021
France,Export,271718410,10,2021
France,Import,117180250,10,2021
France,Export,307754550,11,2021
France,Import,113312950,11,2021
France,Export,380652960,12,2021
France,Import,98822890,12,2021
Greece,Export,29755220,1,2021
Greece,Import,9715510,1,2021
Greece,Export,21278210,2,2021
Greece,Import,2482050,2,2021
Greece,Export,36521040,3,2021
Greece,Import,10630640,3,2021
Greece,Export,27723070,4,2021
Greece,Import,5913820,4,2021
Greece,Export,24793970,5,2021
Greece,Import,4996200,5,2021
Greece,Export,26039400,6,2021
Greece,Import,7917050,6,2021
Greece,Export,23654880,7,2021
Greece,Import,7350900,7,2021
Greece,Export,25608890,8,2021
Greece,Import,10057230,8,2021
Greece,Export,33397260,9,2021
Greece,Import,10172110,9,2021
Greece,Export,31265690,10,2021
Greece,Import,7308470,10,2021
Greece,Export,34314330,11,2021
Greece,Import,5606840,11,2021
Greece,Export,44325480,12,2021
Greece,Import,6043130,12,2021
Hong Kong SAR (China),Export,969349170,1,2021
Hong Kong SAR (China),Import,120853030,1,2021
Hong Kong SAR (China),Export,827246950,2,2021
Hong Kong SAR (China),Import,78526490,2,2021
Hong Kong SAR (China),Export,1075321800,3,2021
Hong Kong SAR (China),Import,123348130,3,2021
Hong Kong SAR (China),Export,863939140,4,2021
Hong Kong SAR (China),Import,145774570,4,2021
Hong Kong SAR (China),Export,880263570,5,2021
Hong Kong SAR (China),Import,131245310,5,2021
Hong Kong SAR (China),Export,1058079770,6,2021
Hong Kong SAR (China),Import,124184640,6,2021
Hong Kong SAR (China),Export,793666440,7,2021
Hong Kong SAR (China),Import,152474360,7,2021
Hong Kong SAR (China),Export,926192760,8,2021
Hong Kong SAR (China),Import,142737370,8,2021
Hong Kong SAR (China),Export,1011302160,9,2021
Hong Kong SAR (China),Import,167198530,9,2021
Hong Kong SAR (China),Export,939210960,10,2021
Hong Kong SAR (China),Import,127290000,10,2021
Hong Kong SAR (China),Export,1194920160,11,2021
Hong Kong SAR (China),Import,172825470,11,2021
Hong Kong SAR (China),Export,1456941340,12,2021
Hong Kong SAR (China),Import,145907120,12,2021
Hungary,Export,69635540,1,2021
Hungary,Import,66023310,1,2021
Hungary,Export,38076010,2,2021
Hungary,Import,40980570,2,2021
Hungary,Export,72406710,3,2021
Hungary,Import,48074200,3,2021
Hungary,Export,61606220,4,2021
Hungary,Import,39749540,4,2021
Hungary,Export,42255280,5,2021
Hungary,Import,44673710,5,2021
Hungary,Export,37820980,6,2021
Hungary,Import,40958210,6,2021
Hungary,Export,42545270,7,2021
Hungary,Import,33493620,7,2021
Hungary,Export,32406220,8,2021
Hungary,Import,31436500,8,2021
Hungary,Export,35463800,9,2021
Hungary,Import,42494390,9,2021
Hungary,Export,28879790,10,2021
Hungary,Import,53052110,10,2021
Hungary,Export,34019960,11,2021
Hungary,Import,47746530,11,2021
Hungary,Export,75110940,12,2021
Hungary,Import,40702120,12,2021
India,Export,645526630,1,2021
India,Import,495531770,1,2021
India,Export,447202080,2,2021
India,Import,409391170,2,2021
India,Export,616888800,3,2021
India,Import,676951570,3,2021
India,Export,463647980,4,2021
India,Import,624424770,4,2021
India,Export,369387090,5,2021
India,Import,561309920,5,2021
India,Export,381581420,6,2021
India,Import,658900470,6,2021
India,Export,479217080,7,2021
India,Import,633301180,7,2021
India,Export,551156620,8,2021
India,Import,628760120,8,2021
India,Export,588867940,9,2021
India,Import,602600520,9,2021
India,Export,602284440,10,2021
India,Import,551114440,10,2021
India,Export,569650570,11,2021
India,Import,527195800,11,2021
India,Export,543822550,12,2021
India,Import,581457490,12,2021
Indonesia,Export,341965580,1,2021
Indonesia,Import,520083810,1,2021
Indonesia,Export,273825560,2,2021
Indonesia,Import,430738150,2,2021
Indonesia,Export,392347250,3,2021
Indonesia,Import,697892680,3,2021
Indonesia,Export,313021420,4,2021
Indonesia,Import,644319640,4,2021
Indonesia,Export,294138150,5,2021
Indonesia,Import,639765250,5,2021
Indonesia,Export,304140810,6,2021
Indonesia,Import,682388820,6,2021
Indonesia,Export,296151940,7,2021
Indonesia,Import,696552100,7,2021
Indonesia,Export,297766880,8,2021
Indonesia,Import,627971390,8,2021
Indonesia,Export,270914820,9,2021
Indonesia,Import,553136250,9,2021
Indonesia,Export,315813770,10,2021
Indonesia,Import,646360170,10,2021
Indonesia,Export,368829670,11,2021
Indonesia,Import,662128690,11,2021
Indonesia,Export,445889390,12,2021
Indonesia,Import,785961700,12,2021
Ireland,Export,13648060,1,2021
Ireland,Import,325291950,1,2021
Ireland,Export,9523630,2,2021
Ireland,Import,352470800,2,2021
Ireland,Export,19480470,3,2021
Ireland,Import,434187800,3,2021
Ireland,Export,19231730,4,2021
Ireland,Import,374788690,4,2021
Ireland,Export,22883450,5,2021
Ireland,Import,379712010,5,2021
Ireland,Export,27817880,6,2021
Ireland,Import,396217760,6,2021
Ireland,Export,20205950,7,2021
Ireland,Import,332168170,7,2021
Ireland,Export,12450920,8,2021
Ireland,Import,360298340,8,2021
Ireland,Export,20051850,9,2021
Ireland,Import,286746300,9,2021
Ireland,Export,52963410,10,2021
Ireland,Import,348494480,10,2021
Ireland,Export,56926900,11,2021
Ireland,Import,465484330,11,2021
Ireland,Export,68695270,12,2021
Ireland,Import,382435760,12,2021
Italia,Export,375886860,1,2021
Italia,Import,158614640,1,2021
Italia,Export,222934760,2,2021
Italia,Import,118493280,2,2021
Italia,Export,358067310,3,2021
Italia,Import,167722000,3,2021
Italia,Export,270219580,4,2021
Italia,Import,147637140,4,2021
Italia,Export,307180420,5,2021
Italia,Import,167439770,5,2021
Italia,Export,300073370,6,2021
Italia,Import,178914830,6,2021
Italia,Export,384582000,7,2021
Italia,Import,137776590,7,2021
Italia,Export,315664800,8,2021
Italia,Import,123286800,8,2021
Italia,Export,275022550,9,2021
Italia,Import,142469340,9,2021
Italia,Export,290254070,10,2021
Italia,Import,130729850,10,2021
Italia,Export,375966740,11,2021
Italia,Import,134765220,11,2021
Italia,Export,402748250,12,2021
Italia,Import,116476320,12,2021
Ixraen,Export,81983510,1,2021
Ixraen,Import,50951010,1,2021
Ixraen,Export,50372410,2,2021
Ixraen,Import,67798720,2,2021
Ixraen,Export,75680550,3,2021
Ixraen,Import,82197010,3,2021
Ixraen,Export,72049030,4,2021
Ixraen,Import,94115200,4,2021
Ixraen,Export,62773470,5,2021
Ixraen,Import,81881970,5,2021
Ixraen,Export,51510000,6,2021
Ixraen,Import,95191090,6,2021
Ixraen,Export,70177510,7,2021
Ixraen,Import,106362390,7,2021
Ixraen,Export,59178060,8,2021
Ixraen,Import,102511610,8,2021
Ixraen,Export,60683190,9,2021
Ixraen,Import,55558150,9,2021
Ixraen,Export,58955100,10,2021
Ixraen,Import,119712850,10,2021
Ixraen,Export,70735080,11,2021
Ixraen,Import,171290700,11,2021
Ixraen,Export,66419750,12,2021
Ixraen,Import,82264730,12,2021
Japan,Export,1740148800,1,2021
Japan,Import,1679391940,1,2021
Japan,Export,1225427940,2,2021
Japan,Import,1508507500,2,2021
Japan,Export,1917607960,3,2021
Japan,Import,2018921940,3,2021
Japan,Export,1724332420,4,2021
Japan,Import,1871416530,4,2021
Japan,Export,1662435210,5,2021
Japan,Import,1760532040,5,2021
Japan,Export,1793634890,6,2021
Japan,Import,1842456910,6,2021
Japan,Export,1763899410,7,2021
Japan,Import,1982839900,7,2021
Japan,Export,1477345000,8,2021
Japan,Import,1802545700,8,2021
Japan,Export,1363703030,9,2021
Japan,Import,1769562510,9,2021
Japan,Export,1589149380,10,2021
Japan,Import,1856118350,10,2021
Japan,Export,1856893570,11,2021
Japan,Import,2201704540,11,2021
Japan,Export,2013987870,12,2021
Japan,Import,2354880680,12,2021
Kazakhstan,Export,0,1,2021
Kazakhstan,Import,11256730,1,2021
Kazakhstan,Export,0,2,2021
Kazakhstan,Import,1341450,2,2021
Kazakhstan,Export,0,3,2021
Kazakhstan,Import,1355460,3,2021
Kazakhstan,Export,0,4,2021
Kazakhstan,Import,6821990,4,2021
Kazakhstan,Export,0,5,2021
Kazakhstan,Import,434370,5,2021
Kazakhstan,Export,0,6,2021
Kazakhstan,Import,249870,6,2021
Kazakhstan,Export,0,7,2021
Kazakhstan,Import,1000780,7,2021
Kazakhstan,Export,0,8,2021
Kazakhstan,Import,3095860,8,2021
Kazakhstan,Export,0,9,2021
Kazakhstan,Import,0,9,2021
Kazakhstan,Export,0,10,2021
Kazakhstan,Import,0,10,2021
Kazakhstan,Export,0,11,2021
Kazakhstan,Import,17444620,11,2021
Kazakhstan,Export,0,12,2021
Kazakhstan,Import,4224390,12,2021
Korea,Export,1837912040,1,2021
Korea,Import,4753474640,1,2021
Korea,Export,1324252190,2,2021
Korea,Import,3645945430,2,2021
Korea,Export,2012077720,3,2021
Korea,Import,4244423969,3,2021
Korea,Export,1885928400,4,2021
Korea,Import,4000262650,4,2021
Korea,Export,1689260980,5,2021
Korea,Import,4322314800,5,2021
Korea,Export,1573849830,6,2021
Korea,Import,4403785560,6,2021
Korea,Export,1827950730,7,2021
Korea,Import,4702075690,7,2021
Korea,Export,1967535520,8,2021
Korea,Import,4979168630,8,2021
Korea,Export,1874090880,9,2021
Korea,Import,5346889770,9,2021
Korea,Export,1953264690,10,2021
Korea,Import,4668981480,10,2021
Korea,Export,1929338970,11,2021
Korea,Import,5428516830,11,2021
Korea,Export,2069641680,12,2021
Korea,Import,5659380000,12,2021
Kuwait,Export,5624530,1,2021
Kuwait,Import,105259570,1,2021
Kuwait,Export,4230340,2,2021
Kuwait,Import,337420140,2,2021
Kuwait,Export,5036250,3,2021
Kuwait,Import,269838350,3,2021
Kuwait,Export,5456380,4,2021
Kuwait,Import,413277200,4,2021
Kuwait,Export,5678900,5,2021
Kuwait,Import,408645110,5,2021
Kuwait,Export,5860530,6,2021
Kuwait,Import,434807050,6,2021
Kuwait,Export,3655080,7,2021
Kuwait,Import,632256260,7,2021
Kuwait,Export,3070590,8,2021
Kuwait,Import,312034330,8,2021
Kuwait,Export,3779340,9,2021
Kuwait,Import,301802800,9,2021
Kuwait,Export,4940810,10,2021
Kuwait,Import,318311840,10,2021
Kuwait,Export,5708930,11,2021
Kuwait,Import,556056860,11,2021
Kuwait,Export,7171170,12,2021
Kuwait,Import,631933760,12,2021
Lao PDR,Export,59861230,1,2021
Lao PDR,Import,67789190,1,2021
Lao PDR,Export,37164590,2,2021
Lao PDR,Import,45947560,2,2021
Lao PDR,Export,62573250,3,2021
Lao PDR,Import,65240110,3,2021
Lao PDR,Export,58028990,4,2021
Lao PDR,Import,60023250,4,2021
Lao PDR,Export,62683320,5,2021
Lao PDR,Import,51415640,5,2021
Lao PDR,Export,49410320,6,2021
Lao PDR,Import,51030450,6,2021
Lao PDR,Export,39250500,7,2021
Lao PDR,Import,54118030,7,2021
Lao PDR,Export,39884050,8,2021
Lao PDR,Import,44466360,8,2021
Lao PDR,Export,38674330,9,2021
Lao PDR,Import,59905520,9,2021
Lao PDR,Export,46268270,10,2021
Lao PDR,Import,68681200,10,2021
Lao PDR,Export,47937160,11,2021
Lao PDR,Import,97930520,11,2021
Lao PDR,Export,52996130,12,2021
Lao PDR,Import,111733650,12,2021
Latvia,Export,20621670,1,2021
Latvia,Import,2166980,1,2021
Latvia,Export,14527780,2,2021
Latvia,Import,1428540,2,2021
Latvia,Export,19171090,3,2021
Latvia,Import,2341150,3,2021
Latvia,Export,13043870,4,2021
Latvia,Import,1516250,4,2021
Latvia,Export,15435060,5,2021
Latvia,Import,1795940,5,2021
Latvia,Export,18401130,6,2021
Latvia,Import,1353160,6,2021
Latvia,Export,18836570,7,2021
Latvia,Import,1487470,7,2021
Latvia,Export,17441490,8,2021
Latvia,Import,2613680,8,2021
Latvia,Export,30328410,9,2021
Latvia,Import,1544050,9,2021
Latvia,Export,24775550,10,2021
Latvia,Import,1225440,10,2021
Latvia,Export,14895780,11,2021
Latvia,Import,2019200,11,2021
Latvia,Export,11762660,12,2021
Latvia,Import,1971350,12,2021
Litva,Export,6929090,1,2021
Litva,Import,2612750,1,2021
Litva,Export,5598710,2,2021
Litva,Import,3392400,2,2021
Litva,Export,9330110,3,2021
Litva,Import,3641280,3,2021
Litva,Export,14199590,4,2021
Litva,Import,1913320,4,2021
Litva,Export,12585430,5,2021
Litva,Import,2452050,5,2021
Litva,Export,10341880,6,2021
Litva,Import,3198510,6,2021
Litva,Export,8883240,7,2021
Litva,Import,2096320,7,2021
Litva,Export,4679110,8,2021
Litva,Import,7989900,8,2021
Litva,Export,9142350,9,2021
Litva,Import,2692680,9,2021
Litva,Export,8158930,10,2021
Litva,Import,1186540,10,2021
Litva,Export,6263090,11,2021
Litva,Import,2543180,11,2021
Litva,Export,6167450,12,2021
Litva,Import,34065440,12,2021
Luxembourg,Export,9209240,1,2021
Luxembourg,Import,2354240,1,2021
Luxembourg,Export,5335210,2,2021
Luxembourg,Import,4201880,2,2021
Luxembourg,Export,7750080,3,2021
Luxembourg,Import,5572580,3,2021
Luxembourg,Export,9137470,4,2021
Luxembourg,Import,3385970,4,2021
Luxembourg,Export,10285960,5,2021
Luxembourg,Import,4119760,5,2021
Luxembourg,Export,7490140,6,2021
Luxembourg,Import,4928970,6,2021
Luxembourg,Export,41995990,7,2021
Luxembourg,Import,6727000,7,2021
Luxembourg,Export,4712470,8,2021
Luxembourg,Import,4338080,8,2021
Luxembourg,Export,4671260,9,2021
Luxembourg,Import,4617840,9,2021
Luxembourg,Export,7536700,10,2021
Luxembourg,Import,5016670,10,2021
Luxembourg,Export,9449150,11,2021
Luxembourg,Import,5648190,11,2021
Luxembourg,Export,9263550,12,2021
Luxembourg,Import,3827180,12,2021
Malaysia,Export,309529310,1,2021
Malaysia,Import,730852230,1,2021
Malaysia,Export,270866500,2,2021
Malaysia,Import,554567290,2,2021
Malaysia,Export,411732640,3,2021
Malaysia,Import,839344690,3,2021
Malaysia,Export,392682190,4,2021
Malaysia,Import,748918200,4,2021
Malaysia,Export,345658530,5,2021
Malaysia,Import,629171580,5,2021
Malaysia,Export,388140890,6,2021
Malaysia,Import,697309740,6,2021
Malaysia,Export,310098220,7,2021
Malaysia,Import,629952780,7,2021
Malaysia,Export,357309100,8,2021
Malaysia,Import,527167689,8,2021
Malaysia,Export,380560010,9,2021
Malaysia,Import,592395770,9,2021
Malaysia,Export,343687290,10,2021
Malaysia,Import,696470150,10,2021
Malaysia,Export,428509360,11,2021
Malaysia,Import,776644140,11,2021
Malaysia,Export,431838400,12,2021
Malaysia,Import,725686530,12,2021
Malta,Export,693580,1,2021
Malta,Import,5267180,1,2021
Malta,Export,485760,2,2021
Malta,Import,2023710,2,2021
Malta,Export,583700,3,2021
Malta,Import,3437210,3,2021
Malta,Export,1626210,4,2021
Malta,Import,2977080,4,2021
Malta,Export,991580,5,2021
Malta,Import,2893700,5,2021
Malta,Export,549620,6,2021
Malta,Import,2324400,6,2021
Malta,Export,1031550,7,2021
Malta,Import,2170330,7,2021
Malta,Export,734040,8,2021
Malta,Import,2417230,8,2021
Malta,Export,284480,9,2021
Malta,Import,3122590,9,2021
Malta,Export,882580,10,2021
Malta,Import,3206830,10,2021
Malta,Export,1076930,11,2021
Malta,Import,3394610,11,2021
Malta,Export,570350,12,2021
Malta,Import,3149040,12,2021
Mexico,Export,299257470,1,2021
Mexico,Import,48156860,1,2021
Mexico,Export,269899550,2,2021
Mexico,Import,35204760,2,2021
Mexico,Export,361968910,3,2021
Mexico,Import,43300750,3,2021
Mexico,Export,357243510,4,2021
Mexico,Import,36372210,4,2021
Mexico,Export,419862720,5,2021
Mexico,Import,43516350,5,2021
Mexico,Export,392646680,6,2021
Mexico,Import,41655130,6,2021
Mexico,Export,391268340,7,2021
Mexico,Import,35830990,7,2021
Mexico,Export,426567150,8,2021
Mexico,Import,37084310,8,2021
Mexico,Export,490041590,9,2021
Mexico,Import,40871940,9,2021
Mexico,Export,418243780,10,2021
Mexico,Import,52109550,10,2021
Mexico,Export,378122520,11,2021
Mexico,Import,40331130,11,2021
Mexico,Export,360000980,12,2021
Mexico,Import,45109200,12,2021
Myanmar,Export,57275760,1,2021
Myanmar,Import,45315990,1,2021
Myanmar,Export,28082890,2,2021
Myanmar,Import,52543140,2,2021
Myanmar,Export,12400300,3,2021
Myanmar,Import,50819780,3,2021
Myanmar,Export,22748270,4,2021
Myanmar,Import,29853180,4,2021
Myanmar,Export,31464840,5,2021
Myanmar,Import,27168100,5,2021
Myanmar,Export,43808740,6,2021
Myanmar,Import,27522720,6,2021
Myanmar,Export,34620010,7,2021
Myanmar,Import,28609810,7,2021
Myanmar,Export,31593080,8,2021
Myanmar,Import,19073930,8,2021
Myanmar,Export,26880110,9,2021
Myanmar,Import,14535490,9,2021
Myanmar,Export,31920970,10,2021
Myanmar,Import,22829270,10,2021
Myanmar,Export,38335950,11,2021
Myanmar,Import,31097270,11,2021
Myanmar,Export,49946530,12,2021
Myanmar,Import,33582530,12,2021
Netherlands,Export,710647230,1,2021
Netherlands,Import,46359730,1,2021
Netherlands,Export,480463010,2,2021
Netherlands,Import,49803940,2,2021
Netherlands,Export,719945100,3,2021
Netherlands,Import,59289950,3,2021
Netherlands,Export,719945100,4,2021
Netherlands,Import,59425570,4,2021
Netherlands,Export,635724970,5,2021
Netherlands,Import,58134970,5,2021
Netherlands,Export,618670960,6,2021
Netherlands,Import,67041640,6,2021
Netherlands,Export,640321000,7,2021
Netherlands,Import,61163180,7,2021
Netherlands,Export,529289319,8,2021
Netherlands,Import,44874650,8,2021
Netherlands,Export,525020199,9,2021
Netherlands,Import,65665420,9,2021
Netherlands,Export,622095670,10,2021
Netherlands,Import,76458380,10,2021
Netherlands,Export,660123250,11,2021
Netherlands,Import,50972870,11,2021
Netherlands,Export,824046480,12,2021
Netherlands,Import,47837650,12,2021
New Zealand,Export,57001820,1,2021
New Zealand,Import,45849750,1,2021
New Zealand,Export,44674470,2,2021
New Zealand,Import,40046480,2,2021
New Zealand,Export,62476070,3,2021
New Zealand,Import,56754600,3,2021
New Zealand,Export,52374800,4,2021
New Zealand,Import,60052420,4,2021
New Zealand,Export,44939680,5,2021
New Zealand,Import,59531400,5,2021
New Zealand,Export,53016340,6,2021
New Zealand,Import,59250800,6,2021
New Zealand,Export,63554510,7,2021
New Zealand,Import,70464120,7,2021
New Zealand,Export,47049820,8,2021
New Zealand,Import,60616360,8,2021
New Zealand,Export,56678880,9,2021
New Zealand,Import,47184860,9,2021
New Zealand,Export,52237340,10,2021
New Zealand,Import,41298370,10,2021
New Zealand,Export,80976470,11,2021
New Zealand,Import,44021400,11,2021
New Zealand,Export,86981310,12,2021
New Zealand,Import,50600850,12,2021
Norway,Export,14144710,1,2021
Norway,Import,27855810,1,2021
Norway,Export,6923290,2,2021
Norway,Import,17048490,2,2021
Norway,Export,10986810,3,2021
Norway,Import,37342190,3,2021
Norway,Export,8849540,4,2021
Norway,Import,31530860,4,2021
Norway,Export,11671800,5,2021
Norway,Import,34556590,5,2021
Norway,Export,14023250,6,2021
Norway,Import,31994640,6,2021
Norway,Export,13912080,7,2021
Norway,Import,27338950,7,2021
Norway,Export,9887280,8,2021
Norway,Import,27626480,8,2021
Norway,Export,13354290,9,2021
Norway,Import,26516870,9,2021
Norway,Export,9501290,10,2021
Norway,Import,24292420,10,2021
Norway,Export,9809020,11,2021
Norway,Import,31112540,11,2021
Norway,Export,12436480,12,2021
Norway,Import,35070510,12,2021
Pakistan,Export,40733220,1,2021
Pakistan,Import,14458800,1,2021
Pakistan,Export,35503140,2,2021
Pakistan,Import,10177060,2,2021
Pakistan,Export,46670660,3,2021
Pakistan,Import,13615870,3,2021
Pakistan,Export,43504880,4,2021
Pakistan,Import,14626600,4,2021
Pakistan,Export,46283270,5,2021
Pakistan,Import,13247320,5,2021
Pakistan,Export,48838050,6,2021
Pakistan,Import,11231300,6,2021
Pakistan,Export,44404590,7,2021
Pakistan,Import,15168870,7,2021
Pakistan,Export,40160840,8,2021
Pakistan,Import,28052490,8,2021
Pakistan,Export,41572140,9,2021
Pakistan,Import,24871230,9,2021
Pakistan,Export,65566679,10,2021
Pakistan,Import,20060720,10,2021
Pakistan,Export,67657200,11,2021
Pakistan,Import,15970410,11,2021
Pakistan,Export,77161140,12,2021
Pakistan,Import,14795460,12,2021
Peru,Export,45772720,1,2021
Peru,Import,5510030,1,2021
Peru,Export,39812680,2,2021
Peru,Import,4969010,2,2021
Peru,Export,48292850,3,2021
Peru,Import,10756670,3,2021
Peru,Export,72771110,4,2021
Peru,Import,9670330,4,2021
Peru,Export,35835700,5,2021
Peru,Import,4876140,5,2021
Peru,Export,39483130,6,2021
Peru,Import,6860790,6,2021
Peru,Export,50634590,7,2021
Peru,Import,4360920,7,2021
Peru,Export,31429800,8,2021
Peru,Import,2865630,8,2021
Peru,Export,42937100,9,2021
Peru,Import,2456220,9,2021
Peru,Export,42354190,10,2021
Peru,Import,6127140,10,2021
Peru,Export,54546970,11,2021
Peru,Import,4608890,11,2021
Peru,Export,56078570,12,2021
Peru,Import,10743160,12,2021
Philippines,Export,339661420,1,2021
Philippines,Import,147487940,1,2021
Philippines,Export,204962320,2,2021
Philippines,Import,128484560,2,2021
Philippines,Export,373749600,3,2021
Philippines,Import,169781870,3,2021
Philippines,Export,408611970,4,2021
Philippines,Import,174404410,4,2021
Philippines,Export,369652850,5,2021
Philippines,Import,172362090,5,2021
Philippines,Export,368025380,6,2021
Philippines,Import,177115050,6,2021
Philippines,Export,441324080,7,2021
Philippines,Import,188356570,7,2021
Philippines,Export,391041210,8,2021
Philippines,Import,214445730,8,2021
Philippines,Export,409830050,9,2021
Philippines,Import,235182710,9,2021
Philippines,Export,399362020,10,2021
Philippines,Import,234961440,10,2021
Philippines,Export,477086340,11,2021
Philippines,Import,339603880,11,2021
Philippines,Export,390251360,12,2021
Philippines,Import,222879960,12,2021
Poland,Export,174838790,1,2021
Poland,Import,33674390,1,2021
Poland,Export,155278660,2,2021
Poland,Import,38964410,2,2021
Poland,Export,210491210,3,2021
Poland,Import,29202190,3,2021
Poland,Export,186311560,4,2021
Poland,Import,41601640,4,2021
Poland,Export,195777710,5,2021
Poland,Import,37874390,5,2021
Poland,Export,151610220,6,2021
Poland,Import,43994580,6,2021
Poland,Export,167485950,7,2021
Poland,Import,32827839,7,2021
Poland,Export,148467240,8,2021
Poland,Import,29484960,8,2021
Poland,Export,158996930,9,2021
Poland,Import,62547270,9,2021
Poland,Export,172054520,10,2021
Poland,Import,85186550,10,2021
Poland,Export,158802410,11,2021
Poland,Import,39959320,11,2021
Poland,Export,186947830,12,2021
Poland,Import,33989650,12,2021
Portugal,Export,39313420,1,2021
Portugal,Import,11478450,1,2021
Portugal,Export,41278250,2,2021
Portugal,Import,13746540,2,2021
Portugal,Export,50162310,3,2021
Portugal,Import,14020200,3,2021
Portugal,Export,30555420,4,2021
Portugal,Import,15286200,4,2021
Portugal,Export,33364100,5,2021
Portugal,Import,13208010,5,2021
Portugal,Export,49372340,6,2021
Portugal,Import,9394170,6,2021
Portugal,Export,39905240,7,2021
Portugal,Import,19458670,7,2021
Portugal,Export,41275770,8,2021
Portugal,Import,4941160,8,2021
Portugal,Export,57552590,9,2021
Portugal,Import,7167970,9,2021
Portugal,Export,73970930,10,2021
Portugal,Import,5019580,10,2021
Portugal,Export,60428930,11,2021
Portugal,Import,5303450,11,2021
Portugal,Export,47523540,12,2021
Portugal,Import,6569750,12,2021
Romania,Export,15038570,1,2021
Romania,Import,8963680,1,2021
Romania,Export,12315010,2,2021
Romania,Import,16349140,2,2021
Romania,Export,14386770,3,2021
Romania,Import,12828160,3,2021
Romania,Export,15543060,4,2021
Romania,Import,5132850,4,2021
Romania,Export,22111930,5,2021
Romania,Import,5302800,5,2021
Romania,Export,16864590,6,2021
Romania,Import,5465520,6,2021
Romania,Export,17999250,7,2021
Romania,Import,9047000,7,2021
Romania,Export,16702300,8,2021
Romania,Import,20618620,8,2021
Romania,Export,19776680,9,2021
Romania,Import,24976610,9,2021
Romania,Export,18248160,10,2021
Romania,Import,23911670,10,2021
Romania,Export,19748290,11,2021
Romania,Import,6990680,11,2021
Romania,Export,22532280,12,2021
Romania,Import,19228450,12,2021
Russia Federation,Export,269196320,1,2021
Russia Federation,Import,196655770,1,2021
Russia Federation,Export,206354020,2,2021
Russia Federation,Import,139950180,2,2021
Russia Federation,Export,291601120,3,2021
Russia Federation,Import,183404150,3,2021
Russia Federation,Export,342614090,4,2021
Russia Federation,Import,138002870,4,2021
Russia Federation,Export,260778740,5,2021
Russia Federation,Import,187590810,5,2021
Russia Federation,Export,286172870,6,2021
Russia Federation,Import,121599530,6,2021
Russia Federation,Export,251382070,7,2021
Russia Federation,Import,150061210,7,2021
Russia Federation,Export,248687560,8,2021
Russia Federation,Import,163965550,8,2021
Russia Federation,Export,238227760,9,2021
Russia Federation,Import,162019800,9,2021
Russia Federation,Export,253542740,10,2021
Russia Federation,Import,373095100,10,2021
Russia Federation,Export,271317310,11,2021
Russia Federation,Import,235838500,11,2021
Russia Federation,Export,283345800,12,2021
Russia Federation,Import,247118080,12,2021
Saudi Arabia,Export,31550270,1,2021
Saudi Arabia,Import,148042640,1,2021
Saudi Arabia,Export,20970770,2,2021
Saudi Arabia,Import,129304960,2,2021
Saudi Arabia,Export,58796390,3,2021
Saudi Arabia,Import,164693300,3,2021
Saudi Arabia,Export,31485390,4,2021
Saudi Arabia,Import,133435829,4,2021
Saudi Arabia,Export,28110920,5,2021
Saudi Arabia,Import,115896750,5,2021
Saudi Arabia,Export,27868750,6,2021
Saudi Arabia,Import,160267780,6,2021
Saudi Arabia,Export,25748930,7,2021
Saudi Arabia,Import,127969290,7,2021
Saudi Arabia,Export,24679490,8,2021
Saudi Arabia,Import,145533120,8,2021
Saudi Arabia,Export,22910670,9,2021
Saudi Arabia,Import,121037590,9,2021
Saudi Arabia,Export,26754010,10,2021
Saudi Arabia,Import,106702500,10,2021
Saudi Arabia,Export,33876560,11,2021
Saudi Arabia,Import,106856020,11,2021
Saudi Arabia,Export,38287380,12,2021
Saudi Arabia,Import,178456610,12,2021
Senegal,Export,1856690,1,2021
Senegal,Import,0,1,2021
Senegal,Export,1842560,2,2021
Senegal,Import,0,2,2021
Senegal,Export,1880910,3,2021
Senegal,Import,0,3,2021
Senegal,Export,1797390,4,2021
Senegal,Import,0,4,2021
Senegal,Export,2342810,5,2021
Senegal,Import,0,5,2021
Senegal,Export,3148230,6,2021
Senegal,Import,0,6,2021
Senegal,Export,1497560,7,2021
Senegal,Import,0,7,2021
Senegal,Export,2302940,8,2021
Senegal,Import,0,8,2021
Senegal,Export,2614930,9,2021
Senegal,Import,0,9,2021
Senegal,Export,3345630,10,2021
Senegal,Import,0,10,2021
Senegal,Export,4129680,11,2021
Senegal,Import,0,11,2021
Senegal,Export,3625250,12,2021
Senegal,Import,0,12,2021
Singapore,Export,345400210,1,2021
Singapore,Import,387511510,1,2021
Singapore,Export,224008270,2,2021
Singapore,Import,270371400,2,2021
Singapore,Export,343876310,3,2021
Singapore,Import,382026260,3,2021
Singapore,Export,317420770,4,2021
Singapore,Import,391141770,4,2021
Singapore,Export,331253550,5,2021
Singapore,Import,381878680,5,2021
Singapore,Export,322388780,6,2021
Singapore,Import,439856200,6,2021
Singapore,Export,254465420,7,2021
Singapore,Import,382489310,7,2021
Singapore,Export,335688490,8,2021
Singapore,Import,257584000,8,2021
Singapore,Export,390519430,9,2021
Singapore,Import,269269430,9,2021
Singapore,Export,330777380,10,2021
Singapore,Import,298860510,10,2021
Singapore,Export,413950380,11,2021
Singapore,Import,349086620,11,2021
Singapore,Export,360769070,12,2021
Singapore,Import,469800620,12,2021
Slovakia,Export,99318730,1,2021
Slovakia,Import,3748500,1,2021
Slovakia,Export,77966790,2,2021
Slovakia,Import,10538060,2,2021
Slovakia,Export,111257200,3,2021
Slovakia,Import,5062180,3,2021
Slovakia,Export,115863640,4,2021
Slovakia,Import,4908110,4,2021
Slovakia,Export,100561480,5,2021
Slovakia,Import,6463060,5,2021
Slovakia,Export,98962190,6,2021
Slovakia,Import,7195730,6,2021
Slovakia,Export,89815350,7,2021
Slovakia,Import,2642270,7,2021
Slovakia,Export,101664810,8,2021
Slovakia,Import,3909410,8,2021
Slovakia,Export,112781610,9,2021
Slovakia,Import,5104590,9,2021
Slovakia,Export,121853710,10,2021
Slovakia,Import,5691330,10,2021
Slovakia,Export,96942410,11,2021
Slovakia,Import,4069130,11,2021
Slovakia,Export,112502950,12,2021
Slovakia,Import,8826910,12,2021
Slovenia,Export,36452170,1,2021
Slovenia,Import,3137120,1,2021
Slovenia,Export,22172840,2,2021
Slovenia,Import,2676730,2,2021
Slovenia,Export,25395650,3,2021
Slovenia,Import,4511750,3,2021
Slovenia,Export,30554550,4,2021
Slovenia,Import,5940780,4,2021
Slovenia,Export,44141450,5,2021
Slovenia,Import,4540790,5,2021
Slovenia,Export,45551790,6,2021
Slovenia,Import,10096590,6,2021
Slovenia,Export,46697800,7,2021
Slovenia,Import,4967850,7,2021
Slovenia,Export,34560750,8,2021
Slovenia,Import,8382090,8,2021
Slovenia,Export,32260500,9,2021
Slovenia,Import,3497290,9,2021
Slovenia,Export,32283420,10,2021
Slovenia,Import,3098940,10,2021
Slovenia,Export,45460030,11,2021
Slovenia,Import,5809460,11,2021
Slovenia,Export,44465080,12,2021
Slovenia,Import,2323140,12,2021
South Africa,Export,74431470,1,2021
South Africa,Import,30340530,1,2021
South Africa,Export,70374020,2,2021
South Africa,Import,19343220,2,2021
South Africa,Export,93011690,3,2021
South Africa,Import,25672960,3,2021
South Africa,Export,73573940,4,2021
South Africa,Import,72909580,4,2021
South Africa,Export,81442970,5,2021
South Africa,Import,23537340,5,2021
South Africa,Export,60912180,6,2021
South Africa,Import,81827950,6,2021
South Africa,Export,72187970,7,2021
South Africa,Import,55195490,7,2021
South Africa,Export,51519470,8,2021
South Africa,Import,53938600,8,2021
South Africa,Export,70379570,9,2021
South Africa,Import,9070880,9,2021
South Africa,Export,62217560,10,2021
South Africa,Import,15489770,10,2021
South Africa,Export,59170000,11,2021
South Africa,Import,12799640,11,2021
South Africa,Export,78118360,12,2021
South Africa,Import,26443340,12,2021
Spain,Export,235411970,1,2021
Spain,Import,53523740,1,2021
Spain,Export,138073780,2,2021
Spain,Import,33495449,2,2021
Spain,Export,191334380,3,2021
Spain,Import,53097430,3,2021
Spain,Export,175055520,4,2021
Spain,Import,47181400,4,2021
Spain,Export,188880950,5,2021
Spain,Import,46479010,5,2021
Spain,Export,183080780,6,2021
Spain,Import,59647350,6,2021
Spain,Export,262291190,7,2021
Spain,Import,54820460,7,2021
Spain,Export,232339040,8,2021
Spain,Import,52455680,8,2021
Spain,Export,233395680,9,2021
Spain,Import,58086380,9,2021
Spain,Export,218176010,10,2021
Spain,Import,43519270,10,2021
Spain,Export,226974240,11,2021
Spain,Import,31862190,11,2021
Spain,Export,261030300,12,2021
Spain,Import,44134170,12,2021
Sweden,Export,132002940,1,2021
Sweden,Import,28890800,1,2021
Sweden,Export,61735190,2,2021
Sweden,Import,28153100,2,2021
Sweden,Export,76812330,3,2021
Sweden,Import,34503000,3,2021
Sweden,Export,81829960,4,2021
Sweden,Import,24846480,4,2021
Sweden,Export,93366450,5,2021
Sweden,Import,31643660,5,2021
Sweden,Export,92185530,6,2021
Sweden,Import,26955440,6,2021
Sweden,Export,82461580,7,2021
Sweden,Import,25848760,7,2021
Sweden,Export,97351270,8,2021
Sweden,Import,26041070,8,2021
Sweden,Export,105739410,9,2021
Sweden,Import,28108960,9,2021
Sweden,Export,108955260,10,2021
Sweden,Import,18055360,10,2021
Sweden,Export,118123790,11,2021
Sweden,Import,24375570,11,2021
Sweden,Export,149055510,12,2021
Sweden,Import,24165710,12,2021
Switzerland,Export,11987140,1,2021
Switzerland,Import,64323870,1,2021
Switzerland,Export,9329960,2,2021
Switzerland,Import,39485300,2,2021
Switzerland,Export,10585430,3,2021
Switzerland,Import,64797220,3,2021
Switzerland,Export,26183220,4,2021
Switzerland,Import,57021150,4,2021
Switzerland,Export,19136560,5,2021
Switzerland,Import,61938470,5,2021
Switzerland,Export,12767660,6,2021
Switzerland,Import,52373090,6,2021
Switzerland,Export,16539330,7,2021
Switzerland,Import,56403020,7,2021
Switzerland,Export,8575920,8,2021
Switzerland,Import,36293280,8,2021
Switzerland,Export,31950330,9,2021
Switzerland,Import,43612880,9,2021
Switzerland,Export,37603310,10,2021
Switzerland,Import,45375530,10,2021
Switzerland,Export,16601950,11,2021
Switzerland,Import,46652180,11,2021
Switzerland,Export,40372140,12,2021
Switzerland,Import,54966140,12,2021
Taiwan,Export,395284480,1,2021
Taiwan,Import,1764753780,1,2021
Taiwan,Export,214363830,2,2021
Taiwan,Import,1354025920,2,2021
Taiwan,Export,369391280,3,2021
Taiwan,Import,1877598270,3,2021
Taiwan,Export,393838320,4,2021
Taiwan,Import,1705622920,4,2021
Taiwan,Export,357098130,5,2021
Taiwan,Import,1756252760,5,2021
Taiwan,Export,394948060,6,2021
Taiwan,Import,1676775940,6,2021
Taiwan,Export,437159830,7,2021
Taiwan,Import,1767666090,7,2021
Taiwan,Export,404689430,8,2021
Taiwan,Import,1720416920,8,2021
Taiwan,Export,392934870,9,2021
Taiwan,Import,1652743730,9,2021
Taiwan,Export,354075120,10,2021
Taiwan,Import,1647418450,10,2021
Taiwan,Export,412911060,11,2021
Taiwan,Import,1920003160,11,2021
Taiwan,Export,461051480,12,2021
Taiwan,Import,1929446990,12,2021
Thailand,Export,512797050,1,2021
Thailand,Import,1011414310,1,2021
Thailand,Export,358570840,2,2021
Thailand,Import,897239310,2,2021
Thailand,Export,580683350,3,2021
Thailand,Import,1247934140,3,2021
Thailand,Export,506787930,4,2021
Thailand,Import,1030613220,4,2021
Thailand,Export,548319620,5,2021
Thailand,Import,1242661320,5,2021
Thailand,Export,523850700,6,2021
Thailand,Import,1175288410,6,2021
Thailand,Export,500505080,7,2021
Thailand,Import,1131158920,7,2021
Thailand,Export,387505090,8,2021
Thailand,Import,872318890,8,2021
Thailand,Export,424466950,9,2021
Thailand,Import,717128660,9,2021
Thailand,Export,621592220,10,2021
Thailand,Import,902574820,10,2021
Thailand,Export,623133840,11,2021
Thailand,Import,1191934580,11,2021
Thailand,Export,573085310,12,2021
Thailand,Import,1144442810,12,2021
Turkey,Export,102088300,1,2021
Turkey,Import,25470110,1,2021
Turkey,Export,60566530,2,2021
Turkey,Import,16904510,2,2021
Turkey,Export,93807930,3,2021
Turkey,Import,28977780,3,2021
Turkey,Export,109831580,4,2021
Turkey,Import,32237120,4,2021
Turkey,Export,102521450,5,2021
Turkey,Import,47889490,5,2021
Turkey,Export,79108300,6,2021
Turkey,Import,32602820,6,2021
Turkey,Export,93659770,7,2021
Turkey,Import,39258310,7,2021
Turkey,Export,103918390,8,2021
Turkey,Import,36851150,8,2021
Turkey,Export,86654350,9,2021
Turkey,Import,38232240,9,2021
Turkey,Export,123902580,10,2021
Turkey,Import,34921780,10,2021
Turkey,Export,119555640,11,2021
Turkey,Import,27269300,11,2021
Turkey,Export,152369720,12,2021
Turkey,Import,26089950,12,2021
Ukraine,Export,27581320,1,2021
Ukraine,Import,5612940,1,2021
Ukraine,Export,19181250,2,2021
Ukraine,Import,7348770,2,2021
Ukraine,Export,32033180,3,2021
Ukraine,Import,32882000,3,2021
Ukraine,Export,31376930,4,2021
Ukraine,Import,32511730,4,2021
Ukraine,Export,23028100,5,2021
Ukraine,Import,4091000,5,2021
Ukraine,Export,23894940,6,2021
Ukraine,Import,39681320,6,2021
Ukraine,Export,34150670,7,2021
Ukraine,Import,46808080,7,2021
Ukraine,Export,28395510,8,2021
Ukraine,Import,31404220,8,2021
Ukraine,Export,30498540,9,2021
Ukraine,Import,26018930,9,2021
Ukraine,Export,29145890,10,2021
Ukraine,Import,63685530,10,2021
Ukraine,Export,32066700,11,2021
Ukraine,Import,44819710,11,2021
Ukraine,Export,33300150,12,2021
Ukraine,Import,40971510,12,2021
United Arab Emirates,Export,402552270,1,2021
United Arab Emirates,Import,41650440,1,2021
United Arab Emirates,Export,334082000,2,2021
United Arab Emirates,Import,30223150,2,2021
United Arab Emirates,Export,444163430,3,2021
United Arab Emirates,Import,65663789,3,2021
United Arab Emirates,Export,353761400,4,2021
United Arab Emirates,Import,25088900,4,2021
United Arab Emirates,Export,383144490,5,2021
United Arab Emirates,Import,26010910,5,2021
United Arab Emirates,Export,322922620,6,2021
United Arab Emirates,Import,38816990,6,2021
United Arab Emirates,Export,512842770,7,2021
United Arab Emirates,Import,58571080,7,2021
United Arab Emirates,Export,394496830,8,2021
United Arab Emirates,Import,58668040,8,2021
United Arab Emirates,Export,451967260,9,2021
United Arab Emirates,Import,48457150,9,2021
United Arab Emirates,Export,323817220,10,2021
United Arab Emirates,Import,37212390,10,2021
United Arab Emirates,Export,328202570,11,2021
United Arab Emirates,Import,39685000,11,2021
United Arab Emirates,Export,440605340,12,2021
United Arab Emirates,Import,103081530,12,2021
United Kingdom,Export,598047460,1,2021
United Kingdom,Import,59297880,1,2021
United Kingdom,Export,329642650,2,2021
United Kingdom,Import,37004560,2,2021
United Kingdom,Export,540800220,3,2021
United Kingdom,Import,68591400,3,2021
United Kingdom,Export,418913540,4,2021
United Kingdom,Import,74632660,4,2021
United Kingdom,Export,472753430,5,2021
United Kingdom,Import,85540890,5,2021
United Kingdom,Export,520214620,6,2021
United Kingdom,Import,88377540,6,2021
United Kingdom,Export,504578770,7,2021
United Kingdom,Import,78267610,7,2021
United Kingdom,Export,517442580,8,2021
United Kingdom,Import,73793860,8,2021
United Kingdom,Export,400517600,9,2021
United Kingdom,Import,73239440,9,2021
United Kingdom,Export,432379740,10,2021
United Kingdom,Import,67503910,10,2021
United Kingdom,Export,505880980,11,2021
United Kingdom,Import,71928210,11,2021
United Kingdom,Export,524515310,12,2021
United Kingdom,Import,71122840,12,2021
United States,Export,8183255330,1,2021
United States,Import,1130741830,1,2021
United States,Export,5646118580,2,2021
United States,Import,1129799810,2,2021
United States,Export,8405756869,3,2021
United States,Import,1462375980,3,2021
United States,Export,7696532650,4,2021
United States,Import,1305602190,4,2021
United States,Export,7506377780,5,2021
United States,Import,1409795640,5,2021
United States,Export,8138853240,6,2021
United States,Import,1189458630,6,2021
United States,Export,8379800110,7,2021
United States,Import,1390206120,7,2021
United States,Export,7902062520,8,2021
United States,Import,1303732910,8,2021
United States,Export,7011722810,9,2021
United States,Import,1335124290,9,2021
United States,Export,7875265500,10,2021
United States,Import,1193423030,10,2021
United States,Export,9285966150,11,2021
United States,Import,1279263880,11,2021
United States,Export,10261300600,12,2021
United States,Import,1140957960,12,2021
Argentina,Export,68259410,1,2022
Argentina,Import,328061940,1,2022
Argentina,Export,56909910,2,2022
Argentina,Import,188617710,2,2022
Argentina,Export,143640400,3,2022
Argentina,Import,184762930,3,2022
Argentina,Export,104115970,4,2022
Argentina,Import,249675090,4,2022
Argentina,Export,77323310,5,2022
Argentina,Import,487406360,5,2022
Argentina,Export,57749850,6,2022
Argentina,Import,542021680,6,2022
Argentina,Export,69536090,7,2022
Argentina,Import,339080020,7,2022
Argentina,Export,61851690,8,2022
Argentina,Import,357420200,8,2022
Argentina,Export,47607970,9,2022
Argentina,Import,431930350,9,2022
Argentina,Export,69604990,10,2022
Argentina,Import,336598750,10,2022
Argentina,Export,50131090,11,2022
Argentina,Import,267455110,11,2022
Argentina,Export,44940800,12,2022
Argentina,Import,318779590,12,2022
Australia,Export,410940750,1,2022
Australia,Import,683546070,1,2022
Australia,Export,384818010,2,2022
Australia,Import,558090090,2,2022
Australia,Export,586624300,3,2022
Australia,Import,882449440,3,2022
Australia,Export,473035430,4,2022
Australia,Import,818888670,4,2022
Australia,Export,510350810,5,2022
Australia,Import,908109720,5,2022
Australia,Export,416288120,6,2022
Australia,Import,1381011810,6,2022
Australia,Export,584158760,7,2022
Australia,Import,997480710,7,2022
Australia,Export,583753850,8,2022
Australia,Import,789593880,8,2022
Australia,Export,272267300,9,2022
Australia,Import,754459060,9,2022
Australia,Export,522655010,10,2022
Australia,Import,844593950,10,2022
Australia,Export,507440820,11,2022
Australia,Import,833097040,11,2022
Australia,Export,301148410,12,2022
Australia,Import,693361590,12,2022
Austria,Export,271614590,1,2022
Austria,Import,22423400,1,2022
Austria,Export,183371190,2,2022
Austria,Import,27691240,2,2022
Austria,Export,306952950,3,2022
Austria,Import,33022980,3,2022
Austria,Export,240216020,4,2022
Austria,Import,33418100,4,2022
Austria,Export,156493560,5,2022
Austria,Import,23393980,5,2022
Austria,Export,193383580,6,2022
Austria,Import,26606030,6,2022
Austria,Export,167935810,7,2022
Austria,Import,22820770,7,2022
Austria,Export,226695080,8,2022
Austria,Import,23358110,8,2022
Austria,Export,176896830,9,2022
Austria,Import,22919400,9,2022
Austria,Export,252180030,10,2022
Austria,Import,31595060,10,2022
Austria,Export,204099330,11,2022
Austria,Import,29384260,11,2022
Austria,Export,78986580,12,2022
Austria,Import,37702630,12,2022
Belarus,Export,0,1,2022
Belarus,Import,23475250,1,2022
Belarus,Export,0,2,2022
Belarus,Import,13668470,2,2022
Belarus,Export,0,3,2022
Belarus,Import,991540,3,2022
Belarus,Export,0,4,2022
Belarus,Import,1012820,4,2022
Belarus,Export,0,5,2022
Belarus,Import,839590,5,2022
Belarus,Export,0,6,2022
Belarus,Import,1587900,6,2022
Belarus,Export,0,7,2022
Belarus,Import,955550,7,2022
Belarus,Export,0,8,2022
Belarus,Import,1046010,8,2022
Belarus,Export,0,9,2022
Belarus,Import,1614900,9,2022
Belarus,Export,0,10,2022
Belarus,Import,2784430,10,2022
Belarus,Export,0,11,2022
Belarus,Import,1990990,11,2022
Belarus,Export,0,12,2022
Belarus,Import,3808340,12,2022
Belgium,Export,408102440,1,2022
Belgium,Import,38355050,1,2022
Belgium,Export,245821610,2,2022
Belgium,Import,46106720,2,2022
Belgium,Export,450351150,3,2022
Belgium,Import,73553070,3,2022
Belgium,Export,443572010,4,2022
Belgium,Import,56278780,4,2022
Belgium,Export,321106720,5,2022
Belgium,Import,82205960,5,2022
Belgium,Export,387457470,6,2022
Belgium,Import,70314730,6,2022
Belgium,Export,310500620,7,2022
Belgium,Import,61243050,7,2022
Belgium,Export,295046030,8,2022
Belgium,Import,43670840,8,2022
Belgium,Export,282279460,9,2022
Belgium,Import,76732260,9,2022
Belgium,Export,302023540,10,2022
Belgium,Import,74380350,10,2022
Belgium,Export,261728220,11,2022
Belgium,Import,52385220,11,2022
Belgium,Export,268166740,12,2022
Belgium,Import,79654880,12,2022
Brazil,Export,193182470,1,2022
Brazil,Import,357665540,1,2022
Brazil,Export,147255250,2,2022
Brazil,Import,371022380,2,2022
Brazil,Export,192763910,3,2022
Brazil,Import,447285060,3,2022
Brazil,Export,212646070,4,2022
Brazil,Import,460372650,4,2022
Brazil,Export,191860230,5,2022
Brazil,Import,561303220,5,2022
Brazil,Export,176523330,6,2022
Brazil,Import,327673520,6,2022
Brazil,Export,177723170,7,2022
Brazil,Import,354274960,7,2022
Brazil,Export,204114020,8,2022
Brazil,Import,274414520,8,2022
Brazil,Export,166830840,9,2022
Brazil,Import,233388860,9,2022
Brazil,Export,199899830,10,2022
Brazil,Import,297887810,10,2022
Brazil,Export,179044320,11,2022
Brazil,Import,413897520,11,2022
Brazil,Export,195710780,12,2022
Brazil,Import,448688960,12,2022
Brunei,Export,907520,1,2022
Brunei,Import,58759150,1,2022
Brunei,Export,432580,2,2022
Brunei,Import,49126410,2,2022
Brunei,Export,1072440,3,2022
Brunei,Import,131576630,3,2022
Brunei,Export,1098390,4,2022
Brunei,Import,85495440,4,2022
Brunei,Export,1701010,5,2022
Brunei,Import,83552610,5,2022
Brunei,Export,835060,6,2022
Brunei,Import,43776100,6,2022
Brunei,Export,42994250,7,2022
Brunei,Import,86648560,7,2022
Brunei,Export,2006600,8,2022
Brunei,Import,21552200,8,2022
Brunei,Export,1421540,9,2022
Brunei,Import,10232950,9,2022
Brunei,Export,1228070,10,2022
Brunei,Import,14114900,10,2022
Brunei,Export,4343040,11,2022
Brunei,Import,24699040,11,2022
Brunei,Export,34217940,12,2022
Brunei,Import,23943160,12,2022
Bungary,Export,11577850,1,2022
Bungary,Import,4492750,1,2022
Bungary,Export,9193080,2,2022
Bungary,Import,7254640,2,2022
Bungary,Export,12250460,3,2022
Bungary,Import,7927680,3,2022
Bungary,Export,12141800,4,2022
Bungary,Import,4633380,4,2022
Bungary,Export,10581950,5,2022
Bungary,Import,6118480,5,2022
Bungary,Export,11591380,6,2022
Bungary,Import,3753560,6,2022
Bungary,Export,10112440,7,2022
Bungary,Import,4124350,7,2022
Bungary,Export,10576580,8,2022
Bungary,Import,4620170,8,2022
Bungary,Export,20411050,9,2022
Bungary,Import,3602100,9,2022
Bungary,Export,11955250,10,2022
Bungary,Import,4072160,10,2022
Bungary,Export,7458640,11,2022
Bungary,Import,5178020,11,2022
Bungary,Export,13197030,12,2022
Bungary,Import,6773830,12,2022
Cambodia,Export,507317840,1,2022
Cambodia,Import,468975690,1,2022
Cambodia,Export,401184050,2,2022
Cambodia,Import,472397770,2,2022
Cambodia,Export,641301990,3,2022
Cambodia,Import,878454970,3,2022
Cambodia,Export,556588130,4,2022
Cambodia,Import,591160560,4,2022
Cambodia,Export,567938570,5,2022
Cambodia,Import,364668100,5,2022
Cambodia,Export,544229100,6,2022
Cambodia,Import,307151500,6,2022
Cambodia,Export,462272410,7,2022
Cambodia,Import,319231220,7,2022
Cambodia,Export,493991920,8,2022
Cambodia,Import,292401920,8,2022
Cambodia,Export,381372270,9,2022
Cambodia,Import,201341130,9,2022
Cambodia,Export,379852600,10,2022
Cambodia,Import,235129410,10,2022
Cambodia,Export,357656360,11,2022
Cambodia,Import,316676170,11,2022
Cambodia,Export,459114190,12,2022
Cambodia,Import,378512390,12,2022
Cameroon,Export,0,1,2022
Cameroon,Import,21145110,1,2022
Cameroon,Export,0,2,2022
Cameroon,Import,19200200,2,2022
Cameroon,Export,0,3,2022
Cameroon,Import,10134130,3,2022
Cameroon,Export,0,4,2022
Cameroon,Import,14907130,4,2022
Cameroon,Export,0,5,2022
Cameroon,Import,16074770,5,2022
Cameroon,Export,0,6,2022
Cameroon,Import,18030810,6,2022
Cameroon,Export,0,7,2022
Cameroon,Import,9016590,7,2022
Cameroon,Export,0,8,2022
Cameroon,Import,20803390,8,2022
Cameroon,Export,0,9,2022
Cameroon,Import,16540490,9,2022
Cameroon,Export,0,10,2022
Cameroon,Import,20836290,10,2022
Cameroon,Export,0,11,2022
Cameroon,Import,26680420,11,2022
Cameroon,Export,0,12,2022
Cameroon,Import,20442800,12,2022
Canada,Export,501039830,1,2022
Canada,Import,37199070,1,2022
Canada,Export,370792810,2,2022
Canada,Import,71198700,2,2022
Canada,Export,557506400,3,2022
Canada,Import,58303450,3,2022
Canada,Export,595238810,4,2022
Canada,Import,48278320,4,2022
Canada,Export,596519700,5,2022
Canada,Import,43145360,5,2022
Canada,Export,625256920,6,2022
Canada,Import,61810610,6,2022
Canada,Export,626049030,7,2022
Canada,Import,77915620,7,2022
Canada,Export,643285350,8,2022
Canada,Import,119498790,8,2022
Canada,Export,430762830,9,2022
Canada,Import,48707630,9,2022
Canada,Export,500784020,10,2022
Canada,Import,45807320,10,2022
Canada,Export,467133140,11,2022
Canada,Import,46271790,11,2022
Canada,Export,400347080,12,2022
Canada,Import,53309170,12,2022
Chile,Export,150235990,1,2022
Chile,Import,28197520,1,2022
Chile,Export,126291410,2,2022
Chile,Import,27045230,2,2022
Chile,Export,162785710,3,2022
Chile,Import,28587830,3,2022
Chile,Export,195293710,4,2022
Chile,Import,43346920,4,2022
Chile,Export,113534080,5,2022
Chile,Import,54425480,5,2022
Chile,Export,94463570,6,2022
Chile,Import,52006280,6,2022
Chile,Export,228944890,7,2022
Chile,Import,41192970,7,2022
Chile,Export,186212720,8,2022
Chile,Import,41714030,8,2022
Chile,Export,127439020,9,2022
Chile,Import,27250120,9,2022
Chile,Export,99162470,10,2022
Chile,Import,21042300,10,2022
Chile,Export,134148090,11,2022
Chile,Import,33465100,11,2022
Chile,Export,105442660,12,2022
Chile,Import,33662680,12,2022
"China, PR",Export,3908770290,1,2022
"China, PR",Import,10758837400,1,2022
"China, PR",Export,3982144890,2,2022
"China, PR",Import,7581914480,2,2022
"China, PR",Export,5544408540,3,2022
"China, PR",Import,9088433180,3,2022
"China, PR",Export,4481281650,4,2022
"China, PR",Import,10652341180,4,2022
"China, PR",Export,4061482150,5,2022
"China, PR",Import,11523887450,5,2022
"China, PR",Export,4193012930,6,2022
"China, PR",Import,11518710830,6,2022
"China, PR",Export,3835559120,7,2022
"China, PR",Import,10393860860,7,2022
"China, PR",Export,5627591640,8,2022
"China, PR",Import,10229192410,8,2022
"China, PR",Export,5588392380,9,2022
"China, PR",Import,9411102740,9,2022
"China, PR",Export,5886976040,10,2022
"China, PR",Import,8847610200,10,2022
"China, PR",Export,5476944600,11,2022
"China, PR",Import,9456676270,11,2022
"China, PR",Export,5116038090,12,2022
"China, PR",Import,8404059760,12,2022
Croatia,Export,4907590,1,2022
Croatia,Import,1831650,1,2022
Croatia,Export,3667810,2,2022
Croatia,Import,2015360,2,2022
Croatia,Export,9881440,3,2022
Croatia,Import,2982620,3,2022
Croatia,Export,16901350,4,2022
Croatia,Import,4628780,4,2022
Croatia,Export,6240980,5,2022
Croatia,Import,3942640,5,2022
Croatia,Export,6294360,6,2022
Croatia,Import,4888800,6,2022
Croatia,Export,4969880,7,2022
Croatia,Import,4116240,7,2022
Croatia,Export,5265480,8,2022
Croatia,Import,5100370,8,2022
Croatia,Export,3867160,9,2022
Croatia,Import,2672560,9,2022
Croatia,Export,3798190,10,2022
Croatia,Import,2293960,10,2022
Croatia,Export,6429490,11,2022
Croatia,Import,2730770,11,2022
Croatia,Export,10603560,12,2022
Croatia,Import,2009500,12,2022
Cyprus,Export,4564170,1,2022
Cyprus,Import,2064310,1,2022
Cyprus,Export,1569240,2,2022
Cyprus,Import,2926410,2,2022
Cyprus,Export,4905720,3,2022
Cyprus,Import,4610750,3,2022
Cyprus,Export,3596480,4,2022
Cyprus,Import,6044030,4,2022
Cyprus,Export,4675490,5,2022
Cyprus,Import,2632500,5,2022
Cyprus,Export,5071220,6,2022
Cyprus,Import,2970160,6,2022
Cyprus,Export,3464570,7,2022
Cyprus,Import,3436410,7,2022
Cyprus,Export,5297750,8,2022
Cyprus,Import,1562750,8,2022
Cyprus,Export,3433070,9,2022
Cyprus,Import,3362800,9,2022
Cyprus,Export,4413590,10,2022
Cyprus,Import,2582460,10,2022
Cyprus,Export,4537030,11,2022
Cyprus,Import,4448370,11,2022
Cyprus,Export,10525870,12,2022
Cyprus,Import,9162300,12,2022
Czech Republic,Export,62357000,1,2022
Czech Republic,Import,8965940,1,2022
Czech Republic,Export,35704820,2,2022
Czech Republic,Import,7936910,2,2022
Czech Republic,Export,40882650,3,2022
Czech Republic,Import,12957560,3,2022
Czech Republic,Export,46464130,4,2022
Czech Republic,Import,11479870,4,2022
Czech Republic,Export,53244710,5,2022
Czech Republic,Import,14761180,5,2022
Czech Republic,Export,65618149,6,2022
Czech Republic,Import,16195610,6,2022
Czech Republic,Export,46134610,7,2022
Czech Republic,Import,12047170,7,2022
Czech Republic,Export,56325590,8,2022
Czech Republic,Import,12363650,8,2022
Czech Republic,Export,59662170,9,2022
Czech Republic,Import,20527010,9,2022
Czech Republic,Export,63919750,10,2022
Czech Republic,Import,12476860,10,2022
Czech Republic,Export,54695840,11,2022
Czech Republic,Import,16686950,11,2022
Czech Republic,Export,83007260,12,2022
Czech Republic,Import,13678350,12,2022
Côte d'lvoire,Export,28141570,1,2022
Côte d'lvoire,Import,38876980,1,2022
Côte d'lvoire,Export,21775270,2,2022
Côte d'lvoire,Import,31441640,2,2022
Côte d'lvoire,Export,44382870,3,2022
Côte d'lvoire,Import,16988500,3,2022
Côte d'lvoire,Export,16123060,4,2022
Côte d'lvoire,Import,22119700,4,2022
Côte d'lvoire,Export,32008340,5,2022
Côte d'lvoire,Import,55063200,5,2022
Côte d'lvoire,Export,30569160,6,2022
Côte d'lvoire,Import,128725490,6,2022
Côte d'lvoire,Export,39979550,7,2022
Côte d'lvoire,Import,100590510,7,2022
Côte d'lvoire,Export,48338540,8,2022
Côte d'lvoire,Import,96620670,8,2022
Côte d'lvoire,Export,27811960,9,2022
Côte d'lvoire,Import,76146980,9,2022
Côte d'lvoire,Export,21814910,10,2022
Côte d'lvoire,Import,61025260,10,2022
Côte d'lvoire,Export,34088010,11,2022
Côte d'lvoire,Import,38005940,11,2022
Côte d'lvoire,Export,5712100,12,2022
Côte d'lvoire,Import,31427590,12,2022
Denmark,Export,50182670,1,2022
Denmark,Import,21606650,1,2022
Denmark,Export,24293010,2,2022
Denmark,Import,13316500,2,2022
Denmark,Export,46377430,3,2022
Denmark,Import,19191810,3,2022
Denmark,Export,40870480,4,2022
Denmark,Import,20242460,4,2022
Denmark,Export,65473280,5,2022
Denmark,Import,16967900,5,2022
Denmark,Export,44161440,6,2022
Denmark,Import,19110380,6,2022
Denmark,Export,37096710,7,2022
Denmark,Import,19358610,7,2022
Denmark,Export,44824160,8,2022
Denmark,Import,19867940,8,2022
Denmark,Export,31366490,9,2022
Denmark,Import,19858120,9,2022
Denmark,Export,31276550,10,2022
Denmark,Import,17909990,10,2022
Denmark,Export,33572370,11,2022
Denmark,Import,17461350,11,2022
Denmark,Export,45138890,12,2022
Denmark,Import,21537880,12,2022
Estonia,Export,3413910,1,2022
Estonia,Import,749600,1,2022
Estonia,Export,2419630,2,2022
Estonia,Import,1289180,2,2022
Estonia,Export,1978700,3,2022
Estonia,Import,1111570,3,2022
Estonia,Export,3236320,4,2022
Estonia,Import,1585770,4,2022
Estonia,Export,6097810,5,2022
Estonia,Import,1818840,5,2022
Estonia,Export,4614620,6,2022
Estonia,Import,1435780,6,2022
Estonia,Export,3372820,7,2022
Estonia,Import,1217450,7,2022
Estonia,Export,4502530,8,2022
Estonia,Import,989370,8,2022
Estonia,Export,2279200,9,2022
Estonia,Import,1718730,9,2022
Estonia,Export,2187390,10,2022
Estonia,Import,958900,10,2022
Estonia,Export,2457940,11,2022
Estonia,Import,5286500,11,2022
Estonia,Export,2435390,12,2022
Estonia,Import,2379320,12,2022
FR. Germany,Export,831511440,1,2022
FR. Germany,Import,311034120,1,2022
FR. Germany,Export,542419670,2,2022
FR. Germany,Import,273390020,2,2022
FR. Germany,Export,751303130,3,2022
FR. Germany,Import,290844630,3,2022
FR. Germany,Export,764709460,4,2022
FR. Germany,Import,298675900,4,2022
FR. Germany,Export,714204860,5,2022
FR. Germany,Import,328402290,5,2022
FR. Germany,Export,766878800,6,2022
FR. Germany,Import,308126150,6,2022
FR. Germany,Export,810050970,7,2022
FR. Germany,Import,302109960,7,2022
FR. Germany,Export,870228110,8,2022
FR. Germany,Import,306731860,8,2022
FR. Germany,Export,709393310,9,2022
FR. Germany,Import,268681340,9,2022
FR. Germany,Export,850191800,10,2022
FR. Germany,Import,279000920,10,2022
FR. Germany,Export,720584800,11,2022
FR. Germany,Import,298421350,11,2022
FR. Germany,Export,636661380,12,2022
FR. Germany,Import,351791330,12,2022
Finland,Export,26902920,1,2022
Finland,Import,11319390,1,2022
Finland,Export,22066860,2,2022
Finland,Import,26566410,2,2022
Finland,Export,30280850,3,2022
Finland,Import,15780080,3,2022
Finland,Export,21244920,4,2022
Finland,Import,19264040,4,2022
Finland,Export,18480990,5,2022
Finland,Import,12903100,5,2022
Finland,Export,18553640,6,2022
Finland,Import,16639689,6,2022
Finland,Export,12017240,7,2022
Finland,Import,33197280,7,2022
Finland,Export,12832030,8,2022
Finland,Import,31715970,8,2022
Finland,Export,10028530,9,2022
Finland,Import,10226210,9,2022
Finland,Export,11574190,10,2022
Finland,Import,10186240,10,2022
Finland,Export,19647850,11,2022
Finland,Import,9087120,11,2022
Finland,Export,19649720,12,2022
Finland,Import,11496950,12,2022
France,Export,338240830,1,2022
France,Import,128217760,1,2022
France,Export,182724460,2,2022
France,Import,113897640,2,2022
France,Export,337660750,3,2022
France,Import,131387100,3,2022
France,Export,300556770,4,2022
France,Import,126349140,4,2022
France,Export,285925160,5,2022
France,Import,145244850,5,2022
France,Export,328057800,6,2022
France,Import,162353540,6,2022
France,Export,338390790,7,2022
France,Import,108632060,7,2022
France,Export,369347820,8,2022
France,Import,117771860,8,2022
France,Export,283730100,9,2022
France,Import,116964140,9,2022
France,Export,360813290,10,2022
France,Import,130825920,10,2022
France,Export,319525260,11,2022
France,Import,171247200,11,2022
France,Export,252754440,12,2022
France,Import,183944080,12,2022
Greece,Export,32813420,1,2022
Greece,Import,5751780,1,2022
Greece,Export,29247710,2,2022
Greece,Import,5673610,2,2022
Greece,Export,41434930,3,2022
Greece,Import,5480010,3,2022
Greece,Export,29798360,4,2022
Greece,Import,4315590,4,2022
Greece,Export,29115580,5,2022
Greece,Import,8396980,5,2022
Greece,Export,39789650,6,2022
Greece,Import,4941720,6,2022
Greece,Export,31094120,7,2022
Greece,Import,8728830,7,2022
Greece,Export,33118410,8,2022
Greece,Import,8256870,8,2022
Greece,Export,27122470,9,2022
Greece,Import,7768390,9,2022
Greece,Export,39635470,10,2022
Greece,Import,4890850,10,2022
Greece,Export,29838510,11,2022
Greece,Import,6631640,11,2022
Greece,Export,30472410,12,2022
Greece,Import,7710080,12,2022
Hong Kong SAR (China),Export,875529320,1,2022
Hong Kong SAR (China),Import,179727530,1,2022
Hong Kong SAR (China),Export,750537620,2,2022
Hong Kong SAR (China),Import,155934510,2,2022
Hong Kong SAR (China),Export,1040260230,3,2022
Hong Kong SAR (China),Import,208170050,3,2022
Hong Kong SAR (China),Export,818221700,4,2022
Hong Kong SAR (China),Import,223790530,4,2022
Hong Kong SAR (China),Export,964048750,5,2022
Hong Kong SAR (China),Import,159509610,5,2022
Hong Kong SAR (China),Export,1071602129,6,2022
Hong Kong SAR (China),Import,136559770,6,2022
Hong Kong SAR (China),Export,846346090,7,2022
Hong Kong SAR (China),Import,125320470,7,2022
Hong Kong SAR (China),Export,1028470230,8,2022
Hong Kong SAR (China),Import,147677620,8,2022
Hong Kong SAR (China),Export,1081285250,9,2022
Hong Kong SAR (China),Import,165962150,9,2022
Hong Kong SAR (China),Export,886907670,10,2022
Hong Kong SAR (China),Import,112805270,10,2022
Hong Kong SAR (China),Export,715242520,11,2022
Hong Kong SAR (China),Import,164771930,11,2022
Hong Kong SAR (China),Export,858032070,12,2022
Hong Kong SAR (China),Import,129344180,12,2022
Hungary,Export,65921910,1,2022
Hungary,Import,46745710,1,2022
Hungary,Export,40039750,2,2022
Hungary,Import,49926160,2,2022
Hungary,Export,72878320,3,2022
Hungary,Import,46437230,3,2022
Hungary,Export,52642850,4,2022
Hungary,Import,45663110,4,2022
Hungary,Export,48918380,5,2022
Hungary,Import,54999120,5,2022
Hungary,Export,32994080,6,2022
Hungary,Import,55113090,6,2022
Hungary,Export,31923470,7,2022
Hungary,Import,51140200,7,2022
Hungary,Export,49690010,8,2022
Hungary,Import,59822210,8,2022
Hungary,Export,48925010,9,2022
Hungary,Import,49680650,9,2022
Hungary,Export,42273240,10,2022
Hungary,Import,48395480,10,2022
Hungary,Export,45019750,11,2022
Hungary,Import,49320640,11,2022
Hungary,Export,46360060,12,2022
Hungary,Import,71338270,12,2022
India,Export,713171040,1,2022
India,Import,674545160,1,2022
India,Export,514286260,2,2022
India,Import,625239960,2,2022
India,Export,780227110,3,2022
India,Import,775376220,3,2022
India,Export,828722740,4,2022
India,Import,546709570,4,2022
India,Export,574705750,5,2022
India,Import,623873320,5,2022
India,Export,662006580,6,2022
India,Import,463669560,6,2022
India,Export,643342650,7,2022
India,Import,561121660,7,2022
India,Export,764775440,8,2022
India,Import,521929340,8,2022
India,Export,649361210,9,2022
India,Import,507251350,9,2022
India,Export,600382820,10,2022
India,Import,533381050,10,2022
India,Export,579229470,11,2022
India,Import,532303600,11,2022
India,Export,651616440,12,2022
India,Import,721365110,12,2022
Indonesia,Export,454018680,1,2022
Indonesia,Import,485217740,1,2022
Indonesia,Export,360301270,2,2022
Indonesia,Import,560060440,2,2022
Indonesia,Export,374019970,3,2022
Indonesia,Import,798383810,3,2022
Indonesia,Export,356928520,4,2022
Indonesia,Import,969214940,4,2022
Indonesia,Export,370258350,5,2022
Indonesia,Import,845685300,5,2022
Indonesia,Export,380726060,6,2022
Indonesia,Import,949528900,6,2022
Indonesia,Export,370259100,7,2022
Indonesia,Import,798635440,7,2022
Indonesia,Export,416150930,8,2022
Indonesia,Import,898844010,8,2022
Indonesia,Export,339716710,9,2022
Indonesia,Import,754687660,9,2022
Indonesia,Export,365509900,10,2022
Indonesia,Import,793450940,10,2022
Indonesia,Export,365349630,11,2022
Indonesia,Import,802599930,11,2022
Indonesia,Export,376505550,12,2022
Indonesia,Import,984841390,12,2022
Ireland,Export,43332280,1,2022
Ireland,Import,320938860,1,2022
Ireland,Export,13162310,2,2022
Ireland,Import,395565190,2,2022
Ireland,Export,37944640,3,2022
Ireland,Import,383610270,3,2022
Ireland,Export,39695640,4,2022
Ireland,Import,450423870,4,2022
Ireland,Export,26947810,5,2022
Ireland,Import,306845040,5,2022
Ireland,Export,43364190,6,2022
Ireland,Import,155991070,6,2022
Ireland,Export,20463540,7,2022
Ireland,Import,210371740,7,2022
Ireland,Export,77080280,8,2022
Ireland,Import,207066660,8,2022
Ireland,Export,62271030,9,2022
Ireland,Import,215701560,9,2022
Ireland,Export,43666220,10,2022
Ireland,Import,300722790,10,2022
Ireland,Export,19630920,11,2022
Ireland,Import,178239980,11,2022
Ireland,Export,73994500,12,2022
Ireland,Import,221720010,12,2022
Italia,Export,390994220,1,2022
Italia,Import,137405780,1,2022
Italia,Export,293119960,2,2022
Italia,Import,113766930,2,2022
Italia,Export,447369280,3,2022
Italia,Import,150139410,3,2022
Italia,Export,422360090,4,2022
Italia,Import,126042030,4,2022
Italia,Export,361161260,5,2022
Italia,Import,180679730,5,2022
Italia,Export,407782710,6,2022
Italia,Import,153704270,6,2022
Italia,Export,368118870,7,2022
Italia,Import,162438380,7,2022
Italia,Export,369800460,8,2022
Italia,Import,166999660,8,2022
Italia,Export,342168590,9,2022
Italia,Import,126486200,9,2022
Italia,Export,374249940,10,2022
Italia,Import,123698430,10,2022
Italia,Export,343205250,11,2022
Italia,Import,173479270,11,2022
Italia,Export,310033000,12,2022
Italia,Import,171911550,12,2022
Ixraen,Export,58561260,1,2022
Ixraen,Import,94444030,1,2022
Ixraen,Export,49471080,2,2022
Ixraen,Import,110866120,2,2022
Ixraen,Export,111002240,3,2022
Ixraen,Import,136723930,3,2022
Ixraen,Export,71085390,4,2022
Ixraen,Import,147913660,4,2022
Ixraen,Export,58893800,5,2022
Ixraen,Import,147983570,5,2022
Ixraen,Export,56383570,6,2022
Ixraen,Import,100890680,6,2022
Ixraen,Export,60049030,7,2022
Ixraen,Import,98463860,7,2022
Ixraen,Export,83147840,8,2022
Ixraen,Import,104192180,8,2022
Ixraen,Export,50877600,9,2022
Ixraen,Import,104749320,9,2022
Ixraen,Export,54878750,10,2022
Ixraen,Import,155367620,10,2022
Ixraen,Export,72476800,11,2022
Ixraen,Import,140348870,11,2022
Ixraen,Export,58843810,12,2022
Ixraen,Import,100248770,12,2022
Japan,Export,2040111500,1,2022
Japan,Import,1674109220,1,2022
Japan,Export,1319048560,2,2022
Japan,Import,1889117260,2,2022
Japan,Export,2019343110,3,2022
Japan,Import,2255263340,3,2022
Japan,Export,2015517600,4,2022
Japan,Import,2097428779,4,2022
Japan,Export,1951456870,5,2022
Japan,Import,1942314600,5,2022
Japan,Export,2033494770,6,2022
Japan,Import,2179881000,6,2022
Japan,Export,2059254910,7,2022
Japan,Import,1840002070,7,2022
Japan,Export,2377932170,8,2022
Japan,Import,2107671150,8,2022
Japan,Export,2021456840,9,2022
Japan,Import,1864489610,9,2022
Japan,Export,2107388279,10,2022
Japan,Import,1915488950,10,2022
Japan,Export,2158123140,11,2022
Japan,Import,1731092010,11,2022
Japan,Export,2129379339,12,2022
Japan,Import,1876964570,12,2022
Kazakhstan,Export,0,1,2022
Kazakhstan,Import,3498470,1,2022
Kazakhstan,Export,0,2,2022
Kazakhstan,Import,1813490,2,2022
Kazakhstan,Export,0,3,2022
Kazakhstan,Import,927440,3,2022
Kazakhstan,Export,0,4,2022
Kazakhstan,Import,40,4,2022
Kazakhstan,Export,0,5,2022
Kazakhstan,Import,30,5,2022
Kazakhstan,Export,0,6,2022
Kazakhstan,Import,394230,6,2022
Kazakhstan,Export,0,7,2022
Kazakhstan,Import,20705680,7,2022
Kazakhstan,Export,0,8,2022
Kazakhstan,Import,858980,8,2022
Kazakhstan,Export,0,9,2022
Kazakhstan,Import,112550,9,2022
Kazakhstan,Export,0,10,2022
Kazakhstan,Import,4535140,10,2022
Kazakhstan,Export,0,11,2022
Kazakhstan,Import,160860,11,2022
Kazakhstan,Export,0,12,2022
Kazakhstan,Import,34650,12,2022
Korea,Export,1971326810,1,2022
Korea,Import,5095335710,1,2022
Korea,Export,1688637640,2,2022
Korea,Import,5006427360,2,2022
Korea,Export,2485811270,3,2022
Korea,Import,6664322170,3,2022
Korea,Export,2179471710,4,2022
Korea,Import,5598660760,4,2022
Korea,Export,1896697000,5,2022
Korea,Import,5415542070,5,2022
Korea,Export,1880153500,6,2022
Korea,Import,4758332060,6,2022
Korea,Export,2097284970,7,2022
Korea,Import,5620491980,7,2022
Korea,Export,2523369000,8,2022
Korea,Import,5258477230,8,2022
Korea,Export,1959229070,9,2022
Korea,Import,4700527490,9,2022
Korea,Export,1972544310,10,2022
Korea,Import,4885957990,10,2022
Korea,Export,1752924540,11,2022
Korea,Import,4646877090,11,2022
Korea,Export,1886048750,12,2022
Korea,Import,4437675350,12,2022
Kuwait,Export,5217760,1,2022
Kuwait,Import,346839200,1,2022
Kuwait,Export,2783630,2,2022
Kuwait,Import,209829080,2,2022
Kuwait,Export,4028100,3,2022
Kuwait,Import,495554890,3,2022
Kuwait,Export,5925820,4,2022
Kuwait,Import,617324870,4,2022
Kuwait,Export,5397560,5,2022
Kuwait,Import,424236840,5,2022
Kuwait,Export,5391640,6,2022
Kuwait,Import,717944040,6,2022
Kuwait,Export,5541530,7,2022
Kuwait,Import,471382140,7,2022
Kuwait,Export,4864900,8,2022
Kuwait,Import,933709050,8,2022
Kuwait,Export,4515420,9,2022
Kuwait,Import,643473100,9,2022
Kuwait,Export,5411310,10,2022
Kuwait,Import,612701790,10,2022
Kuwait,Export,5340180,11,2022
Kuwait,Import,585162450,11,2022
Kuwait,Export,5265590,12,2022
Kuwait,Import,523808920,12,2022
Lao PDR,Export,42536400,1,2022
Lao PDR,Import,93879890,1,2022
Lao PDR,Export,33204470,2,2022
Lao PDR,Import,73584890,2,2022
Lao PDR,Export,55118080,3,2022
Lao PDR,Import,105312250,3,2022
Lao PDR,Export,61313960,4,2022
Lao PDR,Import,93254500,4,2022
Lao PDR,Export,62852500,5,2022
Lao PDR,Import,69552810,5,2022
Lao PDR,Export,54403890,6,2022
Lao PDR,Import,78998990,6,2022
Lao PDR,Export,53494400,7,2022
Lao PDR,Import,71404920,7,2022
Lao PDR,Export,51556290,8,2022
Lao PDR,Import,76121260,8,2022
Lao PDR,Export,51236020,9,2022
Lao PDR,Import,93648170,9,2022
Lao PDR,Export,46558290,10,2022
Lao PDR,Import,93770820,10,2022
Lao PDR,Export,43088880,11,2022
Lao PDR,Import,87249600,11,2022
Lao PDR,Export,101032050,12,2022
Lao PDR,Import,110524970,12,2022
Latvia,Export,16943020,1,2022
Latvia,Import,2990580,1,2022
Latvia,Export,19177420,2,2022
Latvia,Import,2206010,2,2022
Latvia,Export,23932640,3,2022
Latvia,Import,1526540,3,2022
Latvia,Export,22154850,4,2022
Latvia,Import,1051670,4,2022
Latvia,Export,24953950,5,2022
Latvia,Import,2725680,5,2022
Latvia,Export,26574400,6,2022
Latvia,Import,1847100,6,2022
Latvia,Export,21631130,7,2022
Latvia,Import,1122560,7,2022
Latvia,Export,28078250,8,2022
Latvia,Import,1687880,8,2022
Latvia,Export,21814430,9,2022
Latvia,Import,1844080,9,2022
Latvia,Export,25936100,10,2022
Latvia,Import,1237000,10,2022
Latvia,Export,20715890,11,2022
Latvia,Import,873650,11,2022
Latvia,Export,11632550,12,2022
Latvia,Import,1844550,12,2022
Litva,Export,9429560,1,2022
Litva,Import,3234510,1,2022
Litva,Export,5505060,2,2022
Litva,Import,1222340,2,2022
Litva,Export,38226760,3,2022
Litva,Import,2246330,3,2022
Litva,Export,56417430,4,2022
Litva,Import,1527940,4,2022
Litva,Export,7482350,5,2022
Litva,Import,2914400,5,2022
Litva,Export,6614090,6,2022
Litva,Import,2118130,6,2022
Litva,Export,8953610,7,2022
Litva,Import,2413640,7,2022
Litva,Export,12162350,8,2022
Litva,Import,18880920,8,2022
Litva,Export,9470100,9,2022
Litva,Import,2623140,9,2022
Litva,Export,12314600,10,2022
Litva,Import,3437210,10,2022
Litva,Export,8925900,11,2022
Litva,Import,2943220,11,2022
Litva,Export,10364140,12,2022
Litva,Import,4132140,12,2022
Luxembourg,Export,7235980,1,2022
Luxembourg,Import,3695700,1,2022
Luxembourg,Export,7783350,2,2022
Luxembourg,Import,6076940,2,2022
Luxembourg,Export,9411510,3,2022
Luxembourg,Import,8163930,3,2022
Luxembourg,Export,12821000,4,2022
Luxembourg,Import,1230210,4,2022
Luxembourg,Export,9001410,5,2022
Luxembourg,Import,4840660,5,2022
Luxembourg,Export,10653260,6,2022
Luxembourg,Import,5987400,6,2022
Luxembourg,Export,11076780,7,2022
Luxembourg,Import,4056590,7,2022
Luxembourg,Export,11683640,8,2022
Luxembourg,Import,5431460,8,2022
Luxembourg,Export,10474890,9,2022
Luxembourg,Import,6892370,9,2022
Luxembourg,Export,11572930,10,2022
Luxembourg,Import,3801580,10,2022
Luxembourg,Export,11788320,11,2022
Luxembourg,Import,4941260,11,2022
Luxembourg,Export,16642330,12,2022
Luxembourg,Import,1838440,12,2022
Malaysia,Export,397523450,1,2022
Malaysia,Import,797853130,1,2022
Malaysia,Export,315385180,2,2022
Malaysia,Import,728618720,2,2022
Malaysia,Export,504425770,3,2022
Malaysia,Import,967965110,3,2022
Malaysia,Export,450967970,4,2022
Malaysia,Import,759616160,4,2022
Malaysia,Export,805055950,5,2022
Malaysia,Import,782204350,5,2022
Malaysia,Export,542192170,6,2022
Malaysia,Import,795103010,6,2022
Malaysia,Export,443285420,7,2022
Malaysia,Import,706095800,7,2022
Malaysia,Export,501239510,8,2022
Malaysia,Import,661215890,8,2022
Malaysia,Export,413385060,9,2022
Malaysia,Import,718896240,9,2022
Malaysia,Export,377033820,10,2022
Malaysia,Import,729603800,10,2022
Malaysia,Export,408970530,11,2022
Malaysia,Import,792163740,11,2022
Malaysia,Export,406032830,12,2022
Malaysia,Import,684734510,12,2022
Malta,Export,1238930,1,2022
Malta,Import,3512790,1,2022
Malta,Export,31247580,2,2022
Malta,Import,2948290,2,2022
Malta,Export,1367950,3,2022
Malta,Import,4165750,3,2022
Malta,Export,1647760,4,2022
Malta,Import,2442490,4,2022
Malta,Export,1186810,5,2022
Malta,Import,4200210,5,2022
Malta,Export,32919230,6,2022
Malta,Import,3776330,6,2022
Malta,Export,33393350,7,2022
Malta,Import,3104870,7,2022
Malta,Export,32880980,8,2022
Malta,Import,3016380,8,2022
Malta,Export,33320260,9,2022
Malta,Import,3324030,9,2022
Malta,Export,34588380,10,2022
Malta,Import,1912340,10,2022
Malta,Export,1387630,11,2022
Malta,Import,1649970,11,2022
Malta,Export,1664070,12,2022
Malta,Import,1801650,12,2022
Mexico,Export,393317440,1,2022
Mexico,Import,55290130,1,2022
Mexico,Export,298391240,2,2022
Mexico,Import,56935660,2,2022
Mexico,Export,438518670,3,2022
Mexico,Import,59491670,3,2022
Mexico,Export,499504670,4,2022
Mexico,Import,104667970,4,2022
Mexico,Export,352232430,5,2022
Mexico,Import,76090340,5,2022
Mexico,Export,425252960,6,2022
Mexico,Import,89577630,6,2022
Mexico,Export,401811200,7,2022
Mexico,Import,102553440,7,2022
Mexico,Export,379236830,8,2022
Mexico,Import,70567290,8,2022
Mexico,Export,362761260,9,2022
Mexico,Import,59229320,9,2022
Mexico,Export,357052210,10,2022
Mexico,Import,80355690,10,2022
Mexico,Export,323603900,11,2022
Mexico,Import,58216960,11,2022
Mexico,Export,301094420,12,2022
Mexico,Import,76058570,12,2022
Myanmar,Export,52308740,1,2022
Myanmar,Import,19328540,1,2022
Myanmar,Export,34761280,2,2022
Myanmar,Import,38887900,2,2022
Myanmar,Export,55640320,3,2022
Myanmar,Import,56073780,3,2022
Myanmar,Export,46822150,4,2022
Myanmar,Import,32627730,4,2022
Myanmar,Export,43160910,5,2022
Myanmar,Import,31594620,5,2022
Myanmar,Export,44642440,6,2022
Myanmar,Import,15082880,6,2022
Myanmar,Export,44754090,7,2022
Myanmar,Import,14415160,7,2022
Myanmar,Export,42756220,8,2022
Myanmar,Import,13956460,8,2022
Myanmar,Export,38059300,9,2022
Myanmar,Import,20651870,9,2022
Myanmar,Export,48774150,10,2022
Myanmar,Import,34383590,10,2022
Myanmar,Export,30477160,11,2022
Myanmar,Import,41838160,11,2022
Myanmar,Export,50503940,12,2022
Myanmar,Import,50755080,12,2022
Netherlands,Export,837204970,1,2022
Netherlands,Import,41173010,1,2022
Netherlands,Export,568172370,2,2022
Netherlands,Import,46847670,2,2022
Netherlands,Export,849711970,3,2022
Netherlands,Import,51916690,3,2022
Netherlands,Export,865555410,4,2022
Netherlands,Import,51883990,4,2022
Netherlands,Export,915050080,5,2022
Netherlands,Import,56410410,5,2022
Netherlands,Export,1006930840,6,2022
Netherlands,Import,53066090,6,2022
Netherlands,Export,911925330,7,2022
Netherlands,Import,50546000,7,2022
Netherlands,Export,998547030,8,2022
Netherlands,Import,53523530,8,2022
Netherlands,Export,864178410,9,2022
Netherlands,Import,74979650,9,2022
Netherlands,Export,860135590,10,2022
Netherlands,Import,68638470,10,2022
Netherlands,Export,893501820,11,2022
Netherlands,Import,56669820,11,2022
Netherlands,Export,859534500,12,2022
Netherlands,Import,63191800,12,2022
New Zealand,Export,60499120,1,2022
New Zealand,Import,67631520,1,2022
New Zealand,Export,42862640,2,2022
New Zealand,Import,57873570,2,2022
New Zealand,Export,62107780,3,2022
New Zealand,Import,49496710,3,2022
New Zealand,Export,84484750,4,2022
New Zealand,Import,69258610,4,2022
New Zealand,Export,52704180,5,2022
New Zealand,Import,91388980,5,2022
New Zealand,Export,48775940,6,2022
New Zealand,Import,72356830,6,2022
New Zealand,Export,57003680,7,2022
New Zealand,Import,57874140,7,2022
New Zealand,Export,74248090,8,2022
New Zealand,Import,57711500,8,2022
New Zealand,Export,57382150,9,2022
New Zealand,Import,50069300,9,2022
New Zealand,Export,62166090,10,2022
New Zealand,Import,49563940,10,2022
New Zealand,Export,54792510,11,2022
New Zealand,Import,47632640,11,2022
New Zealand,Export,41681890,12,2022
New Zealand,Import,43752000,12,2022
Norway,Export,12485670,1,2022
Norway,Import,26759640,1,2022
Norway,Export,6384250,2,2022
Norway,Import,23815860,2,2022
Norway,Export,13367540,3,2022
Norway,Import,40793700,3,2022
Norway,Export,13156880,4,2022
Norway,Import,37601540,4,2022
Norway,Export,11334440,5,2022
Norway,Import,29763510,5,2022
Norway,Export,14868720,6,2022
Norway,Import,32580710,6,2022
Norway,Export,11855390,7,2022
Norway,Import,32392970,7,2022
Norway,Export,10661050,8,2022
Norway,Import,41692990,8,2022
Norway,Export,17086650,9,2022
Norway,Import,33107290,9,2022
Norway,Export,11673670,10,2022
Norway,Import,34164050,10,2022
Norway,Export,49885180,11,2022
Norway,Import,39954300,11,2022
Norway,Export,17288900,12,2022
Norway,Import,46949840,12,2022
Pakistan,Export,64432350,1,2022
Pakistan,Import,11523480,1,2022
Pakistan,Export,56498600,2,2022
Pakistan,Import,12969070,2,2022
Pakistan,Export,86497730,3,2022
Pakistan,Import,22442780,3,2022
Pakistan,Export,78293250,4,2022
Pakistan,Import,27267330,4,2022
Pakistan,Export,44369990,5,2022
Pakistan,Import,50912160,5,2022
Pakistan,Export,33468790,6,2022
Pakistan,Import,34589110,6,2022
Pakistan,Export,38028100,7,2022
Pakistan,Import,33857830,7,2022
Pakistan,Export,37699430,8,2022
Pakistan,Import,38424900,8,2022
Pakistan,Export,33718130,9,2022
Pakistan,Import,24206270,9,2022
Pakistan,Export,41503660,10,2022
Pakistan,Import,18389210,10,2022
Pakistan,Export,43948980,11,2022
Pakistan,Import,15164210,11,2022
Pakistan,Export,42175110,12,2022
Pakistan,Import,13844200,12,2022
Peru,Export,44156560,1,2022
Peru,Import,3890570,1,2022
Peru,Export,35947900,2,2022
Peru,Import,2951500,2,2022
Peru,Export,52108950,3,2022
Peru,Import,4241740,3,2022
Peru,Export,79856850,4,2022
Peru,Import,4708890,4,2022
Peru,Export,35368060,5,2022
Peru,Import,5080680,5,2022
Peru,Export,41642690,6,2022
Peru,Import,6642920,6,2022
Peru,Export,42423460,7,2022
Peru,Import,10423790,7,2022
Peru,Export,41403780,8,2022
Peru,Import,11099260,8,2022
Peru,Export,49004160,9,2022
Peru,Import,4257790,9,2022
Peru,Export,32310740,10,2022
Peru,Import,3169480,10,2022
Peru,Export,45998940,11,2022
Peru,Import,5075680,11,2022
Peru,Export,31007460,12,2022
Peru,Import,7867780,12,2022
Philippines,Export,406004320,1,2022
Philippines,Import,183065000,1,2022
Philippines,Export,342442600,2,2022
Philippines,Import,193145840,2,2022
Philippines,Export,369924490,3,2022
Philippines,Import,231081790,3,2022
Philippines,Export,509387140,4,2022
Philippines,Import,217304100,4,2022
Philippines,Export,468890210,5,2022
Philippines,Import,215051650,5,2022
Philippines,Export,495485590,6,2022
Philippines,Import,241026120,6,2022
Philippines,Export,492685120,7,2022
Philippines,Import,236204540,7,2022
Philippines,Export,501179440,8,2022
Philippines,Import,283389790,8,2022
Philippines,Export,366609350,9,2022
Philippines,Import,261123530,9,2022
Philippines,Export,382668300,10,2022
Philippines,Import,250046380,10,2022
Philippines,Export,395828580,11,2022
Philippines,Import,193309330,11,2022
Philippines,Export,369040050,12,2022
Philippines,Import,207984640,12,2022
Poland,Export,208855550,1,2022
Poland,Import,23307200,1,2022
Poland,Export,145414940,2,2022
Poland,Import,29224950,2,2022
Poland,Export,204727930,3,2022
Poland,Import,20378040,3,2022
Poland,Export,235961170,4,2022
Poland,Import,31965090,4,2022
Poland,Export,219375950,5,2022
Poland,Import,23635560,5,2022
Poland,Export,207484650,6,2022
Poland,Import,32625770,6,2022
Poland,Export,196167310,7,2022
Poland,Import,30901330,7,2022
Poland,Export,218353390,8,2022
Poland,Import,32569550,8,2022
Poland,Export,180509140,9,2022
Poland,Import,28357560,9,2022
Poland,Export,173037100,10,2022
Poland,Import,34941140,10,2022
Poland,Export,132094060,11,2022
Poland,Import,35382920,11,2022
Poland,Export,169335970,12,2022
Poland,Import,51991400,12,2022
Portugal,Export,54713840,1,2022
Portugal,Import,5395090,1,2022
Portugal,Export,24376560,2,2022
Portugal,Import,4842800,2,2022
Portugal,Export,36557190,3,2022
Portugal,Import,5767680,3,2022
Portugal,Export,72729630,4,2022
Portugal,Import,7422880,4,2022
Portugal,Export,51015370,5,2022
Portugal,Import,10656650,5,2022
Portugal,Export,40452330,6,2022
Portugal,Import,10035750,6,2022
Portugal,Export,51131160,7,2022
Portugal,Import,9138900,7,2022
Portugal,Export,31729080,8,2022
Portugal,Import,8531310,8,2022
Portugal,Export,42994940,9,2022
Portugal,Import,5025180,9,2022
Portugal,Export,48516050,10,2022
Portugal,Import,13564260,10,2022
Portugal,Export,47223980,11,2022
Portugal,Import,6829090,11,2022
Portugal,Export,22677310,12,2022
Portugal,Import,11187300,12,2022
Romania,Export,23943540,1,2022
Romania,Import,8070200,1,2022
Romania,Export,23540470,2,2022
Romania,Import,10481260,2,2022
Romania,Export,36918930,3,2022
Romania,Import,6560930,3,2022
Romania,Export,41699320,4,2022
Romania,Import,6943570,4,2022
Romania,Export,28477340,5,2022
Romania,Import,8569200,5,2022
Romania,Export,34273710,6,2022
Romania,Import,6445630,6,2022
Romania,Export,30827870,7,2022
Romania,Import,7653650,7,2022
Romania,Export,26737590,8,2022
Romania,Import,10972380,8,2022
Romania,Export,23463990,9,2022
Romania,Import,7796410,9,2022
Romania,Export,18277840,10,2022
Romania,Import,8499830,10,2022
Romania,Export,16260130,11,2022
Romania,Import,8499260,11,2022
Romania,Export,18014970,12,2022
Romania,Import,12103580,12,2022
Russia Federation,Export,325310020,1,2022
Russia Federation,Import,276192630,1,2022
Russia Federation,Export,180334780,2,2022
Russia Federation,Import,264425060,2,2022
Russia Federation,Export,38156760,3,2022
Russia Federation,Import,163082880,3,2022
Russia Federation,Export,78126360,4,2022
Russia Federation,Import,267326330,4,2022
Russia Federation,Export,101574150,5,2022
Russia Federation,Import,108651120,5,2022
Russia Federation,Export,115287150,6,2022
Russia Federation,Import,103985140,6,2022
Russia Federation,Export,123157620,7,2022
Russia Federation,Import,88076680,7,2022
Russia Federation,Export,130632930,8,2022
Russia Federation,Import,120067580,8,2022
Russia Federation,Export,103428720,9,2022
Russia Federation,Import,130302980,9,2022
Russia Federation,Export,127570300,10,2022
Russia Federation,Import,127349440,10,2022
Russia Federation,Export,120079510,11,2022
Russia Federation,Import,99831960,11,2022
Russia Federation,Export,114446320,12,2022
Russia Federation,Import,245626700,12,2022
Saudi Arabia,Export,38849280,1,2022
Saudi Arabia,Import,103446790,1,2022
Saudi Arabia,Export,22885270,2,2022
Saudi Arabia,Import,104918780,2,2022
Saudi Arabia,Export,41192850,3,2022
Saudi Arabia,Import,237019630,3,2022
Saudi Arabia,Export,43327810,4,2022
Saudi Arabia,Import,143223560,4,2022
Saudi Arabia,Export,68413000,5,2022
Saudi Arabia,Import,188675420,5,2022
Saudi Arabia,Export,88238050,6,2022
Saudi Arabia,Import,124936260,6,2022
Saudi Arabia,Export,76951110,7,2022
Saudi Arabia,Import,176145040,7,2022
Saudi Arabia,Export,70271870,8,2022
Saudi Arabia,Import,181046420,8,2022
Saudi Arabia,Export,77790270,9,2022
Saudi Arabia,Import,186227450,9,2022
Saudi Arabia,Export,54707500,10,2022
Saudi Arabia,Import,176819670,10,2022
Saudi Arabia,Export,62782970,11,2022
Saudi Arabia,Import,167946080,11,2022
Saudi Arabia,Export,72526740,12,2022
Saudi Arabia,Import,126490440,12,2022
Senegal,Export,5456290,1,2022
Senegal,Import,0,1,2022
Senegal,Export,1533870,2,2022
Senegal,Import,0,2,2022
Senegal,Export,4313640,3,2022
Senegal,Import,0,3,2022
Senegal,Export,4796510,4,2022
Senegal,Import,0,4,2022
Senegal,Export,3091900,5,2022
Senegal,Import,0,5,2022
Senegal,Export,3615320,6,2022
Senegal,Import,0,6,2022
Senegal,Export,3287290,7,2022
Senegal,Import,0,7,2022
Senegal,Export,2285830,8,2022
Senegal,Import,0,8,2022
Senegal,Export,2091949,9,2022
Senegal,Import,0,9,2022
Senegal,Export,1656390,10,2022
Senegal,Import,0,10,2022
Senegal,Export,2185440,11,2022
Senegal,Import,0,11,2022
Senegal,Export,1926050,12,2022
Senegal,Import,0,12,2022
Singapore,Export,363463250,1,2022
Singapore,Import,342369420,1,2022
Singapore,Export,259469250,2,2022
Singapore,Import,313948000,2,2022
Singapore,Export,370314620,3,2022
Singapore,Import,547466680,3,2022
Singapore,Export,465840910,4,2022
Singapore,Import,386188800,4,2022
Singapore,Export,449621250,5,2022
Singapore,Import,475236130,5,2022
Singapore,Export,398397910,6,2022
Singapore,Import,393716470,6,2022
Singapore,Export,357082710,7,2022
Singapore,Import,400431670,7,2022
Singapore,Export,405150970,8,2022
Singapore,Import,358149860,8,2022
Singapore,Export,329008620,9,2022
Singapore,Import,391110980,9,2022
Singapore,Export,321261790,10,2022
Singapore,Import,381332580,10,2022
Singapore,Export,232175240,11,2022
Singapore,Import,471742230,11,2022
Singapore,Export,363823440,12,2022
Singapore,Import,374955690,12,2022
Slovakia,Export,108536070,1,2022
Slovakia,Import,10770270,1,2022
Slovakia,Export,72501980,2,2022
Slovakia,Import,6079900,2,2022
Slovakia,Export,138738970,3,2022
Slovakia,Import,3923780,3,2022
Slovakia,Export,98556400,4,2022
Slovakia,Import,3517020,4,2022
Slovakia,Export,51421370,5,2022
Slovakia,Import,6426020,5,2022
Slovakia,Export,82717750,6,2022
Slovakia,Import,6448060,6,2022
Slovakia,Export,63625510,7,2022
Slovakia,Import,4884100,7,2022
Slovakia,Export,111283540,8,2022
Slovakia,Import,5620970,8,2022
Slovakia,Export,97640740,9,2022
Slovakia,Import,5764020,9,2022
Slovakia,Export,76242860,10,2022
Slovakia,Import,5215050,10,2022
Slovakia,Export,73977240,11,2022
Slovakia,Import,4782820,11,2022
Slovakia,Export,61837090,12,2022
Slovakia,Import,4550930,12,2022
Slovenia,Export,48580990,1,2022
Slovenia,Import,2498520,1,2022
Slovenia,Export,37690160,2,2022
Slovenia,Import,3539000,2,2022
Slovenia,Export,57216740,3,2022
Slovenia,Import,4468030,3,2022
Slovenia,Export,43541000,4,2022
Slovenia,Import,4810300,4,2022
Slovenia,Export,38410800,5,2022
Slovenia,Import,7145050,5,2022
Slovenia,Export,37419480,6,2022
Slovenia,Import,5444410,6,2022
Slovenia,Export,34994410,7,2022
Slovenia,Import,4413800,7,2022
Slovenia,Export,34626830,8,2022
Slovenia,Import,10350750,8,2022
Slovenia,Export,38495430,9,2022
Slovenia,Import,4458340,9,2022
Slovenia,Export,41231060,10,2022
Slovenia,Import,6903870,10,2022
Slovenia,Export,46559570,11,2022
Slovenia,Import,6084860,11,2022
Slovenia,Export,43311920,12,2022
Slovenia,Import,10879220,12,2022
South Africa,Export,63817340,1,2022
South Africa,Import,23582430,1,2022
South Africa,Export,56912710,2,2022
South Africa,Import,17487060,2,2022
South Africa,Export,104712670,3,2022
South Africa,Import,33165050,3,2022
South Africa,Export,122997950,4,2022
South Africa,Import,47303410,4,2022
South Africa,Export,74036440,5,2022
South Africa,Import,33977260,5,2022
South Africa,Export,58766990,6,2022
South Africa,Import,31111070,6,2022
South Africa,Export,67992790,7,2022
South Africa,Import,55537860,7,2022
South Africa,Export,103898930,8,2022
South Africa,Import,59305590,8,2022
South Africa,Export,65746179,9,2022
South Africa,Import,25927730,9,2022
South Africa,Export,64013490,10,2022
South Africa,Import,11737760,10,2022
South Africa,Export,47091690,11,2022
South Africa,Import,27971690,11,2022
South Africa,Export,49009960,12,2022
South Africa,Import,32271050,12,2022
Spain,Export,301680800,1,2022
Spain,Import,45968630,1,2022
Spain,Export,171667140,2,2022
Spain,Import,40217720,2,2022
Spain,Export,263412930,3,2022
Spain,Import,43747590,3,2022
Spain,Export,340976400,4,2022
Spain,Import,38565180,4,2022
Spain,Export,267383460,5,2022
Spain,Import,40181100,5,2022
Spain,Export,246442930,6,2022
Spain,Import,68211920,6,2022
Spain,Export,252106030,7,2022
Spain,Import,52805880,7,2022
Spain,Export,241109630,8,2022
Spain,Import,53267120,8,2022
Spain,Export,174171200,9,2022
Spain,Import,46927110,9,2022
Spain,Export,228283780,10,2022
Spain,Import,38323910,10,2022
Spain,Export,254344800,11,2022
Spain,Import,47019850,11,2022
Spain,Export,220983370,12,2022
Spain,Import,57456790,12,2022
Sweden,Export,115486130,1,2022
Sweden,Import,26864540,1,2022
Sweden,Export,67199350,2,2022
Sweden,Import,28749110,2,2022
Sweden,Export,119700340,3,2022
Sweden,Import,39312510,3,2022
Sweden,Export,97412990,4,2022
Sweden,Import,36128350,4,2022
Sweden,Export,89729560,5,2022
Sweden,Import,21397270,5,2022
Sweden,Export,145399340,6,2022
Sweden,Import,23671110,6,2022
Sweden,Export,124930790,7,2022
Sweden,Import,24386730,7,2022
Sweden,Export,134209440,8,2022
Sweden,Import,26467450,8,2022
Sweden,Export,90275740,9,2022
Sweden,Import,21679820,9,2022
Sweden,Export,104798250,10,2022
Sweden,Import,34454150,10,2022
Sweden,Export,87645960,11,2022
Sweden,Import,40440520,11,2022
Sweden,Export,87440160,12,2022
Sweden,Import,29876190,12,2022
Switzerland,Export,14328960,1,2022
Switzerland,Import,38375430,1,2022
Switzerland,Export,11772170,2,2022
Switzerland,Import,42573530,2,2022
Switzerland,Export,14742830,3,2022
Switzerland,Import,47367340,3,2022
Switzerland,Export,14675180,4,2022
Switzerland,Import,57151690,4,2022
Switzerland,Export,15983700,5,2022
Switzerland,Import,52961840,5,2022
Switzerland,Export,19922860,6,2022
Switzerland,Import,57470950,6,2022
Switzerland,Export,16504060,7,2022
Switzerland,Import,54600450,7,2022
Switzerland,Export,12781450,8,2022
Switzerland,Import,41981090,8,2022
Switzerland,Export,16645200,9,2022
Switzerland,Import,55574600,9,2022
Switzerland,Export,14353190,10,2022
Switzerland,Import,50176880,10,2022
Switzerland,Export,15208210,11,2022
Switzerland,Import,56099110,11,2022
Switzerland,Export,16810570,12,2022
Switzerland,Import,68252050,12,2022
Taiwan,Export,363024940,1,2022
Taiwan,Import,2048156860,1,2022
Taiwan,Export,335187620,2,2022
Taiwan,Import,1718816950,2,2022
Taiwan,Export,502197300,3,2022
Taiwan,Import,2305088650,3,2022
Taiwan,Export,493721500,4,2022
Taiwan,Import,2095829580,4,2022
Taiwan,Export,422638700,5,2022
Taiwan,Import,2060650620,5,2022
Taiwan,Export,471683680,6,2022
Taiwan,Import,1897593090,6,2022
Taiwan,Export,407278110,7,2022
Taiwan,Import,2145020069,7,2022
Taiwan,Export,455358070,8,2022
Taiwan,Import,1827123470,8,2022
Taiwan,Export,430204000,9,2022
Taiwan,Import,1823826500,9,2022
Taiwan,Export,400309430,10,2022
Taiwan,Import,1632509160,10,2022
Taiwan,Export,416911800,11,2022
Taiwan,Import,1551481740,11,2022
Taiwan,Export,419263480,12,2022
Taiwan,Import,1525274670,12,2022
Thailand,Export,556814360,1,2022
Thailand,Import,1002183240,1,2022
Thailand,Export,498290290,2,2022
Thailand,Import,1103848280,2,2022
Thailand,Export,660082350,3,2022
Thailand,Import,1129239200,3,2022
Thailand,Export,673862110,4,2022
Thailand,Import,1188324210,4,2022
Thailand,Export,527466380,5,2022
Thailand,Import,1265967870,5,2022
Thailand,Export,725468680,6,2022
Thailand,Import,1319174340,6,2022
Thailand,Export,529373040,7,2022
Thailand,Import,1178664690,7,2022
Thailand,Export,668733080,8,2022
Thailand,Import,1214556650,8,2022
Thailand,Export,716901250,9,2022
Thailand,Import,1127383910,9,2022
Thailand,Export,586341140,10,2022
Thailand,Import,1146949650,10,2022
Thailand,Export,614798760,11,2022
Thailand,Import,1165950510,11,2022
Thailand,Export,718077300,12,2022
Thailand,Import,1250171370,12,2022
Turkey,Export,119043750,1,2022
Turkey,Import,30870310,1,2022
Turkey,Export,81757560,2,2022
Turkey,Import,29503100,2,2022
Turkey,Export,141634160,3,2022
Turkey,Import,35045040,3,2022
Turkey,Export,147620280,4,2022
Turkey,Import,27619890,4,2022
Turkey,Export,158103180,5,2022
Turkey,Import,30533900,5,2022
Turkey,Export,158741530,6,2022
Turkey,Import,48327920,6,2022
Turkey,Export,117822510,7,2022
Turkey,Import,41080230,7,2022
Turkey,Export,113761270,8,2022
Turkey,Import,38249630,8,2022
Turkey,Export,122392980,9,2022
Turkey,Import,38830400,9,2022
Turkey,Export,147254900,10,2022
Turkey,Import,32738130,10,2022
Turkey,Export,153471640,11,2022
Turkey,Import,34164470,11,2022
Turkey,Export,115235010,12,2022
Turkey,Import,32833330,12,2022
Ukraine,Export,32508140,1,2022
Ukraine,Import,5415190,1,2022
Ukraine,Export,11468220,2,2022
Ukraine,Import,48928190,2,2022
Ukraine,Export,1363570,3,2022
Ukraine,Import,50552870,3,2022
Ukraine,Export,1051400,4,2022
Ukraine,Import,5578480,4,2022
Ukraine,Export,348870,5,2022
Ukraine,Import,966310,5,2022
Ukraine,Export,3532460,6,2022
Ukraine,Import,2291260,6,2022
Ukraine,Export,2251700,7,2022
Ukraine,Import,3607060,7,2022
Ukraine,Export,1277670,8,2022
Ukraine,Import,3732840,8,2022
Ukraine,Export,2299070,9,2022
Ukraine,Import,3571170,9,2022
Ukraine,Export,1538850,10,2022
Ukraine,Import,3995140,10,2022
Ukraine,Export,4617620,11,2022
Ukraine,Import,46716870,11,2022
Ukraine,Export,3382980,12,2022
Ukraine,Import,3224710,12,2022
United Arab Emirates,Export,309906000,1,2022
United Arab Emirates,Import,25327550,1,2022
United Arab Emirates,Export,229608110,2,2022
United Arab Emirates,Import,33015750,2,2022
United Arab Emirates,Export,700163130,3,2022
United Arab Emirates,Import,40887030,3,2022
United Arab Emirates,Export,416954700,4,2022
United Arab Emirates,Import,27855480,4,2022
United Arab Emirates,Export,309971790,5,2022
United Arab Emirates,Import,36148110,5,2022
United Arab Emirates,Export,317846980,6,2022
United Arab Emirates,Import,40563780,6,2022
United Arab Emirates,Export,269857470,7,2022
United Arab Emirates,Import,44820530,7,2022
United Arab Emirates,Export,329766420,8,2022
United Arab Emirates,Import,45258060,8,2022
United Arab Emirates,Export,289475000,9,2022
United Arab Emirates,Import,61069900,9,2022
United Arab Emirates,Export,244080210,10,2022
United Arab Emirates,Import,77720680,10,2022
United Arab Emirates,Export,206479520,11,2022
United Arab Emirates,Import,53458660,11,2022
United Arab Emirates,Export,223660360,12,2022
United Arab Emirates,Import,96499220,12,2022
United Kingdom,Export,549838350,1,2022
United Kingdom,Import,58880510,1,2022
United Kingdom,Export,396697700,2,2022
United Kingdom,Import,53020660,2,2022
United Kingdom,Export,463867450,3,2022
United Kingdom,Import,68488330,3,2022
United Kingdom,Export,525458810,4,2022
United Kingdom,Import,52530880,4,2022
United Kingdom,Export,444278030,5,2022
United Kingdom,Import,71267780,5,2022
United Kingdom,Export,533787569,6,2022
United Kingdom,Import,68364120,6,2022
United Kingdom,Export,585267730,7,2022
United Kingdom,Import,61315130,7,2022
United Kingdom,Export,660784850,8,2022
United Kingdom,Import,69812150,8,2022
United Kingdom,Export,490042980,9,2022
United Kingdom,Import,70056510,9,2022
United Kingdom,Export,492339380,10,2022
United Kingdom,Import,60298720,10,2022
United Kingdom,Export,487551900,11,2022
United Kingdom,Import,66272090,11,2022
United Kingdom,Export,435648170,12,2022
United Kingdom,Import,70743810,12,2022
United States,Export,9737392690,1,2022
United States,Import,1057628750,1,2022
United States,Export,6484877920,2,2022
United States,Import,1107065400,2,2022
United States,Export,9736274930,3,2022
United States,Import,1273024410,3,2022
United States,Export,10245295030,4,2022
United States,Import,1163462130,4,2022
United States,Export,9685458300,5,2022
United States,Import,1506984580,5,2022
United States,Export,10710626940,6,2022
United States,Import,1438226620,6,2022
United States,Export,10386308020,7,2022
United States,Import,1144170350,7,2022
United States,Export,10016302000,8,2022
United States,Import,1230287430,8,2022
United States,Export,8165678100,9,2022
United States,Import,1227441960,9,2022
United States,Export,8205939340,10,2022
United States,Import,1176792870,10,2022
United States,Export,7842374980,11,2022
United States,Import,1139234560,11,2022
United States,Export,8172360760,12,2022
United States,Import,1006241980,12,2022
Argentina,Export,111391120,1,2023
Argentina,Import,242598680,1,2023
Argentina,Export,97043960,2,2023
Argentina,Import,163525630,2,2023
Argentina,Export,114585490,3,2023
Argentina,Import,127331900,3,2023
Argentina,Export,163105600,4,2023
Argentina,Import,141511550,4,2023
Argentina,Export,101824810,5,2023
Argentina,Import,169714890,5,2023
Argentina,Export,94652280,6,2023
Argentina,Import,190028400,6,2023
Argentina,Export,71308990,7,2023
Argentina,Import,252243150,7,2023
Argentina,Export,43994880,8,2023
Argentina,Import,415702380,8,2023
Argentina,Export,89679490,9,2023
Argentina,Import,260132340,9,2023
Argentina,Export,29462890,10,2023
Argentina,Import,262416789,10,2023
Argentina,Export,34258880,11,2023
Argentina,Import,135850250,11,2023
Argentina,Export,24541790,12,2023
Argentina,Import,109336340,12,2023
Australia,Export,410617140,1,2023
Australia,Import,498540310,1,2023
Australia,Export,358817660,2,2023
Australia,Import,684322850,2,2023
Australia,Export,508768940,3,2023
Australia,Import,948049410,3,2023
Australia,Export,411182920,4,2023
Australia,Import,703978940,4,2023
Australia,Export,327764250,5,2023
Australia,Import,626668730,5,2023
Australia,Export,426878780,6,2023
Australia,Import,847522570,6,2023
Australia,Export,429916720,7,2023
Australia,Import,718352710,7,2023
Australia,Export,609602380,8,2023
Australia,Import,752113520,8,2023
Australia,Export,436041020,9,2023
Australia,Import,624440200,9,2023
Australia,Export,527857949,10,2023
Australia,Import,662221810,10,2023
Australia,Export,385865630,11,2023
Australia,Import,730152370,11,2023
Australia,Export,390482470,12,2023
Australia,Import,736808510,12,2023
Austria,Export,265461240,1,2023
Austria,Import,26836660,1,2023
Austria,Export,240413020,2,2023
Austria,Import,25442610,2,2023
Austria,Export,197943130,3,2023
Austria,Import,40826970,3,2023
Austria,Export,232534420,4,2023
Austria,Import,29644920,4,2023
Austria,Export,179677370,5,2023
Austria,Import,33839590,5,2023
Austria,Export,162907440,6,2023
Austria,Import,45103650,6,2023
Austria,Export,260684430,7,2023
Austria,Import,29825020,7,2023
Austria,Export,232860100,8,2023
Austria,Import,35392260,8,2023
Austria,Export,242962380,9,2023
Austria,Import,33209930,9,2023
Austria,Export,215331520,10,2023
Austria,Import,31954090,10,2023
Austria,Export,201835100,11,2023
Austria,Import,30260140,11,2023
Austria,Export,104341300,12,2023
Austria,Import,30616030,12,2023
Belarus,Export,0,1,2023
Belarus,Import,758890,1,2023
Belarus,Export,0,2,2023
Belarus,Import,1416050,2,2023
Belarus,Export,0,3,2023
Belarus,Import,1537260,3,2023
Belarus,Export,0,4,2023
Belarus,Import,2295820,4,2023
Belarus,Export,0,5,2023
Belarus,Import,1341660,5,2023
Belarus,Export,0,6,2023
Belarus,Import,1959790,6,2023
Belarus,Export,0,7,2023
Belarus,Import,2671980,7,2023
Belarus,Export,0,8,2023
Belarus,Import,14675050,8,2023
Belarus,Export,0,9,2023
Belarus,Import,3519960,9,2023
Belarus,Export,0,10,2023
Belarus,Import,5805210,10,2023
Belarus,Export,0,11,2023
Belarus,Import,1347720,11,2023
Belarus,Export,0,12,2023
Belarus,Import,3723190,12,2023
Belgium,Export,212553250,1,2023
Belgium,Import,34276150,1,2023
Belgium,Export,228890700,2,2023
Belgium,Import,56405530,2,2023
Belgium,Export,256545510,3,2023
Belgium,Import,55231710,3,2023
Belgium,Export,307116530,4,2023
Belgium,Import,50556700,4,2023
Belgium,Export,295236800,5,2023
Belgium,Import,54088480,5,2023
Belgium,Export,313285050,6,2023
Belgium,Import,60534070,6,2023
Belgium,Export,298626810,7,2023
Belgium,Import,47473520,7,2023
Belgium,Export,261636950,8,2023
Belgium,Import,42388850,8,2023
Belgium,Export,257689480,9,2023
Belgium,Import,48012750,9,2023
Belgium,Export,279766620,10,2023
Belgium,Import,49553190,10,2023
Belgium,Export,249964350,11,2023
Belgium,Import,47887450,11,2023
Belgium,Export,266828849,12,2023
Belgium,Import,68957860,12,2023
Brazil,Export,163108460,1,2023
Brazil,Import,369619250,1,2023
Brazil,Export,206608760,2,2023
Brazil,Import,351059430,2,2023
Brazil,Export,271202110,3,2023
Brazil,Import,388236610,3,2023
Brazil,Export,214546130,4,2023
Brazil,Import,359482550,4,2023
Brazil,Export,265070710,5,2023
Brazil,Import,226589670,5,2023
Brazil,Export,165721720,6,2023
Brazil,Import,315863040,6,2023
Brazil,Export,186175470,7,2023
Brazil,Import,376586320,7,2023
Brazil,Export,212302440,8,2023
Brazil,Import,392266760,8,2023
Brazil,Export,161588510,9,2023
Brazil,Import,461821200,9,2023
Brazil,Export,202827720,10,2023
Brazil,Import,535097760,10,2023
Brazil,Export,179190180,11,2023
Brazil,Import,288065020,11,2023
Brazil,Export,209732020,12,2023
Brazil,Import,610088580,12,2023
Brunei,Export,4716300,1,2023
Brunei,Import,10638330,1,2023
Brunei,Export,10875640,2,2023
Brunei,Import,16743550,2,2023
Brunei,Export,3642970,3,2023
Brunei,Import,13164180,3,2023
Brunei,Export,1837740,4,2023
Brunei,Import,6997390,4,2023
Brunei,Export,2000440,5,2023
Brunei,Import,10235010,5,2023
Brunei,Export,2108110,6,2023
Brunei,Import,10510310,6,2023
Brunei,Export,4106870,7,2023
Brunei,Import,10162740,7,2023
Brunei,Export,3706870,8,2023
Brunei,Import,17139910,8,2023
Brunei,Export,11154490,9,2023
Brunei,Import,29835580,9,2023
Brunei,Export,4536850,10,2023
Brunei,Import,21369940,10,2023
Brunei,Export,1990510,11,2023
Brunei,Import,11307980,11,2023
Brunei,Export,1695340,12,2023
Brunei,Import,17145810,12,2023
Bungary,Export,5717460,1,2023
Bungary,Import,1858390,1,2023
Bungary,Export,9492330,2,2023
Bungary,Import,3641780,2,2023
Bungary,Export,10622890,3,2023
Bungary,Import,4639230,3,2023
Bungary,Export,30651410,4,2023
Bungary,Import,2859070,4,2023
Bungary,Export,10243830,5,2023
Bungary,Import,5738850,5,2023
Bungary,Export,9958530,6,2023
Bungary,Import,5680780,6,2023
Bungary,Export,9078440,7,2023
Bungary,Import,3436860,7,2023
Bungary,Export,10748340,8,2023
Bungary,Import,19441920,8,2023
Bungary,Export,14631350,9,2023
Bungary,Import,6310890,9,2023
Bungary,Export,10198080,10,2023
Bungary,Import,3715540,10,2023
Bungary,Export,11941160,11,2023
Bungary,Import,4893040,11,2023
Bungary,Export,7199470,12,2023
Bungary,Import,8719390,12,2023
Cambodia,Export,365973710,1,2023
Cambodia,Import,298065230,1,2023
Cambodia,Export,431558930,2,2023
Cambodia,Import,440511440,2,2023
Cambodia,Export,491227160,3,2023
Cambodia,Import,549680320,3,2023
Cambodia,Export,388250850,4,2023
Cambodia,Import,381677270,4,2023
Cambodia,Export,400218260,5,2023
Cambodia,Import,228075170,5,2023
Cambodia,Export,387628770,6,2023
Cambodia,Import,180204820,6,2023
Cambodia,Export,489768970,7,2023
Cambodia,Import,232367960,7,2023
Cambodia,Export,416577460,8,2023
Cambodia,Import,263734669,8,2023
Cambodia,Export,363796820,9,2023
Cambodia,Import,197754510,9,2023
Cambodia,Export,381869530,10,2023
Cambodia,Import,210739670,10,2023
Cambodia,Export,345335130,11,2023
Cambodia,Import,333272170,11,2023
Cambodia,Export,423418370,12,2023
Cambodia,Import,364439350,12,2023
Cameroon,Export,0,1,2023
Cameroon,Import,14043940,1,2023
Cameroon,Export,0,2,2023
Cameroon,Import,19599120,2,2023
Cameroon,Export,0,3,2023
Cameroon,Import,12729800,3,2023
Cameroon,Export,0,4,2023
Cameroon,Import,7082900,4,2023
Cameroon,Export,0,5,2023
Cameroon,Import,20939500,5,2023
Cameroon,Export,0,6,2023
Cameroon,Import,4729040,6,2023
Cameroon,Export,0,7,2023
Cameroon,Import,9668460,7,2023
Cameroon,Export,0,8,2023
Cameroon,Import,7733140,8,2023
Cameroon,Export,0,9,2023
Cameroon,Import,9037860,9,2023
Cameroon,Export,0,10,2023
Cameroon,Import,8687450,10,2023
Cameroon,Export,0,11,2023
Cameroon,Import,14835520,11,2023
Cameroon,Export,0,12,2023
Cameroon,Import,8316549,12,2023
Canada,Export,322707610,1,2023
Canada,Import,35813680,1,2023
Canada,Export,404842950,2,2023
Canada,Import,48193980,2,2023
Canada,Export,446431670,3,2023
Canada,Import,41617840,3,2023
Canada,Export,513289840,4,2023
Canada,Import,61112860,4,2023
Canada,Export,545080470,5,2023
Canada,Import,79638300,5,2023
Canada,Export,498720650,6,2023
Canada,Import,44578540,6,2023
Canada,Export,512435960,7,2023
Canada,Import,38103650,7,2023
Canada,Export,481861150,8,2023
Canada,Import,62099940,8,2023
Canada,Export,456056100,9,2023
Canada,Import,38398000,9,2023
Canada,Export,530626430,10,2023
Canada,Import,52843670,10,2023
Canada,Export,433805080,11,2023
Canada,Import,44426140,11,2023
Canada,Export,470361000,12,2023
Canada,Import,73947210,12,2023
Chile,Export,117054690,1,2023
Chile,Import,42306600,1,2023
Chile,Export,81905240,2,2023
Chile,Import,39210330,2,2023
Chile,Export,129539590,3,2023
Chile,Import,51662210,3,2023
Chile,Export,98045140,4,2023
Chile,Import,30611910,4,2023
Chile,Export,74709960,5,2023
Chile,Import,31680300,5,2023
Chile,Export,62763050,6,2023
Chile,Import,23096360,6,2023
Chile,Export,106729120,7,2023
Chile,Import,25703500,7,2023
Chile,Export,115035630,8,2023
Chile,Import,30998660,8,2023
Chile,Export,147055560,9,2023
Chile,Import,24893120,9,2023
Chile,Export,116443270,10,2023
Chile,Import,32666340,10,2023
Chile,Export,83591090,11,2023
Chile,Import,22197250,11,2023
Chile,Export,62429200,12,2023
Chile,Import,20128360,12,2023
"China, PR",Export,3871151130,1,2023
"China, PR",Import,7228425520,1,2023
"China, PR",Export,3523846460,2,2023
"China, PR",Import,6698360280,2,2023
"China, PR",Export,4527547690,3,2023
"China, PR",Import,9708745090,3,2023
"China, PR",Export,3572676260,4,2023
"China, PR",Import,8727996490,4,2023
"China, PR",Export,4852180160,5,2023
"China, PR",Import,8830493910,5,2023
"China, PR",Export,5581107680,6,2023
"China, PR",Import,8454311029,6,2023
"China, PR",Export,4915002300,7,2023
"China, PR",Import,9007972860,7,2023
"China, PR",Export,5771921350,8,2023
"China, PR",Import,10180327200,8,2023
"China, PR",Export,6245051480,9,2023
"China, PR",Import,10342331130,9,2023
"China, PR",Export,6723585040,10,2023
"China, PR",Import,10159490620,10,2023
"China, PR",Export,5883902750,11,2023
"China, PR",Import,10961559000,11,2023
"China, PR",Export,5739792880,12,2023
"China, PR",Import,10344604360,12,2023
Croatia,Export,12742910,1,2023
Croatia,Import,2747940,1,2023
Croatia,Export,7028740,2,2023
Croatia,Import,2662930,2,2023
Croatia,Export,11418990,3,2023
Croatia,Import,3039010,3,2023
Croatia,Export,6630990,4,2023
Croatia,Import,6666550,4,2023
Croatia,Export,5119720,5,2023
Croatia,Import,3166460,5,2023
Croatia,Export,7343470,6,2023
Croatia,Import,2371550,6,2023
Croatia,Export,4813080,7,2023
Croatia,Import,4203840,7,2023
Croatia,Export,7629480,8,2023
Croatia,Import,3374570,8,2023
Croatia,Export,5939890,9,2023
Croatia,Import,1983570,9,2023
Croatia,Export,6015800,10,2023
Croatia,Import,1345830,10,2023
Croatia,Export,6217230,11,2023
Croatia,Import,2831360,11,2023
Croatia,Export,10142940,12,2023
Croatia,Import,2232620,12,2023
Cyprus,Export,2845850,1,2023
Cyprus,Import,4570640,1,2023
Cyprus,Export,4865160,2,2023
Cyprus,Import,4210770,2,2023
Cyprus,Export,5050990,3,2023
Cyprus,Import,1351430,3,2023
Cyprus,Export,4235780,4,2023
Cyprus,Import,1132970,4,2023
Cyprus,Export,6170460,5,2023
Cyprus,Import,4398890,5,2023
Cyprus,Export,3887440,6,2023
Cyprus,Import,1255690,6,2023
Cyprus,Export,4931500,7,2023
Cyprus,Import,3626500,7,2023
Cyprus,Export,4708710,8,2023
Cyprus,Import,2548460,8,2023
Cyprus,Export,4197240,9,2023
Cyprus,Import,5222870,9,2023
Cyprus,Export,3721350,10,2023
Cyprus,Import,4720600,10,2023
Cyprus,Export,5526960,11,2023
Cyprus,Import,6598340,11,2023
Cyprus,Export,5283890,12,2023
Cyprus,Import,6179300,12,2023
Czech Republic,Export,40032580,1,2023
Czech Republic,Import,10094710,1,2023
Czech Republic,Export,78778270,2,2023
Czech Republic,Import,11281940,2,2023
Czech Republic,Export,67847470,3,2023
Czech Republic,Import,16869570,3,2023
Czech Republic,Export,76080470,4,2023
Czech Republic,Import,13287300,4,2023
Czech Republic,Export,68752470,5,2023
Czech Republic,Import,13877490,5,2023
Czech Republic,Export,65416050,6,2023
Czech Republic,Import,18617420,6,2023
Czech Republic,Export,62721290,7,2023
Czech Republic,Import,13833570,7,2023
Czech Republic,Export,70342540,8,2023
Czech Republic,Import,15132470,8,2023
Czech Republic,Export,76066610,9,2023
Czech Republic,Import,11382680,9,2023
Czech Republic,Export,85175520,10,2023
Czech Republic,Import,13988690,10,2023
Czech Republic,Export,115436760,11,2023
Czech Republic,Import,16977060,11,2023
Czech Republic,Export,151403270,12,2023
Czech Republic,Import,21166980,12,2023
Côte d'lvoire,Export,17322020,1,2023
Côte d'lvoire,Import,29995040,1,2023
Côte d'lvoire,Export,3609920,2,2023
Côte d'lvoire,Import,12634360,2,2023
Côte d'lvoire,Export,10209940,3,2023
Côte d'lvoire,Import,11249650,3,2023
Côte d'lvoire,Export,26706140,4,2023
Côte d'lvoire,Import,16512939,4,2023
Côte d'lvoire,Export,33746430,5,2023
Côte d'lvoire,Import,131630530,5,2023
Côte d'lvoire,Export,32213650,6,2023
Côte d'lvoire,Import,126572730,6,2023
Côte d'lvoire,Export,52458080,7,2023
Côte d'lvoire,Import,173327620,7,2023
Côte d'lvoire,Export,25355720,8,2023
Côte d'lvoire,Import,167022220,8,2023
Côte d'lvoire,Export,41207570,9,2023
Côte d'lvoire,Import,133757820,9,2023
Côte d'lvoire,Export,41248600,10,2023
Côte d'lvoire,Import,88429550,10,2023
Côte d'lvoire,Export,37035800,11,2023
Côte d'lvoire,Import,72424130,11,2023
Côte d'lvoire,Export,9708160,12,2023
Côte d'lvoire,Import,57750940,12,2023
Denmark,Export,26153680,1,2023
Denmark,Import,20746460,1,2023
Denmark,Export,26351690,2,2023
Denmark,Import,12917370,2,2023
Denmark,Export,29475810,3,2023
Denmark,Import,18167080,3,2023
Denmark,Export,26861480,4,2023
Denmark,Import,18150590,4,2023
Denmark,Export,26060540,5,2023
Denmark,Import,18012070,5,2023
Denmark,Export,28266840,6,2023
Denmark,Import,17307700,6,2023
Denmark,Export,30325280,7,2023
Denmark,Import,18972390,7,2023
Denmark,Export,33260580,8,2023
Denmark,Import,21999520,8,2023
Denmark,Export,23832290,9,2023
Denmark,Import,16870150,9,2023
Denmark,Export,28335530,10,2023
Denmark,Import,16125170,10,2023
Denmark,Export,35488870,11,2023
Denmark,Import,16527650,11,2023
Denmark,Export,42225930,12,2023
Denmark,Import,13982770,12,2023
Estonia,Export,1880890,1,2023
Estonia,Import,1108990,1,2023
Estonia,Export,2371670,2,2023
Estonia,Import,2146750,2,2023
Estonia,Export,4063470,3,2023
Estonia,Import,1116840,3,2023
Estonia,Export,3700170,4,2023
Estonia,Import,901090,4,2023
Estonia,Export,3678990,5,2023
Estonia,Import,1825080,5,2023
Estonia,Export,3785500,6,2023
Estonia,Import,6896940,6,2023
Estonia,Export,2826290,7,2023
Estonia,Import,952960,7,2023
Estonia,Export,3457060,8,2023
Estonia,Import,1144710,8,2023
Estonia,Export,3037000,9,2023
Estonia,Import,557970,9,2023
Estonia,Export,2013940,10,2023
Estonia,Import,896190,10,2023
Estonia,Export,3492140,11,2023
Estonia,Import,3413420,11,2023
Estonia,Export,4232350,12,2023
Estonia,Import,3218000,12,2023
FR. Germany,Export,569506120,1,2023
FR. Germany,Import,217962820,1,2023
FR. Germany,Export,622262570,2,2023
FR. Germany,Import,235759430,2,2023
FR. Germany,Export,699489370,3,2023
FR. Germany,Import,346167780,3,2023
FR. Germany,Export,618885350,4,2023
FR. Germany,Import,301082980,4,2023
FR. Germany,Export,593924580,5,2023
FR. Germany,Import,354541680,5,2023
FR. Germany,Export,592235180,6,2023
FR. Germany,Import,314219400,6,2023
FR. Germany,Export,673640630,7,2023
FR. Germany,Import,330903660,7,2023
FR. Germany,Export,605579490,8,2023
FR. Germany,Import,334229990,8,2023
FR. Germany,Export,593116810,9,2023
FR. Germany,Import,325715620,9,2023
FR. Germany,Export,606343530,10,2023
FR. Germany,Import,288868820,10,2023
FR. Germany,Export,654864180,11,2023
FR. Germany,Import,316090010,11,2023
FR. Germany,Export,570375260,12,2023
FR. Germany,Import,321235120,12,2023
Finland,Export,32838699,1,2023
Finland,Import,8582320,1,2023
Finland,Export,20055510,2,2023
Finland,Import,8048050,2,2023
Finland,Export,30402480,3,2023
Finland,Import,18101650,3,2023
Finland,Export,18682760,4,2023
Finland,Import,9354300,4,2023
Finland,Export,15667460,5,2023
Finland,Import,14065080,5,2023
Finland,Export,13583290,6,2023
Finland,Import,15485890,6,2023
Finland,Export,12123590,7,2023
Finland,Import,16239940,7,2023
Finland,Export,15626960,8,2023
Finland,Import,30849970,8,2023
Finland,Export,7561360,9,2023
Finland,Import,17280110,9,2023
Finland,Export,10759350,10,2023
Finland,Import,11629880,10,2023
Finland,Export,9682310,11,2023
Finland,Import,12816400,11,2023
Finland,Export,8879280,12,2023
Finland,Import,17447360,12,2023
France,Export,280802800,1,2023
France,Import,110755310,1,2023
France,Export,257772200,2,2023
France,Import,131846630,2,2023
France,Export,259864050,3,2023
France,Import,134894690,3,2023
France,Export,266826060,4,2023
France,Import,148930780,4,2023
France,Export,249472310,5,2023
France,Import,129215300,5,2023
France,Export,246916090,6,2023
France,Import,135191910,6,2023
France,Export,300209790,7,2023
France,Import,130508290,7,2023
France,Export,267772590,8,2023
France,Import,130061070,8,2023
France,Export,229890100,9,2023
France,Import,104825790,9,2023
France,Export,255303770,10,2023
France,Import,213882320,10,2023
France,Export,276326150,11,2023
France,Import,147039560,11,2023
France,Export,281841030,12,2023
France,Import,117671170,12,2023
Greece,Export,32206630,1,2023
Greece,Import,12787680,1,2023
Greece,Export,36380270,2,2023
Greece,Import,6493590,2,2023
Greece,Export,36036060,3,2023
Greece,Import,6380320,3,2023
Greece,Export,33664890,4,2023
Greece,Import,5713470,4,2023
Greece,Export,33367280,5,2023
Greece,Import,6760690,5,2023
Greece,Export,34890080,6,2023
Greece,Import,8325370,6,2023
Greece,Export,34044550,7,2023
Greece,Import,6463170,7,2023
Greece,Export,26986800,8,2023
Greece,Import,8255690,8,2023
Greece,Export,24485830,9,2023
Greece,Import,3952160,9,2023
Greece,Export,34863330,10,2023
Greece,Import,5926840,10,2023
Greece,Export,33329080,11,2023
Greece,Import,10516550,11,2023
Greece,Export,31585750,12,2023
Greece,Import,12324900,12,2023
Hong Kong SAR (China),Export,524711310,1,2023
Hong Kong SAR (China),Import,201956720,1,2023
Hong Kong SAR (China),Export,593632040,2,2023
Hong Kong SAR (China),Import,205703480,2,2023
Hong Kong SAR (China),Export,798049510,3,2023
Hong Kong SAR (China),Import,181316980,3,2023
Hong Kong SAR (China),Export,794478240,4,2023
Hong Kong SAR (China),Import,137337750,4,2023
Hong Kong SAR (China),Export,676189540,5,2023
Hong Kong SAR (China),Import,112609190,5,2023
Hong Kong SAR (China),Export,838342580,6,2023
Hong Kong SAR (China),Import,94608110,6,2023
Hong Kong SAR (China),Export,738622560,7,2023
Hong Kong SAR (China),Import,114778090,7,2023
Hong Kong SAR (China),Export,864367220,8,2023
Hong Kong SAR (China),Import,106898100,8,2023
Hong Kong SAR (China),Export,883649590,9,2023
Hong Kong SAR (China),Import,97935990,9,2023
Hong Kong SAR (China),Export,875159210,10,2023
Hong Kong SAR (China),Import,129003340,10,2023
Hong Kong SAR (China),Export,926148680,11,2023
Hong Kong SAR (China),Import,117475650,11,2023
Hong Kong SAR (China),Export,1118569990,12,2023
Hong Kong SAR (China),Import,114910650,12,2023
Hungary,Export,26571040,1,2023
Hungary,Import,56330850,1,2023
Hungary,Export,29802850,2,2023
Hungary,Import,50776130,2,2023
Hungary,Export,39785190,3,2023
Hungary,Import,58622670,3,2023
Hungary,Export,32579460,4,2023
Hungary,Import,50407640,4,2023
Hungary,Export,36308830,5,2023
Hungary,Import,61090450,5,2023
Hungary,Export,34139520,6,2023
Hungary,Import,28810330,6,2023
Hungary,Export,36992170,7,2023
Hungary,Import,31501180,7,2023
Hungary,Export,40952010,8,2023
Hungary,Import,17083520,8,2023
Hungary,Export,40657650,9,2023
Hungary,Import,16046690,9,2023
Hungary,Export,33782830,10,2023
Hungary,Import,22051620,10,2023
Hungary,Export,26283500,11,2023
Hungary,Import,15429070,11,2023
Hungary,Export,40674730,12,2023
Hungary,Import,21567620,12,2023
India,Export,604906710,1,2023
India,Import,422629050,1,2023
India,Export,728185580,2,2023
India,Import,564515130,2,2023
India,Export,727069480,3,2023
India,Import,644311580,3,2023
India,Export,636461040,4,2023
India,Import,557016500,4,2023
India,Export,600220510,5,2023
India,Import,513939350,5,2023
India,Export,597177500,6,2023
India,Import,450012170,6,2023
India,Export,768909710,7,2023
India,Import,481907870,7,2023
India,Export,769338980,8,2023
India,Import,444155510,8,2023
India,Export,791182510,9,2023
India,Import,432361820,9,2023
India,Export,845451320,10,2023
India,Import,443364970,10,2023
India,Export,727956930,11,2023
India,Import,459015550,11,2023
India,Export,701916910,12,2023
India,Import,451430150,12,2023
Indonesia,Export,355214960,1,2023
Indonesia,Import,572049200,1,2023
Indonesia,Export,403692930,2,2023
Indonesia,Import,635067290,2,2023
Indonesia,Export,475026890,3,2023
Indonesia,Import,705448850,3,2023
Indonesia,Export,443832160,4,2023
Indonesia,Import,654558650,4,2023
Indonesia,Export,391641050,5,2023
Indonesia,Import,795968920,5,2023
Indonesia,Export,402593060,6,2023
Indonesia,Import,897517640,6,2023
Indonesia,Export,427011350,7,2023
Indonesia,Import,795402430,7,2023
Indonesia,Export,457280410,8,2023
Indonesia,Import,645281820,8,2023
Indonesia,Export,436829120,9,2023
Indonesia,Import,687405510,9,2023
Indonesia,Export,432374740,10,2023
Indonesia,Import,766510200,10,2023
Indonesia,Export,453443750,11,2023
Indonesia,Import,791350490,11,2023
Indonesia,Export,392796610,12,2023
Indonesia,Import,782321370,12,2023
Ireland,Export,73715250,1,2023
Ireland,Import,208736340,1,2023
Ireland,Export,59520530,2,2023
Ireland,Import,149403960,2,2023
Ireland,Export,15501080,3,2023
Ireland,Import,252554630,3,2023
Ireland,Export,16013650,4,2023
Ireland,Import,195266200,4,2023
Ireland,Export,19804790,5,2023
Ireland,Import,169438850,5,2023
Ireland,Export,53677700,6,2023
Ireland,Import,373044860,6,2023
Ireland,Export,38696860,7,2023
Ireland,Import,287904400,7,2023
Ireland,Export,22455430,8,2023
Ireland,Import,252902180,8,2023
Ireland,Export,20864180,9,2023
Ireland,Import,408818790,9,2023
Ireland,Export,19777150,10,2023
Ireland,Import,225680440,10,2023
Ireland,Export,14994260,11,2023
Ireland,Import,287501940,11,2023
Ireland,Export,38004780,12,2023
Ireland,Import,293585030,12,2023
Italia,Export,355082290,1,2023
Italia,Import,124333950,1,2023
Italia,Export,339822810,2,2023
Italia,Import,140325540,2,2023
Italia,Export,348414610,3,2023
Italia,Import,124610560,3,2023
Italia,Export,464481260,4,2023
Italia,Import,128756710,4,2023
Italia,Export,435453340,5,2023
Italia,Import,149189180,5,2023
Italia,Export,370136630,6,2023
Italia,Import,133483250,6,2023
Italia,Export,429038390,7,2023
Italia,Import,158112680,7,2023
Italia,Export,321127110,8,2023
Italia,Import,140711740,8,2023
Italia,Export,307677130,9,2023
Italia,Import,133280380,9,2023
Italia,Export,358055360,10,2023
Italia,Import,113719600,10,2023
Italia,Export,382312600,11,2023
Italia,Import,134922220,11,2023
Italia,Export,362707380,12,2023
Italia,Import,145249760,12,2023
Ixraen,Export,67851150,1,2023
Ixraen,Import,155982290,1,2023
Ixraen,Export,57652450,2,2023
Ixraen,Import,102976220,2,2023
Ixraen,Export,61192220,3,2023
Ixraen,Import,147178350,3,2023
Ixraen,Export,44750570,4,2023
Ixraen,Import,180428300,4,2023
Ixraen,Export,55483090,5,2023
Ixraen,Import,232227620,5,2023
Ixraen,Export,49762980,6,2023
Ixraen,Import,232653280,6,2023
Ixraen,Export,67228970,7,2023
Ixraen,Import,184175970,7,2023
Ixraen,Export,51549360,8,2023
Ixraen,Import,123608400,8,2023
Ixraen,Export,47128350,9,2023
Ixraen,Import,240398110,9,2023
Ixraen,Export,44200430,10,2023
Ixraen,Import,136020080,10,2023
Ixraen,Export,46837980,11,2023
Ixraen,Import,163850170,11,2023
Ixraen,Export,37679680,12,2023
Ixraen,Import,153772850,12,2023
Japan,Export,1538420400,1,2023
Japan,Import,1675656070,1,2023
Japan,Export,1816217640,2,2023
Japan,Import,1867440390,2,2023
Japan,Export,1999819700,3,2023
Japan,Import,1739002940,3,2023
Japan,Export,1975214950,4,2023
Japan,Import,1676883850,4,2023
Japan,Export,1781989330,5,2023
Japan,Import,1391126420,5,2023
Japan,Export,1950202720,6,2023
Japan,Import,1846974590,6,2023
Japan,Export,2024151540,7,2023
Japan,Import,1666273910,7,2023
Japan,Export,2162886860,8,2023
Japan,Import,2047221830,8,2023
Japan,Export,1942634070,9,2023
Japan,Import,1803122450,9,2023
Japan,Export,2042475270,10,2023
Japan,Import,2029599790,10,2023
Japan,Export,2078290180,11,2023
Japan,Import,2012265460,11,2023
Japan,Export,2002318860,12,2023
Japan,Import,1882876350,12,2023
Kazakhstan,Export,0,1,2023
Kazakhstan,Import,468390,1,2023
Kazakhstan,Export,0,2,2023
Kazakhstan,Import,0,2,2023
Kazakhstan,Export,0,3,2023
Kazakhstan,Import,33430,3,2023
Kazakhstan,Export,0,4,2023
Kazakhstan,Import,0,4,2023
Kazakhstan,Export,0,5,2023
Kazakhstan,Import,742580,5,2023
Kazakhstan,Export,0,6,2023
Kazakhstan,Import,251540,6,2023
Kazakhstan,Export,0,7,2023
Kazakhstan,Import,713200,7,2023
Kazakhstan,Export,0,8,2023
Kazakhstan,Import,494360,8,2023
Kazakhstan,Export,317151710,9,2023
Kazakhstan,Import,709790,9,2023
Kazakhstan,Export,40038040,10,2023
Kazakhstan,Import,363380,10,2023
Kazakhstan,Export,19839270,11,2023
Kazakhstan,Import,1585500,11,2023
Kazakhstan,Export,14010770,12,2023
Kazakhstan,Import,5432850,12,2023
Korea,Export,1693837780,1,2023
Korea,Import,3908638260,1,2023
Korea,Export,2100513120,2,2023
Korea,Import,3815356490,2,2023
Korea,Export,2058067000,3,2023
Korea,Import,4569989240,3,2023
Korea,Export,1723158970,4,2023
Korea,Import,3760875700,4,2023
Korea,Export,1616981340,5,2023
Korea,Import,4064147150,5,2023
Korea,Export,1857630980,6,2023
Korea,Import,4126408500,6,2023
Korea,Export,2124546210,7,2023
Korea,Import,4179742470,7,2023
Korea,Export,2352079760,8,2023
Korea,Import,4936770980,8,2023
Korea,Export,2168919940,9,2023
Korea,Import,4863994690,9,2023
Korea,Export,1955524210,10,2023
Korea,Import,4775420860,10,2023
Korea,Export,1846482390,11,2023
Korea,Import,4701320450,11,2023
Korea,Export,2000785400,12,2023
Korea,Import,4808665920,12,2023
Kuwait,Export,2854910,1,2023
Kuwait,Import,495969460,1,2023
Kuwait,Export,6814560,2,2023
Kuwait,Import,517695970,2,2023
Kuwait,Export,6032750,3,2023
Kuwait,Import,335740040,3,2023
Kuwait,Export,5626420,4,2023
Kuwait,Import,493511240,4,2023
Kuwait,Export,5927480,5,2023
Kuwait,Import,706414020,5,2023
Kuwait,Export,5665330,6,2023
Kuwait,Import,470253920,6,2023
Kuwait,Export,6308630,7,2023
Kuwait,Import,500403010,7,2023
Kuwait,Export,5998480,8,2023
Kuwait,Import,184245510,8,2023
Kuwait,Export,4680850,9,2023
Kuwait,Import,231988900,9,2023
Kuwait,Export,7552640,10,2023
Kuwait,Import,676694790,10,2023
Kuwait,Export,6625160,11,2023
Kuwait,Import,571521960,11,2023
Kuwait,Export,5575160,12,2023
Kuwait,Import,697150940,12,2023
Lao PDR,Export,27811010,1,2023
Lao PDR,Import,71432680,1,2023
Lao PDR,Export,45354120,2,2023
Lao PDR,Import,99627160,2,2023
Lao PDR,Export,54742870,3,2023
Lao PDR,Import,126783020,3,2023
Lao PDR,Export,48237860,4,2023
Lao PDR,Import,87353150,4,2023
Lao PDR,Export,48731060,5,2023
Lao PDR,Import,91353070,5,2023
Lao PDR,Export,42990920,6,2023
Lao PDR,Import,89123980,6,2023
Lao PDR,Export,41602640,7,2023
Lao PDR,Import,82631000,7,2023
Lao PDR,Export,45527910,8,2023
Lao PDR,Import,79830360,8,2023
Lao PDR,Export,40165350,9,2023
Lao PDR,Import,74393470,9,2023
Lao PDR,Export,46775400,10,2023
Lao PDR,Import,85842060,10,2023
Lao PDR,Export,42930390,11,2023
Lao PDR,Import,88718530,11,2023
Lao PDR,Export,48814280,12,2023
Lao PDR,Import,120290370,12,2023
Latvia,Export,31811780,1,2023
Latvia,Import,2442420,1,2023
Latvia,Export,22160190,2,2023
Latvia,Import,1798390,2,2023
Latvia,Export,28510200,3,2023
Latvia,Import,1839660,3,2023
Latvia,Export,28758040,4,2023
Latvia,Import,709120,4,2023
Latvia,Export,22719940,5,2023
Latvia,Import,1383420,5,2023
Latvia,Export,31426910,6,2023
Latvia,Import,1950040,6,2023
Latvia,Export,28118570,7,2023
Latvia,Import,704740,7,2023
Latvia,Export,19401450,8,2023
Latvia,Import,1366400,8,2023
Latvia,Export,18761050,9,2023
Latvia,Import,936490,9,2023
Latvia,Export,20810000,10,2023
Latvia,Import,2045840,10,2023
Latvia,Export,24897770,11,2023
Latvia,Import,1380000,11,2023
Latvia,Export,14855700,12,2023
Latvia,Import,2944820,12,2023
Litva,Export,12391590,1,2023
Litva,Import,1392630,1,2023
Litva,Export,6890110,2,2023
Litva,Import,3110680,2,2023
Litva,Export,10019200,3,2023
Litva,Import,5167730,3,2023
Litva,Export,16416910,4,2023
Litva,Import,4671480,4,2023
Litva,Export,11248080,5,2023
Litva,Import,2564080,5,2023
Litva,Export,19127780,6,2023
Litva,Import,3235470,6,2023
Litva,Export,9276310,7,2023
Litva,Import,2643590,7,2023
Litva,Export,10758000,8,2023
Litva,Import,1647650,8,2023
Litva,Export,11232820,9,2023
Litva,Import,1283300,9,2023
Litva,Export,14542350,10,2023
Litva,Import,2192970,10,2023
Litva,Export,17185380,11,2023
Litva,Import,2936470,11,2023
Litva,Export,19277200,12,2023
Litva,Import,3402540,12,2023
Luxembourg,Export,10728240,1,2023
Luxembourg,Import,2979990,1,2023
Luxembourg,Export,13536750,2,2023
Luxembourg,Import,3009430,2,2023
Luxembourg,Export,7413750,3,2023
Luxembourg,Import,4781540,3,2023
Luxembourg,Export,11999760,4,2023
Luxembourg,Import,6614190,4,2023
Luxembourg,Export,12824030,5,2023
Luxembourg,Import,3708490,5,2023
Luxembourg,Export,5827800,6,2023
Luxembourg,Import,4953400,6,2023
Luxembourg,Export,12335450,7,2023
Luxembourg,Import,8471270,7,2023
Luxembourg,Export,8270549,8,2023
Luxembourg,Import,3251870,8,2023
Luxembourg,Export,3648200,9,2023
Luxembourg,Import,4933760,9,2023
Luxembourg,Export,6604400,10,2023
Luxembourg,Import,8680730,10,2023
Luxembourg,Export,8531630,11,2023
Luxembourg,Import,7862960,11,2023
Luxembourg,Export,6739010,12,2023
Luxembourg,Import,5161850,12,2023
Malaysia,Export,282364580,1,2023
Malaysia,Import,676331790,1,2023
Malaysia,Export,426626800,2,2023
Malaysia,Import,563497190,2,2023
Malaysia,Export,511628270,3,2023
Malaysia,Import,580355610,3,2023
Malaysia,Export,442595130,4,2023
Malaysia,Import,554720790,4,2023
Malaysia,Export,428858670,5,2023
Malaysia,Import,611376880,5,2023
Malaysia,Export,374721250,6,2023
Malaysia,Import,612195740,6,2023
Malaysia,Export,392412570,7,2023
Malaysia,Import,613493360,7,2023
Malaysia,Export,483235150,8,2023
Malaysia,Import,781660110,8,2023
Malaysia,Export,348890890,9,2023
Malaysia,Import,632156150,9,2023
Malaysia,Export,362593850,10,2023
Malaysia,Import,815396760,10,2023
Malaysia,Export,398750250,11,2023
Malaysia,Import,682479690,11,2023
Malaysia,Export,410089730,12,2023
Malaysia,Import,685810780,12,2023
Malta,Export,899350,1,2023
Malta,Import,3070240,1,2023
Malta,Export,1114620,2,2023
Malta,Import,1523890,2,2023
Malta,Export,1906120,3,2023
Malta,Import,1986640,3,2023
Malta,Export,1566860,4,2023
Malta,Import,3220800,4,2023
Malta,Export,775180,5,2023
Malta,Import,2063650,5,2023
Malta,Export,1838330,6,2023
Malta,Import,1419320,6,2023
Malta,Export,31364830,7,2023
Malta,Import,2801580,7,2023
Malta,Export,1121490,8,2023
Malta,Import,1914980,8,2023
Malta,Export,2452130,9,2023
Malta,Import,2212050,9,2023
Malta,Export,1134700,10,2023
Malta,Import,2842850,10,2023
Malta,Export,972410,11,2023
Malta,Import,2266990,11,2023
Malta,Export,1791230,12,2023
Malta,Import,1529250,12,2023
Mexico,Export,284834410,1,2023
Mexico,Import,60107280,1,2023
Mexico,Export,290417230,2,2023
Mexico,Import,50824060,2,2023
Mexico,Export,358022530,3,2023
Mexico,Import,70939070,3,2023
Mexico,Export,400646690,4,2023
Mexico,Import,63193620,4,2023
Mexico,Export,436312640,5,2023
Mexico,Import,63653600,5,2023
Mexico,Export,390574740,6,2023
Mexico,Import,65550539,6,2023
Mexico,Export,402308030,7,2023
Mexico,Import,85608710,7,2023
Mexico,Export,399174190,8,2023
Mexico,Import,67103869,8,2023
Mexico,Export,343018230,9,2023
Mexico,Import,75193910,9,2023
Mexico,Export,362699850,10,2023
Mexico,Import,85210370,10,2023
Mexico,Export,377573670,11,2023
Mexico,Import,70246250,11,2023
Mexico,Export,392796430,12,2023
Mexico,Import,75494890,12,2023
Myanmar,Export,24829840,1,2023
Myanmar,Import,24164970,1,2023
Myanmar,Export,78866020,2,2023
Myanmar,Import,18670510,2,2023
Myanmar,Export,40251510,3,2023
Myanmar,Import,21093460,3,2023
Myanmar,Export,36489410,4,2023
Myanmar,Import,20115740,4,2023
Myanmar,Export,37317560,5,2023
Myanmar,Import,22488020,5,2023
Myanmar,Export,33451989,6,2023
Myanmar,Import,23928690,6,2023
Myanmar,Export,31688100,7,2023
Myanmar,Import,23970460,7,2023
Myanmar,Export,28410160,8,2023
Myanmar,Import,23797310,8,2023
Myanmar,Export,26609040,9,2023
Myanmar,Import,22602840,9,2023
Myanmar,Export,27797950,10,2023
Myanmar,Import,20036640,10,2023
Myanmar,Export,48285350,11,2023
Myanmar,Import,13745020,11,2023
Myanmar,Export,24043870,12,2023
Myanmar,Import,16216460,12,2023
Netherlands,Export,684247310,1,2023
Netherlands,Import,47649570,1,2023
Netherlands,Export,795874030,2,2023
Netherlands,Import,45837910,2,2023
Netherlands,Export,880253500,3,2023
Netherlands,Import,47973000,3,2023
Netherlands,Export,794374360,4,2023
Netherlands,Import,43366080,4,2023
Netherlands,Export,832407100,5,2023
Netherlands,Import,72733110,5,2023
Netherlands,Export,846275580,6,2023
Netherlands,Import,62694780,6,2023
Netherlands,Export,797046380,7,2023
Netherlands,Import,59513210,7,2023
Netherlands,Export,896096060,8,2023
Netherlands,Import,54249480,8,2023
Netherlands,Export,888028900,9,2023
Netherlands,Import,53608560,9,2023
Netherlands,Export,924789750,10,2023
Netherlands,Import,66939830,10,2023
Netherlands,Export,938704220,11,2023
Netherlands,Import,72663990,11,2023
Netherlands,Export,963435230,12,2023
Netherlands,Import,39495060,12,2023
New Zealand,Export,58890180,1,2023
New Zealand,Import,58671070,1,2023
New Zealand,Export,51725600,2,2023
New Zealand,Import,68394100,2,2023
New Zealand,Export,53807410,3,2023
New Zealand,Import,76014200,3,2023
New Zealand,Export,49874740,4,2023
New Zealand,Import,50685740,4,2023
New Zealand,Export,52873260,5,2023
New Zealand,Import,66973710,5,2023
New Zealand,Export,46844570,6,2023
New Zealand,Import,56930380,6,2023
New Zealand,Export,59667180,7,2023
New Zealand,Import,62491100,7,2023
New Zealand,Export,74747910,8,2023
New Zealand,Import,51910330,8,2023
New Zealand,Export,55784500,9,2023
New Zealand,Import,33438769,9,2023
New Zealand,Export,53775700,10,2023
New Zealand,Import,36756090,10,2023
New Zealand,Export,47053070,11,2023
New Zealand,Import,54054020,11,2023
New Zealand,Export,43833940,12,2023
New Zealand,Import,64235700,12,2023
Norway,Export,9137820,1,2023
Norway,Import,27264200,1,2023
Norway,Export,25623550,2,2023
Norway,Import,34068710,2,2023
Norway,Export,55200660,3,2023
Norway,Import,41496710,3,2023
Norway,Export,10536640,4,2023
Norway,Import,34900810,4,2023
Norway,Export,9892020,5,2023
Norway,Import,33022820,5,2023
Norway,Export,9979870,6,2023
Norway,Import,39363040,6,2023
Norway,Export,49669960,7,2023
Norway,Import,36679920,7,2023
Norway,Export,9770190,8,2023
Norway,Import,39262090,8,2023
Norway,Export,6917950,9,2023
Norway,Import,27307170,9,2023
Norway,Export,8106750,10,2023
Norway,Import,31792880,10,2023
Norway,Export,9771680,11,2023
Norway,Import,51331990,11,2023
Norway,Export,10015340,12,2023
Norway,Import,33567420,12,2023
Pakistan,Export,24923030,1,2023
Pakistan,Import,16015880,1,2023
Pakistan,Export,41447240,2,2023
Pakistan,Import,12920000,2,2023
Pakistan,Export,21811670,3,2023
Pakistan,Import,24920170,3,2023
Pakistan,Export,34386910,4,2023
Pakistan,Import,24241560,4,2023
Pakistan,Export,27263010,5,2023
Pakistan,Import,20763360,5,2023
Pakistan,Export,27625970,6,2023
Pakistan,Import,13087670,6,2023
Pakistan,Export,37685780,7,2023
Pakistan,Import,15457320,7,2023
Pakistan,Export,47086800,8,2023
Pakistan,Import,36617670,8,2023
Pakistan,Export,39927280,9,2023
Pakistan,Import,38365370,9,2023
Pakistan,Export,33214559,10,2023
Pakistan,Import,27798110,10,2023
Pakistan,Export,23335030,11,2023
Pakistan,Import,37957100,11,2023
Pakistan,Export,27890040,12,2023
Pakistan,Import,50634870,12,2023
Peru,Export,33725500,1,2023
Peru,Import,4142479,1,2023
Peru,Export,29974870,2,2023
Peru,Import,8682780,2,2023
Peru,Export,63131540,3,2023
Peru,Import,7201290,3,2023
Peru,Export,40426110,4,2023
Peru,Import,3036240,4,2023
Peru,Export,30091480,5,2023
Peru,Import,6185010,5,2023
Peru,Export,42874050,6,2023
Peru,Import,2048330,6,2023
Peru,Export,38088830,7,2023
Peru,Import,2030060,7,2023
Peru,Export,41271330,8,2023
Peru,Import,1959610,8,2023
Peru,Export,30368980,9,2023
Peru,Import,1733600,9,2023
Peru,Export,32410330,10,2023
Peru,Import,2152220,10,2023
Peru,Export,33112160,11,2023
Peru,Import,3649260,11,2023
Peru,Export,23566050,12,2023
Peru,Import,4202440,12,2023
Philippines,Export,291880830,1,2023
Philippines,Import,207625060,1,2023
Philippines,Export,407123710,2,2023
Philippines,Import,175851060,2,2023
Philippines,Export,540907830,3,2023
Philippines,Import,178876420,3,2023
Philippines,Export,497105440,4,2023
Philippines,Import,178658520,4,2023
Philippines,Export,398221280,5,2023
Philippines,Import,153962220,5,2023
Philippines,Export,351512880,6,2023
Philippines,Import,172421270,6,2023
Philippines,Export,434208450,7,2023
Philippines,Import,205608010,7,2023
Philippines,Export,563182370,8,2023
Philippines,Import,323652520,8,2023
Philippines,Export,342802610,9,2023
Philippines,Import,268996860,9,2023
Philippines,Export,388661440,10,2023
Philippines,Import,273149950,10,2023
Philippines,Export,479119640,11,2023
Philippines,Import,266029010,11,2023
Philippines,Export,455186610,12,2023
Philippines,Import,248488050,12,2023
Poland,Export,128925170,1,2023
Poland,Import,31141690,1,2023
Poland,Export,169228070,2,2023
Poland,Import,27728280,2,2023
Poland,Export,218277310,3,2023
Poland,Import,29329090,3,2023
Poland,Export,213554410,4,2023
Poland,Import,23096870,4,2023
Poland,Export,232862300,5,2023
Poland,Import,29709970,5,2023
Poland,Export,207175900,6,2023
Poland,Import,23667530,6,2023
Poland,Export,185251970,7,2023
Poland,Import,30406010,7,2023
Poland,Export,250779220,8,2023
Poland,Import,38078860,8,2023
Poland,Export,205948980,9,2023
Poland,Import,27292900,9,2023
Poland,Export,233594870,10,2023
Poland,Import,45177350,10,2023
Poland,Export,205076150,11,2023
Poland,Import,34512090,11,2023
Poland,Export,200494960,12,2023
Poland,Import,33466550,12,2023
Portugal,Export,41444250,1,2023
Portugal,Import,4241660,1,2023
Portugal,Export,38674230,2,2023
Portugal,Import,6891600,2,2023
Portugal,Export,39179910,3,2023
Portugal,Import,10044610,3,2023
Portugal,Export,65695039,4,2023
Portugal,Import,8100630,4,2023
Portugal,Export,60887870,5,2023
Portugal,Import,9562740,5,2023
Portugal,Export,30119910,6,2023
Portugal,Import,8038800,6,2023
Portugal,Export,47584150,7,2023
Portugal,Import,11724210,7,2023
Portugal,Export,49276640,8,2023
Portugal,Import,11541400,8,2023
Portugal,Export,52628630,9,2023
Portugal,Import,15134820,9,2023
Portugal,Export,47161820,10,2023
Portugal,Import,18367960,10,2023
Portugal,Export,37791140,11,2023
Portugal,Import,7257340,11,2023
Portugal,Export,38000270,12,2023
Portugal,Import,9636260,12,2023
Romania,Export,14436570,1,2023
Romania,Import,5635710,1,2023
Romania,Export,18820270,2,2023
Romania,Import,6287230,2,2023
Romania,Export,28055520,3,2023
Romania,Import,10679560,3,2023
Romania,Export,22746310,4,2023
Romania,Import,9280910,4,2023
Romania,Export,24138090,5,2023
Romania,Import,8792050,5,2023
Romania,Export,22833400,6,2023
Romania,Import,12598800,6,2023
Romania,Export,19828910,7,2023
Romania,Import,9202430,7,2023
Romania,Export,24537200,8,2023
Romania,Import,15937860,8,2023
Romania,Export,25079430,9,2023
Romania,Import,21817930,9,2023
Romania,Export,30242460,10,2023
Romania,Import,9674280,10,2023
Romania,Export,26372750,11,2023
Romania,Import,21949510,11,2023
Romania,Export,25191760,12,2023
Romania,Import,16706410,12,2023
Russia Federation,Export,99329680,1,2023
Russia Federation,Import,92928810,1,2023
Russia Federation,Export,106098990,2,2023
Russia Federation,Import,104192710,2,2023
Russia Federation,Export,166030280,3,2023
Russia Federation,Import,163496800,3,2023
Russia Federation,Export,135496560,4,2023
Russia Federation,Import,145624440,4,2023
Russia Federation,Export,153623920,5,2023
Russia Federation,Import,129102260,5,2023
Russia Federation,Export,151871380,6,2023
Russia Federation,Import,161021030,6,2023
Russia Federation,Export,118644820,7,2023
Russia Federation,Import,154401610,7,2023
Russia Federation,Export,115595560,8,2023
Russia Federation,Import,197179640,8,2023
Russia Federation,Export,137734220,9,2023
Russia Federation,Import,172170530,9,2023
Russia Federation,Export,156609160,10,2023
Russia Federation,Import,146842670,10,2023
Russia Federation,Export,221797920,11,2023
Russia Federation,Import,228063990,11,2023
Russia Federation,Export,181984950,12,2023
Russia Federation,Import,193980040,12,2023
Saudi Arabia,Export,64654340,1,2023
Saudi Arabia,Import,149255230,1,2023
Saudi Arabia,Export,65533990,2,2023
Saudi Arabia,Import,115286240,2,2023
Saudi Arabia,Export,99677100,3,2023
Saudi Arabia,Import,197141360,3,2023
Saudi Arabia,Export,96718190,4,2023
Saudi Arabia,Import,100792910,4,2023
Saudi Arabia,Export,88119730,5,2023
Saudi Arabia,Import,90898550,5,2023
Saudi Arabia,Export,94743240,6,2023
Saudi Arabia,Import,149914420,6,2023
Saudi Arabia,Export,98829000,7,2023
Saudi Arabia,Import,153309820,7,2023
Saudi Arabia,Export,119288860,8,2023
Saudi Arabia,Import,141534820,8,2023
Saudi Arabia,Export,120976090,9,2023
Saudi Arabia,Import,105110610,9,2023
Saudi Arabia,Export,89681840,10,2023
Saudi Arabia,Import,117411030,10,2023
Saudi Arabia,Export,101454540,11,2023
Saudi Arabia,Import,113265590,11,2023
Saudi Arabia,Export,91615460,12,2023
Saudi Arabia,Import,117812970,12,2023
Senegal,Export,2095500,1,2023
Senegal,Import,0,1,2023
Senegal,Export,3157830,2,2023
Senegal,Import,0,2,2023
Senegal,Export,2262760,3,2023
Senegal,Import,0,3,2023
Senegal,Export,3750710,4,2023
Senegal,Import,0,4,2023
Senegal,Export,7471350,5,2023
Senegal,Import,0,5,2023
Senegal,Export,2713800,6,2023
Senegal,Import,0,6,2023
Senegal,Export,3339340,7,2023
Senegal,Import,0,7,2023
Senegal,Export,2611350,8,2023
Senegal,Import,0,8,2023
Senegal,Export,2397860,9,2023
Senegal,Import,0,9,2023
Senegal,Export,1949240,10,2023
Senegal,Import,0,10,2023
Senegal,Export,3213110,11,2023
Senegal,Import,0,11,2023
Senegal,Export,2846000,12,2023
Senegal,Import,0,12,2023
Singapore,Export,288559880,1,2023
Singapore,Import,396107720,1,2023
Singapore,Export,389107760,2,2023
Singapore,Import,416496770,2,2023
Singapore,Export,335513980,3,2023
Singapore,Import,415213630,3,2023
Singapore,Export,312040760,4,2023
Singapore,Import,413727650,4,2023
Singapore,Export,364298760,5,2023
Singapore,Import,426395920,5,2023
Singapore,Export,324219610,6,2023
Singapore,Import,436700470,6,2023
Singapore,Export,356926570,7,2023
Singapore,Import,413863450,7,2023
Singapore,Export,392602030,8,2023
Singapore,Import,416014310,8,2023
Singapore,Export,336409510,9,2023
Singapore,Import,299192480,9,2023
Singapore,Export,359868350,10,2023
Singapore,Import,348636170,10,2023
Singapore,Export,388808570,11,2023
Singapore,Import,353223130,11,2023
Singapore,Export,536274189,12,2023
Singapore,Import,374141910,12,2023
Slovakia,Export,54214930,1,2023
Slovakia,Import,4360460,1,2023
Slovakia,Export,65157690,2,2023
Slovakia,Import,7874980,2,2023
Slovakia,Export,80456650,3,2023
Slovakia,Import,3950550,3,2023
Slovakia,Export,100284920,4,2023
Slovakia,Import,5475980,4,2023
Slovakia,Export,64819350,5,2023
Slovakia,Import,6959590,5,2023
Slovakia,Export,73900150,6,2023
Slovakia,Import,7671300,6,2023
Slovakia,Export,106881300,7,2023
Slovakia,Import,4388860,7,2023
Slovakia,Export,137669140,8,2023
Slovakia,Import,8587520,8,2023
Slovakia,Export,109607360,9,2023
Slovakia,Import,6340080,9,2023
Slovakia,Export,94399340,10,2023
Slovakia,Import,2491810,10,2023
Slovakia,Export,85391670,11,2023
Slovakia,Import,4551460,11,2023
Slovakia,Export,64802820,12,2023
Slovakia,Import,2594190,12,2023
Slovenia,Export,26203210,1,2023
Slovenia,Import,6160760,1,2023
Slovenia,Export,28037650,2,2023
Slovenia,Import,8729170,2,2023
Slovenia,Export,36568490,3,2023
Slovenia,Import,9519240,3,2023
Slovenia,Export,36738980,4,2023
Slovenia,Import,9237490,4,2023
Slovenia,Export,31979690,5,2023
Slovenia,Import,8922050,5,2023
Slovenia,Export,30158190,6,2023
Slovenia,Import,8049240,6,2023
Slovenia,Export,31777780,7,2023
Slovenia,Import,7792420,7,2023
Slovenia,Export,36253830,8,2023
Slovenia,Import,6101730,8,2023
Slovenia,Export,26928110,9,2023
Slovenia,Import,23369710,9,2023
Slovenia,Export,34545550,10,2023
Slovenia,Import,9762810,10,2023
Slovenia,Export,46562160,11,2023
Slovenia,Import,10147820,11,2023
Slovenia,Export,36268800,12,2023
Slovenia,Import,6922710,12,2023
South Africa,Export,43430380,1,2023
South Africa,Import,5961910,1,2023
South Africa,Export,78550160,2,2023
South Africa,Import,12188680,2,2023
South Africa,Export,73572550,3,2023
South Africa,Import,12059830,3,2023
South Africa,Export,66069200,4,2023
South Africa,Import,32878670,4,2023
South Africa,Export,73132330,5,2023
South Africa,Import,55239910,5,2023
South Africa,Export,58076260,6,2023
South Africa,Import,79526520,6,2023
South Africa,Export,68817690,7,2023
South Africa,Import,36275980,7,2023
South Africa,Export,70803180,8,2023
South Africa,Import,61695320,8,2023
South Africa,Export,63484430,9,2023
South Africa,Import,15791740,9,2023
South Africa,Export,63410500,10,2023
South Africa,Import,9644430,10,2023
South Africa,Export,54630280,11,2023
South Africa,Import,38553650,11,2023
South Africa,Export,49689520,12,2023
South Africa,Import,44266090,12,2023
Spain,Export,249577490,1,2023
Spain,Import,46005230,1,2023
Spain,Export,243700500,2,2023
Spain,Import,49990050,2,2023
Spain,Export,272361220,3,2023
Spain,Import,49102450,3,2023
Spain,Export,295706740,4,2023
Spain,Import,53580040,4,2023
Spain,Export,270172470,5,2023
Spain,Import,58121090,5,2023
Spain,Export,297343540,6,2023
Spain,Import,59388290,6,2023
Spain,Export,329794470,7,2023
Spain,Import,58295810,7,2023
Spain,Export,306332500,8,2023
Spain,Import,56466600,8,2023
Spain,Export,246876770,9,2023
Spain,Import,44589210,9,2023
Spain,Export,288583680,10,2023
Spain,Import,47793960,10,2023
Spain,Export,239285430,11,2023
Spain,Import,51212060,11,2023
Spain,Export,270056810,12,2023
Spain,Import,51345760,12,2023
Sweden,Export,108552890,1,2023
Sweden,Import,21308600,1,2023
Sweden,Export,72451860,2,2023
Sweden,Import,23187760,2,2023
Sweden,Export,71565490,3,2023
Sweden,Import,33459129,3,2023
Sweden,Export,68650420,4,2023
Sweden,Import,25136740,4,2023
Sweden,Export,60076360,5,2023
Sweden,Import,35610590,5,2023
Sweden,Export,70640980,6,2023
Sweden,Import,32678500,6,2023
Sweden,Export,115985110,7,2023
Sweden,Import,33275010,7,2023
Sweden,Export,72296280,8,2023
Sweden,Import,25686290,8,2023
Sweden,Export,70727970,9,2023
Sweden,Import,21988650,9,2023
Sweden,Export,87277920,10,2023
Sweden,Import,22036610,10,2023
Sweden,Export,88149040,11,2023
Sweden,Import,38445440,11,2023
Sweden,Export,59780300,12,2023
Sweden,Import,29124200,12,2023
Switzerland,Export,12984140,1,2023
Switzerland,Import,27716570,1,2023
Switzerland,Export,12829430,2,2023
Switzerland,Import,49342390,2,2023
Switzerland,Export,26943790,3,2023
Switzerland,Import,56346830,3,2023
Switzerland,Export,31004640,4,2023
Switzerland,Import,52779860,4,2023
Switzerland,Export,25950050,5,2023
Switzerland,Import,54752630,5,2023
Switzerland,Export,14081410,6,2023
Switzerland,Import,57145150,6,2023
Switzerland,Export,11024330,7,2023
Switzerland,Import,55290900,7,2023
Switzerland,Export,11552850,8,2023
Switzerland,Import,55506210,8,2023
Switzerland,Export,9936070,9,2023
Switzerland,Import,52559050,9,2023
Switzerland,Export,13833160,10,2023
Switzerland,Import,62800430,10,2023
Switzerland,Export,15192910,11,2023
Switzerland,Import,51385960,11,2023
Switzerland,Export,13194430,12,2023
Switzerland,Import,51651010,12,2023
Taiwan,Export,234844190,1,2023
Taiwan,Import,1468503900,1,2023
Taiwan,Export,393273650,2,2023
Taiwan,Import,1477625860,2,2023
Taiwan,Export,442549120,3,2023
Taiwan,Import,1629020890,3,2023
Taiwan,Export,357608500,4,2023
Taiwan,Import,1363185290,4,2023
Taiwan,Export,400285900,5,2023
Taiwan,Import,1441937100,5,2023
Taiwan,Export,420833870,6,2023
Taiwan,Import,1363936060,6,2023
Taiwan,Export,383407720,7,2023
Taiwan,Import,1647445180,7,2023
Taiwan,Export,445943850,8,2023
Taiwan,Import,1701329530,8,2023
Taiwan,Export,415358980,9,2023
Taiwan,Import,1557801780,9,2023
Taiwan,Export,376803630,10,2023
Taiwan,Import,1698160420,10,2023
Taiwan,Export,422518650,11,2023
Taiwan,Import,1585312190,11,2023
Taiwan,Export,443168990,12,2023
Taiwan,Import,1487198620,12,2023
Thailand,Export,532638089,1,2023
Thailand,Import,765551010,1,2023
Thailand,Export,653223010,2,2023
Thailand,Import,1019566710,2,2023
Thailand,Export,681858200,3,2023
Thailand,Import,1120364880,3,2023
Thailand,Export,533674439,4,2023
Thailand,Import,943327010,4,2023
Thailand,Export,615757870,5,2023
Thailand,Import,995624060,5,2023
Thailand,Export,542793120,6,2023
Thailand,Import,943525130,6,2023
Thailand,Export,672756050,7,2023
Thailand,Import,950721290,7,2023
Thailand,Export,648433050,8,2023
Thailand,Import,962615580,8,2023
Thailand,Export,563765230,9,2023
Thailand,Import,982351490,9,2023
Thailand,Export,567066490,10,2023
Thailand,Import,1125096090,10,2023
Thailand,Export,601700790,11,2023
Thailand,Import,971674770,11,2023
Thailand,Export,578801040,12,2023
Thailand,Import,1017054610,12,2023
Turkey,Export,151413600,1,2023
Turkey,Import,27232370,1,2023
Turkey,Export,148410430,2,2023
Turkey,Import,24107640,2,2023
Turkey,Export,158433670,3,2023
Turkey,Import,38057810,3,2023
Turkey,Export,184081190,4,2023
Turkey,Import,36461650,4,2023
Turkey,Export,155047130,5,2023
Turkey,Import,41669110,5,2023
Turkey,Export,154679260,6,2023
Turkey,Import,33616410,6,2023
Turkey,Export,132556890,7,2023
Turkey,Import,40062140,7,2023
Turkey,Export,142717040,8,2023
Turkey,Import,41667970,8,2023
Turkey,Export,153006630,9,2023
Turkey,Import,36419950,9,2023
Turkey,Export,138056890,10,2023
Turkey,Import,49920060,10,2023
Turkey,Export,115850240,11,2023
Turkey,Import,54708460,11,2023
Turkey,Export,134689110,12,2023
Turkey,Import,44841000,12,2023
Ukraine,Export,1768730,1,2023
Ukraine,Import,2163890,1,2023
Ukraine,Export,1674170,2,2023
Ukraine,Import,2462070,2,2023
Ukraine,Export,1666090,3,2023
Ukraine,Import,3119350,3,2023
Ukraine,Export,3344290,4,2023
Ukraine,Import,11655600,4,2023
Ukraine,Export,5127990,5,2023
Ukraine,Import,10796400,5,2023
Ukraine,Export,2874020,6,2023
Ukraine,Import,2834570,6,2023
Ukraine,Export,3095680,7,2023
Ukraine,Import,3165860,7,2023
Ukraine,Export,2700890,8,2023
Ukraine,Import,17444360,8,2023
Ukraine,Export,2963500,9,2023
Ukraine,Import,2336750,9,2023
Ukraine,Export,4889910,10,2023
Ukraine,Import,17935260,10,2023
Ukraine,Export,4585420,11,2023
Ukraine,Import,52070320,11,2023
Ukraine,Export,3745790,12,2023
Ukraine,Import,93740850,12,2023
United Arab Emirates,Export,310109800,1,2023
United Arab Emirates,Import,86269970,1,2023
United Arab Emirates,Export,294748480,2,2023
United Arab Emirates,Import,57385580,2,2023
United Arab Emirates,Export,391279470,3,2023
United Arab Emirates,Import,33429610,3,2023
United Arab Emirates,Export,392272460,4,2023
United Arab Emirates,Import,51686800,4,2023
United Arab Emirates,Export,284379720,5,2023
United Arab Emirates,Import,84449800,5,2023
United Arab Emirates,Export,261667250,6,2023
United Arab Emirates,Import,35478760,6,2023
United Arab Emirates,Export,294789710,7,2023
United Arab Emirates,Import,61819030,7,2023
United Arab Emirates,Export,376572040,8,2023
United Arab Emirates,Import,60104380,8,2023
United Arab Emirates,Export,395201680,9,2023
United Arab Emirates,Import,69181050,9,2023
United Arab Emirates,Export,312495760,10,2023
United Arab Emirates,Import,67319210,10,2023
United Arab Emirates,Export,311229850,11,2023
United Arab Emirates,Import,29669970,11,2023
United Arab Emirates,Export,390177720,12,2023
United Arab Emirates,Import,39786670,12,2023
United Kingdom,Export,496609880,1,2023
United Kingdom,Import,43309240,1,2023
United Kingdom,Export,442591260,2,2023
United Kingdom,Import,67068280,2,2023
United Kingdom,Export,467238150,3,2023
United Kingdom,Import,65161540,3,2023
United Kingdom,Export,493288360,4,2023
United Kingdom,Import,67327470,4,2023
United Kingdom,Export,459564160,5,2023
United Kingdom,Import,65213900,5,2023
United Kingdom,Export,506023670,6,2023
United Kingdom,Import,64448220,6,2023
United Kingdom,Export,629124610,7,2023
United Kingdom,Import,87545500,7,2023
United Kingdom,Export,597934560,8,2023
United Kingdom,Import,70918140,8,2023
United Kingdom,Export,585517360,9,2023
United Kingdom,Import,56176650,9,2023
United Kingdom,Export,534400180,10,2023
United Kingdom,Import,71007510,10,2023
United Kingdom,Export,589354330,11,2023
United Kingdom,Import,68386580,11,2023
United Kingdom,Export,543617040,12,2023
United Kingdom,Import,68983610,12,2023
United States,Export,6150865070,1,2023
United States,Import,923515370,1,2023
United States,Export,6876398660,2,2023
United States,Import,948188350,2,2023
United States,Export,7736925750,3,2023
United States,Import,1151440750,3,2023
United States,Export,7879481990,4,2023
United States,Import,1301450490,4,2023
United States,Export,7673966580,5,2023
United States,Import,1327244960,5,2023
United States,Export,8103661600,6,2023
United States,Import,1218245960,6,2023
United States,Export,8674976960,7,2023
United States,Import,1182237260,7,2023
United States,Export,9022098620,8,2023
United States,Import,1097304740,8,2023
United States,Export,8115916950,9,2023
United States,Import,1115925920,9,2023
United States,Export,9015154420,10,2023
United States,Import,1075356990,10,2023
United States,Export,8629265730,11,2023
United States,Import,1221538650,11,2023
United States,Export,9141463760,12,2023
United States,Import,1259944980,12,2023
Argentina,Export,18768330,1,2024
Argentina,Import,128379790,1,2024
Argentina,Export,15224620,2,2024
Argentina,Import,116668160,2,2024
Argentina,Export,20013910,3,2024
Argentina,Import,250884340,3,2024
Argentina,Export,32068020,4,2024
Argentina,Import,298715680,4,2024
Argentina,Export,38936190,5,2024
Argentina,Import,363017780,5,2024
Argentina,Export,62436310,6,2024
Argentina,Import,325167140,6,2024
Argentina,Export,28067470,7,2024
Argentina,Import,289497070,7,2024
Argentina,Export,49976220,8,2024
Argentina,Import,418916410,8,2024
Argentina,Export,67045770,9,2024
Argentina,Import,247806410,9,2024
Argentina,Export,70057520,10,2024
Argentina,Import,418959670,10,2024
Argentina,Export,64540240,11,2024
Argentina,Import,367548570,11,2024
Argentina,Export,52777780,12,2024
Argentina,Import,358761020,12,2024
Australia,Export,521885640,1,2024
Australia,Import,729243860,1,2024
Australia,Export,358955390,2,2024
Australia,Import,544149320,2,2024
Australia,Export,473784170,3,2024
Australia,Import,588113010,3,2024
Australia,Export,596069050,4,2024
Australia,Import,669455120,4,2024
Australia,Export,622426450,5,2024
Australia,Import,567758780,5,2024
Australia,Export,571233690,6,2024
Australia,Import,575680720,6,2024
Australia,Export,614040610,7,2024
Australia,Import,791732410,7,2024
Australia,Export,639578710,8,2024
Australia,Import,768074640,8,2024
Australia,Export,627946420,9,2024
Australia,Import,570603330,9,2024
Australia,Export,481517560,10,2024
Australia,Import,617857460,10,2024
Australia,Export,463497010,11,2024
Australia,Import,562586260,11,2024
Australia,Export,505401590,12,2024
Australia,Import,607057430,12,2024
Austria,Export,248320060,1,2024
Austria,Import,28260120,1,2024
Austria,Export,170327880,2,2024
Austria,Import,24678150,2,2024
Austria,Export,218364260,3,2024
Austria,Import,38387220,3,2024
Austria,Export,103238260,4,2024
Austria,Import,26853940,4,2024
Austria,Export,143805980,5,2024
Austria,Import,42215140,5,2024
Austria,Export,146404030,6,2024
Austria,Import,42395340,6,2024
Austria,Export,217020530,7,2024
Austria,Import,37117540,7,2024
Austria,Export,150508890,8,2024
Austria,Import,42501470,8,2024
Austria,Export,138666740,9,2024
Austria,Import,44869270,9,2024
Austria,Export,207151070,10,2024
Austria,Import,47387770,10,2024
Austria,Export,177415690,11,2024
Austria,Import,40743600,11,2024
Austria,Export,76525470,12,2024
Austria,Import,40030300,12,2024
Belarus,Export,0,1,2024
Belarus,Import,1990880,1,2024
Belarus,Export,0,2,2024
Belarus,Import,1790150,2,2024
Belarus,Export,0,3,2024
Belarus,Import,1862310,3,2024
Belarus,Export,0,4,2024
Belarus,Import,1532080,4,2024
Belarus,Export,0,5,2024
Belarus,Import,1753450,5,2024
Belarus,Export,0,6,2024
Belarus,Import,1594360,6,2024
Belarus,Export,0,7,2024
Belarus,Import,1929660,7,2024
Belarus,Export,0,8,2024
Belarus,Import,6330480,8,2024
Belarus,Export,0,9,2024
Belarus,Import,6208630,9,2024
Belarus,Export,0,10,2024
Belarus,Import,2024830,10,2024
Belarus,Export,0,11,2024
Belarus,Import,2098940,11,2024
Belarus,Export,0,12,2024
Belarus,Import,2731310,12,2024
Belgium,Export,317164560,1,2024
Belgium,Import,48824380,1,2024
Belgium,Export,210484840,2,2024
Belgium,Import,43006110,2,2024
Belgium,Export,327439930,3,2024
Belgium,Import,55403410,3,2024
Belgium,Export,341011880,4,2024
Belgium,Import,55631150,4,2024
Belgium,Export,318054530,5,2024
Belgium,Import,55207520,5,2024
Belgium,Export,339469950,6,2024
Belgium,Import,55351380,6,2024
Belgium,Export,341028020,7,2024
Belgium,Import,53118420,7,2024
Belgium,Export,284719480,8,2024
Belgium,Import,57107370,8,2024
Belgium,Export,282721040,9,2024
Belgium,Import,65126380,9,2024
Belgium,Export,404161100,10,2024
Belgium,Import,64857410,10,2024
Belgium,Export,308484540,11,2024
Belgium,Import,51648180,11,2024
Belgium,Export,307071330,12,2024
Belgium,Import,66503869,12,2024
Brazil,Export,231341470,1,2024
Brazil,Import,569312500,1,2024
Brazil,Export,222467070,2,2024
Brazil,Import,497282800,2,2024
Brazil,Export,222212350,3,2024
Brazil,Import,461806920,3,2024
Brazil,Export,225975100,4,2024
Brazil,Import,358738720,4,2024
Brazil,Export,236240290,5,2024
Brazil,Import,470600860,5,2024
Brazil,Export,180407630,6,2024
Brazil,Import,288590870,6,2024
Brazil,Export,212048690,7,2024
Brazil,Import,414720890,7,2024
Brazil,Export,247798680,8,2024
Brazil,Import,402379410,8,2024
Brazil,Export,214877300,9,2024
Brazil,Import,358265400,9,2024
Brazil,Export,233491030,10,2024
Brazil,Import,544744160,10,2024
Brazil,Export,193058110,11,2024
Brazil,Import,531073579,11,2024
Brazil,Export,180121570,12,2024
Brazil,Import,479746830,12,2024
Brunei,Export,1300980,1,2024
Brunei,Import,24266740,1,2024
Brunei,Export,12742470,2,2024
Brunei,Import,59687930,2,2024
Brunei,Export,1418130,3,2024
Brunei,Import,19513060,3,2024
Brunei,Export,53028870,4,2024
Brunei,Import,9398650,4,2024
Brunei,Export,621910,5,2024
Brunei,Import,61637380,5,2024
Brunei,Export,1325570,6,2024
Brunei,Import,86227250,6,2024
Brunei,Export,1003250,7,2024
Brunei,Import,34476880,7,2024
Brunei,Export,16307010,8,2024
Brunei,Import,41612180,8,2024
Brunei,Export,25557390,9,2024
Brunei,Import,85919740,9,2024
Brunei,Export,2498400,10,2024
Brunei,Import,10780030,10,2024
Brunei,Export,1459690,11,2024
Brunei,Import,56251730,11,2024
Brunei,Export,27249900,12,2024
Brunei,Import,37094770,12,2024
Bungary,Export,18917220,1,2024
Bungary,Import,3306060,1,2024
Bungary,Export,9930440,2,2024
Bungary,Import,3345840,2,2024
Bungary,Export,16398810,3,2024
Bungary,Import,6781570,3,2024
Bungary,Export,16360960,4,2024
Bungary,Import,6569090,4,2024
Bungary,Export,30458330,5,2024
Bungary,Import,5473210,5,2024
Bungary,Export,21138310,6,2024
Bungary,Import,3659460,6,2024
Bungary,Export,11409290,7,2024
Bungary,Import,4874510,7,2024
Bungary,Export,10221900,8,2024
Bungary,Import,21096810,8,2024
Bungary,Export,6161230,9,2024
Bungary,Import,3649920,9,2024
Bungary,Export,26361970,10,2024
Bungary,Import,3241920,10,2024
Bungary,Export,11566430,11,2024
Bungary,Import,7962490,11,2024
Bungary,Export,8079990,12,2024
Bungary,Import,6049430,12,2024
Cambodia,Export,448869710,1,2024
Cambodia,Import,398074880,1,2024
Cambodia,Export,327051810,2,2024
Cambodia,Import,459055000,2,2024
Cambodia,Export,430547870,3,2024
Cambodia,Import,866798800,3,2024
Cambodia,Export,413903990,4,2024
Cambodia,Import,473821600,4,2024
Cambodia,Export,454461690,5,2024
Cambodia,Import,262536039,5,2024
Cambodia,Export,438178920,6,2024
Cambodia,Import,223498210,6,2024
Cambodia,Export,457975820,7,2024
Cambodia,Import,272777850,7,2024
Cambodia,Export,557220470,8,2024
Cambodia,Import,343747380,8,2024
Cambodia,Export,457264310,9,2024
Cambodia,Import,311560820,9,2024
Cambodia,Export,446644630,10,2024
Cambodia,Import,308417030,10,2024
Cambodia,Export,423169420,11,2024
Cambodia,Import,427400070,11,2024
Cambodia,Export,458971810,12,2024
Cambodia,Import,434409990,12,2024
Cameroon,Export,0,1,2024
Cameroon,Import,14994740,1,2024
Cameroon,Export,0,2,2024
Cameroon,Import,5007980,2,2024
Cameroon,Export,0,3,2024
Cameroon,Import,5642430,3,2024
Cameroon,Export,0,4,2024
Cameroon,Import,14478620,4,2024
Cameroon,Export,0,5,2024
Cameroon,Import,5862410,5,2024
Cameroon,Export,0,6,2024
Cameroon,Import,9824760,6,2024
Cameroon,Export,0,7,2024
Cameroon,Import,13569780,7,2024
Cameroon,Export,0,8,2024
Cameroon,Import,13683190,8,2024
Cameroon,Export,0,9,2024
Cameroon,Import,10702180,9,2024
Cameroon,Export,0,10,2024
Cameroon,Import,9468040,10,2024
Cameroon,Export,0,11,2024
Cameroon,Import,9913680,11,2024
Cameroon,Export,0,12,2024
Cameroon,Import,12452580,12,2024
Canada,Export,565532300,1,2024
Canada,Import,41778510,1,2024
Canada,Export,412181220,2,2024
Canada,Import,43636530,2,2024
Canada,Export,525154010,3,2024
Canada,Import,73860700,3,2024
Canada,Export,508309830,4,2024
Canada,Import,86225110,4,2024
Canada,Export,504505420,5,2024
Canada,Import,52780860,5,2024
Canada,Export,522623250,6,2024
Canada,Import,60282610,6,2024
Canada,Export,583323910,7,2024
Canada,Import,85663650,7,2024
Canada,Export,543547770,8,2024
Canada,Import,114160320,8,2024
Canada,Export,493017870,9,2024
Canada,Import,83257630,9,2024
Canada,Export,595984900,10,2024
Canada,Import,47313640,10,2024
Canada,Export,562170980,11,2024
Canada,Import,101410480,11,2024
Canada,Export,557553110,12,2024
Canada,Import,65941700,12,2024
Chile,Export,153227150,1,2024
Chile,Import,31115640,1,2024
Chile,Export,174225090,2,2024
Chile,Import,24270510,2,2024
Chile,Export,126107970,3,2024
Chile,Import,24989750,3,2024
Chile,Export,88119510,4,2024
Chile,Import,31270300,4,2024
Chile,Export,74487660,5,2024
Chile,Import,30995200,5,2024
Chile,Export,60330920,6,2024
Chile,Import,24209050,6,2024
Chile,Export,73313340,7,2024
Chile,Import,25355620,7,2024
Chile,Export,121776530,8,2024
Chile,Import,36735840,8,2024
Chile,Export,167615640,9,2024
Chile,Import,25764100,9,2024
Chile,Export,86004740,10,2024
Chile,Import,23748740,10,2024
Chile,Export,91261570,11,2024
Chile,Import,24919730,11,2024
Chile,Export,162176180,12,2024
Chile,Import,23153840,12,2024
"China, PR",Export,4555004110,1,2024
"China, PR",Import,11880829190,1,2024
"China, PR",Export,3404870000,2,2024
"China, PR",Import,7448720590,2,2024
"China, PR",Export,5148137230,3,2024
"China, PR",Import,11193802320,3,2024
"China, PR",Export,4524844170,4,2024
"China, PR",Import,11740645620,4,2024
"China, PR",Export,4899151690,5,2024
"China, PR",Import,12883422940,5,2024
"China, PR",Export,5145110090,6,2024
"China, PR",Import,11567371290,6,2024
"China, PR",Export,4728195910,7,2024
"China, PR",Import,12808385920,7,2024
"China, PR",Export,5886398440,8,2024
"China, PR",Import,13040301190,8,2024
"China, PR",Export,6219425380,9,2024
"China, PR",Import,12228098970,9,2024
"China, PR",Export,5525310300,10,2024
"China, PR",Import,12886157670,10,2024
"China, PR",Export,5006333480,11,2024
"China, PR",Import,12851268030,11,2024
"China, PR",Export,6168768630,12,2024
"China, PR",Import,13491973770,12,2024
Croatia,Export,7643310,1,2024
Croatia,Import,3505910,1,2024
Croatia,Export,8952810,2,2024
Croatia,Import,1019860,2,2024
Croatia,Export,11025600,3,2024
Croatia,Import,2997970,3,2024
Croatia,Export,8000820,4,2024
Croatia,Import,2606180,4,2024
Croatia,Export,5589010,5,2024
Croatia,Import,4864880,5,2024
Croatia,Export,6842170,6,2024
Croatia,Import,4444810,6,2024
Croatia,Export,4387560,7,2024
Croatia,Import,5448060,7,2024
Croatia,Export,5720220,8,2024
Croatia,Import,4645920,8,2024
Croatia,Export,3966180,9,2024
Croatia,Import,4785210,9,2024
Croatia,Export,11441690,10,2024
Croatia,Import,3472240,10,2024
Croatia,Export,8199480,11,2024
Croatia,Import,2221400,11,2024
Croatia,Export,8478760,12,2024
Croatia,Import,4385130,12,2024
Cyprus,Export,5012990,1,2024
Cyprus,Import,6838910,1,2024
Cyprus,Export,3436050,2,2024
Cyprus,Import,1493620,2,2024
Cyprus,Export,5218090,3,2024
Cyprus,Import,2681000,3,2024
Cyprus,Export,13386730,4,2024
Cyprus,Import,2313110,4,2024
Cyprus,Export,5835320,5,2024
Cyprus,Import,4029970,5,2024
Cyprus,Export,3833370,6,2024
Cyprus,Import,3521390,6,2024
Cyprus,Export,4634660,7,2024
Cyprus,Import,4884660,7,2024
Cyprus,Export,4972130,8,2024
Cyprus,Import,2684070,8,2024
Cyprus,Export,4527730,9,2024
Cyprus,Import,6523910,9,2024
Cyprus,Export,4730450,10,2024
Cyprus,Import,3730120,10,2024
Cyprus,Export,4704150,11,2024
Cyprus,Import,3732980,11,2024
Cyprus,Export,5881220,12,2024
Cyprus,Import,3038020,12,2024
Czech Republic,Export,102896760,1,2024
Czech Republic,Import,11121500,1,2024
Czech Republic,Export,77564960,2,2024
Czech Republic,Import,23911680,2,2024
Czech Republic,Export,124713900,3,2024
Czech Republic,Import,18263620,3,2024
Czech Republic,Export,119433960,4,2024
Czech Republic,Import,18960810,4,2024
Czech Republic,Export,106339740,5,2024
Czech Republic,Import,17109060,5,2024
Czech Republic,Export,131278100,6,2024
Czech Republic,Import,13974730,6,2024
Czech Republic,Export,142046040,7,2024
Czech Republic,Import,23886850,7,2024
Czech Republic,Export,169653830,8,2024
Czech Republic,Import,18767660,8,2024
Czech Republic,Export,159557650,9,2024
Czech Republic,Import,21893380,9,2024
Czech Republic,Export,252581920,10,2024
Czech Republic,Import,21633410,10,2024
Czech Republic,Export,236072840,11,2024
Czech Republic,Import,18102900,11,2024
Czech Republic,Export,195169400,12,2024
Czech Republic,Import,21792270,12,2024
Côte d'lvoire,Export,13074810,1,2024
Côte d'lvoire,Import,28413190,1,2024
Côte d'lvoire,Export,6926570,2,2024
Côte d'lvoire,Import,17888610,2,2024
Côte d'lvoire,Export,53625790,3,2024
Côte d'lvoire,Import,16201130,3,2024
Côte d'lvoire,Export,20851470,4,2024
Côte d'lvoire,Import,15879160,4,2024
Côte d'lvoire,Export,50121530,5,2024
Côte d'lvoire,Import,96356270,5,2024
Côte d'lvoire,Export,16254010,6,2024
Côte d'lvoire,Import,113676300,6,2024
Côte d'lvoire,Export,32355540,7,2024
Côte d'lvoire,Import,130802080,7,2024
Côte d'lvoire,Export,21940300,8,2024
Côte d'lvoire,Import,114964110,8,2024
Côte d'lvoire,Export,30910480,9,2024
Côte d'lvoire,Import,127133800,9,2024
Côte d'lvoire,Export,36685510,10,2024
Côte d'lvoire,Import,107763540,10,2024
Côte d'lvoire,Export,34006460,11,2024
Côte d'lvoire,Import,57328110,11,2024
Côte d'lvoire,Export,32980920,12,2024
Côte d'lvoire,Import,52549820,12,2024
Denmark,Export,40384590,1,2024
Denmark,Import,18682340,1,2024
Denmark,Export,26489170,2,2024
Denmark,Import,12891260,2,2024
Denmark,Export,35738030,3,2024
Denmark,Import,18769800,3,2024
Denmark,Export,36865990,4,2024
Denmark,Import,15507760,4,2024
Denmark,Export,35095870,5,2024
Denmark,Import,20202160,5,2024
Denmark,Export,40484920,6,2024
Denmark,Import,16541820,6,2024
Denmark,Export,37518170,7,2024
Denmark,Import,22687100,7,2024
Denmark,Export,38017190,8,2024
Denmark,Import,22221340,8,2024
Denmark,Export,27097650,9,2024
Denmark,Import,23316230,9,2024
Denmark,Export,44061210,10,2024
Denmark,Import,22842240,10,2024
Denmark,Export,38431210,11,2024
Denmark,Import,20158050,11,2024
Denmark,Export,44184710,12,2024
Denmark,Import,18160940,12,2024
Estonia,Export,2962180,1,2024
Estonia,Import,666370,1,2024
Estonia,Export,1875360,2,2024
Estonia,Import,1058150,2,2024
Estonia,Export,3149550,3,2024
Estonia,Import,1104890,3,2024
Estonia,Export,3566430,4,2024
Estonia,Import,1308460,4,2024
Estonia,Export,2908390,5,2024
Estonia,Import,1368780,5,2024
Estonia,Export,4323080,6,2024
Estonia,Import,2927820,6,2024
Estonia,Export,6529770,7,2024
Estonia,Import,4237500,7,2024
Estonia,Export,5683010,8,2024
Estonia,Import,2180020,8,2024
Estonia,Export,4672150,9,2024
Estonia,Import,1801410,9,2024
Estonia,Export,6141280,10,2024
Estonia,Import,1166190,10,2024
Estonia,Export,5226850,11,2024
Estonia,Import,2648460,11,2024
Estonia,Export,3894190,12,2024
Estonia,Import,2419340,12,2024
FR. Germany,Export,772864440,1,2024
FR. Germany,Import,243262900,1,2024
FR. Germany,Export,479838510,2,2024
FR. Germany,Import,278652980,2,2024
FR. Germany,Export,649948620,3,2024
FR. Germany,Import,274982490,3,2024
FR. Germany,Export,670933950,4,2024
FR. Germany,Import,296616690,4,2024
FR. Germany,Export,589389210,5,2024
FR. Germany,Import,357594100,5,2024
FR. Germany,Export,634964500,6,2024
FR. Germany,Import,304132650,6,2024
FR. Germany,Export,763892570,7,2024
FR. Germany,Import,361694230,7,2024
FR. Germany,Export,700701910,8,2024
FR. Germany,Import,358724560,8,2024
FR. Germany,Export,567929280,9,2024
FR. Germany,Import,317304940,9,2024
FR. Germany,Export,709555560,10,2024
FR. Germany,Import,339367550,10,2024
FR. Germany,Export,664088700,11,2024
FR. Germany,Import,289460820,11,2024
FR. Germany,Export,730762530,12,2024
FR. Germany,Import,346271510,12,2024
Finland,Export,15143310,1,2024
Finland,Import,10711480,1,2024
Finland,Export,16711849,2,2024
Finland,Import,19531490,2,2024
Finland,Export,15891280,3,2024
Finland,Import,13443680,3,2024
Finland,Export,21365010,4,2024
Finland,Import,12219130,4,2024
Finland,Export,23236200,5,2024
Finland,Import,16440610,5,2024
Finland,Export,17556680,6,2024
Finland,Import,16536250,6,2024
Finland,Export,27183380,7,2024
Finland,Import,24121700,7,2024
Finland,Export,22544790,8,2024
Finland,Import,36380590,8,2024
Finland,Export,8344690,9,2024
Finland,Import,24473680,9,2024
Finland,Export,9650930,10,2024
Finland,Import,13030900,10,2024
Finland,Export,15281600,11,2024
Finland,Import,12092200,11,2024
Finland,Export,11693360,12,2024
Finland,Import,18971290,12,2024
France,Export,367678640,1,2024
France,Import,158696270,1,2024
France,Export,197138940,2,2024
France,Import,124879490,2,2024
France,Export,238568590,3,2024
France,Import,138575540,3,2024
France,Export,268067800,4,2024
France,Import,151253520,4,2024
France,Export,228534060,5,2024
France,Import,149596780,5,2024
France,Export,278943640,6,2024
France,Import,154814230,6,2024
France,Export,351476060,7,2024
France,Import,157862050,7,2024
France,Export,295463450,8,2024
France,Import,147639920,8,2024
France,Export,267674789,9,2024
France,Import,158403020,9,2024
France,Export,301608200,10,2024
France,Import,256817260,10,2024
France,Export,315930770,11,2024
France,Import,158311430,11,2024
France,Export,292877640,12,2024
France,Import,258425000,12,2024
Greece,Export,34707030,1,2024
Greece,Import,8301660,1,2024
Greece,Export,26106360,2,2024
Greece,Import,5981920,2,2024
Greece,Export,32696460,3,2024
Greece,Import,9410440,3,2024
Greece,Export,37036630,4,2024
Greece,Import,15355080,4,2024
Greece,Export,27645650,5,2024
Greece,Import,9307990,5,2024
Greece,Export,45889520,6,2024
Greece,Import,7989680,6,2024
Greece,Export,38294030,7,2024
Greece,Import,10399270,7,2024
Greece,Export,31168110,8,2024
Greece,Import,7494760,8,2024
Greece,Export,24159030,9,2024
Greece,Import,9777680,9,2024
Greece,Export,30922350,10,2024
Greece,Import,8661850,10,2024
Greece,Export,27889260,11,2024
Greece,Import,8536380,11,2024
Greece,Export,35524400,12,2024
Greece,Import,10667090,12,2024
Hong Kong SAR (China),Export,901222470,1,2024
Hong Kong SAR (China),Import,146216040,1,2024
Hong Kong SAR (China),Export,768761110,2,2024
Hong Kong SAR (China),Import,79847300,2,2024
Hong Kong SAR (China),Export,1275012090,3,2024
Hong Kong SAR (China),Import,92803430,3,2024
Hong Kong SAR (China),Export,873614040,4,2024
Hong Kong SAR (China),Import,74734570,4,2024
Hong Kong SAR (China),Export,883722820,5,2024
Hong Kong SAR (China),Import,88838700,5,2024
Hong Kong SAR (China),Export,1301137140,6,2024
Hong Kong SAR (China),Import,78859590,6,2024
Hong Kong SAR (China),Export,977575380,7,2024
Hong Kong SAR (China),Import,91492930,7,2024
Hong Kong SAR (China),Export,1132169280,8,2024
Hong Kong SAR (China),Import,119592860,8,2024
Hong Kong SAR (China),Export,1180802640,9,2024
Hong Kong SAR (China),Import,93644650,9,2024
Hong Kong SAR (China),Export,1044153790,10,2024
Hong Kong SAR (China),Import,84932780,10,2024
Hong Kong SAR (China),Export,925259070,11,2024
Hong Kong SAR (China),Import,68145080,11,2024
Hong Kong SAR (China),Export,1160004210,12,2024
Hong Kong SAR (China),Import,84035510,12,2024
Hungary,Export,38751380,1,2024
Hungary,Import,16012070,1,2024
Hungary,Export,39958920,2,2024
Hungary,Import,9655900,2,2024
Hungary,Export,55599410,3,2024
Hungary,Import,16901750,3,2024
Hungary,Export,57229520,4,2024
Hungary,Import,20051140,4,2024
Hungary,Export,53169320,5,2024
Hungary,Import,17058370,5,2024
Hungary,Export,70044160,6,2024
Hungary,Import,16593000,6,2024
Hungary,Export,77633220,7,2024
Hungary,Import,18893530,7,2024
Hungary,Export,74532750,8,2024
Hungary,Import,21620090,8,2024
Hungary,Export,54462540,9,2024
Hungary,Import,20259800,9,2024
Hungary,Export,60307340,10,2024
Hungary,Import,23371920,10,2024
Hungary,Export,63059840,11,2024
Hungary,Import,27163590,11,2024
Hungary,Export,61279720,12,2024
Hungary,Import,18438430,12,2024
India,Export,829216640,1,2024
India,Import,508101420,1,2024
India,Export,609703130,2,2024
India,Import,385891880,2,2024
India,Export,662396730,3,2024
India,Import,504117620,3,2024
India,Export,689988830,4,2024
India,Import,514152700,4,2024
India,Export,775562330,5,2024
India,Import,483886130,5,2024
India,Export,808839610,6,2024
India,Import,412949040,6,2024
India,Export,997081720,7,2024
India,Import,495930650,7,2024
India,Export,885249280,8,2024
India,Import,490154340,8,2024
India,Export,792827370,9,2024
India,Import,471973360,9,2024
India,Export,715109440,10,2024
India,Import,541538150,10,2024
India,Export,612625190,11,2024
India,Import,482081680,11,2024
India,Export,685908920,12,2024
India,Import,539117400,12,2024
Indonesia,Export,562097300,1,2024
Indonesia,Import,708229200,1,2024
Indonesia,Export,493169960,2,2024
Indonesia,Import,553621560,2,2024
Indonesia,Export,504012420,3,2024
Indonesia,Import,784559200,3,2024
Indonesia,Export,491149280,4,2024
Indonesia,Import,758700580,4,2024
Indonesia,Export,498966040,5,2024
Indonesia,Import,1010780640,5,2024
Indonesia,Export,434240080,6,2024
Indonesia,Import,937284670,6,2024
Indonesia,Export,484793880,7,2024
Indonesia,Import,884775020,7,2024
Indonesia,Export,687019400,8,2024
Indonesia,Import,906440950,8,2024
Indonesia,Export,481985360,9,2024
Indonesia,Import,852956020,9,2024
Indonesia,Export,548891950,10,2024
Indonesia,Import,1050911980,10,2024
Indonesia,Export,509344480,11,2024
Indonesia,Import,1009624460,11,2024
Indonesia,Export,499843270,12,2024
Indonesia,Import,1069145540,12,2024
Ireland,Export,27113680,1,2024
Ireland,Import,419863230,1,2024
Ireland,Export,37009480,2,2024
Ireland,Import,265680760,2,2024
Ireland,Export,39118190,3,2024
Ireland,Import,333044950,3,2024
Ireland,Export,82064160,4,2024
Ireland,Import,243154570,4,2024
Ireland,Export,121221330,5,2024
Ireland,Import,247607760,5,2024
Ireland,Export,99669290,6,2024
Ireland,Import,267044620,6,2024
Ireland,Export,170506940,7,2024
Ireland,Import,372942820,7,2024
Ireland,Export,92293960,8,2024
Ireland,Import,340711520,8,2024
Ireland,Export,86715630,9,2024
Ireland,Import,286111870,9,2024
Ireland,Export,86842380,10,2024
Ireland,Import,390758500,10,2024
Ireland,Export,80086690,11,2024
Ireland,Import,246699140,11,2024
Ireland,Export,86488600,12,2024
Ireland,Import,249019800,12,2024
Italia,Export,497729960,1,2024
Italia,Import,141042820,1,2024
Italia,Export,384532670,2,2024
Italia,Import,116531140,2,2024
Italia,Export,448784630,3,2024
Italia,Import,138459900,3,2024
Italia,Export,439979620,4,2024
Italia,Import,165716140,4,2024
Italia,Export,383674590,5,2024
Italia,Import,154857770,5,2024
Italia,Export,385973710,6,2024
Italia,Import,167266940,6,2024
Italia,Export,413851390,7,2024
Italia,Import,195837770,7,2024
Italia,Export,374080980,8,2024
Italia,Import,173814750,8,2024
Italia,Export,341054750,9,2024
Italia,Import,177670110,9,2024
Italia,Export,475631080,10,2024
Italia,Import,192096880,10,2024
Italia,Export,407784150,11,2024
Italia,Import,173620240,11,2024
Italia,Export,389343890,12,2024
Italia,Import,176902910,12,2024
Ixraen,Export,96265980,1,2024
Ixraen,Import,184262570,1,2024
Ixraen,Export,65064810,2,2024
Ixraen,Import,146367990,2,2024
Ixraen,Export,69721760,3,2024
Ixraen,Import,151328510,3,2024
Ixraen,Export,62400760,4,2024
Ixraen,Import,117515240,4,2024
Ixraen,Export,61730360,5,2024
Ixraen,Import,128242940,5,2024
Ixraen,Export,66144020,6,2024
Ixraen,Import,222730800,6,2024
Ixraen,Export,79234840,7,2024
Ixraen,Import,251689310,7,2024
Ixraen,Export,59859090,8,2024
Ixraen,Import,234038760,8,2024
Ixraen,Export,54092300,9,2024
Ixraen,Import,235655070,9,2024
Ixraen,Export,62033240,10,2024
Ixraen,Import,254195300,10,2024
Ixraen,Export,65529760,11,2024
Ixraen,Import,257170120,11,2024
Ixraen,Export,52534020,12,2024
Ixraen,Import,269000560,12,2024
Japan,Export,2229674290,1,2024
Japan,Import,1952249690,1,2024
Japan,Export,1387853310,2,2024
Japan,Import,1624943950,2,2024
Japan,Export,2072436180,3,2024
Japan,Import,1924223040,3,2024
Japan,Export,1882874330,4,2024
Japan,Import,1745812000,4,2024
Japan,Export,1850698390,5,2024
Japan,Import,1613476100,5,2024
Japan,Export,1910680840,6,2024
Japan,Import,1689288960,6,2024
Japan,Export,2313686360,7,2024
Japan,Import,1884773310,7,2024
Japan,Export,2372382940,8,2024
Japan,Import,1893516720,8,2024
Japan,Export,2001836660,9,2024
Japan,Import,1673428420,9,2024
Japan,Export,2240736130,10,2024
Japan,Import,1940640840,10,2024
Japan,Export,2173039780,11,2024
Japan,Import,1651155360,11,2024
Japan,Export,2172586310,12,2024
Japan,Import,1994938340,12,2024
Kazakhstan,Export,46498720,1,2024
Kazakhstan,Import,2349790,1,2024
Kazakhstan,Export,27936060,2,2024
Kazakhstan,Import,720450,2,2024
Kazakhstan,Export,40904610,3,2024
Kazakhstan,Import,5168330,3,2024
Kazakhstan,Export,39660580,4,2024
Kazakhstan,Import,7297030,4,2024
Kazakhstan,Export,18866750,5,2024
Kazakhstan,Import,8254610,5,2024
Kazakhstan,Export,30635290,6,2024
Kazakhstan,Import,6958120,6,2024
Kazakhstan,Export,40239650,7,2024
Kazakhstan,Import,4443050,7,2024
Kazakhstan,Export,35608360,8,2024
Kazakhstan,Import,7302070,8,2024
Kazakhstan,Export,25650710,9,2024
Kazakhstan,Import,8109650,9,2024
Kazakhstan,Export,35832720,10,2024
Kazakhstan,Import,6801330,10,2024
Kazakhstan,Export,36424070,11,2024
Kazakhstan,Import,8055960,11,2024
Kazakhstan,Export,29920640,12,2024
Kazakhstan,Import,5421230,12,2024
Korea,Export,2340866300,1,2024
Korea,Import,4188322610,1,2024
Korea,Export,1832139350,2,2024
Korea,Import,3779252390,2,2024
Korea,Export,2191390060,3,2024
Korea,Import,4585886450,3,2024
Korea,Export,1921518920,4,2024
Korea,Import,4393864990,4,2024
Korea,Export,1972138460,5,2024
Korea,Import,4874240960,5,2024
Korea,Export,1985260540,6,2024
Korea,Import,4957194560,6,2024
Korea,Export,2250284600,7,2024
Korea,Import,5097840440,7,2024
Korea,Export,2363233880,8,2024
Korea,Import,4924409290,8,2024
Korea,Export,2088572750,9,2024
Korea,Import,4651462320,9,2024
Korea,Export,2288079280,10,2024
Korea,Import,4899196360,10,2024
Korea,Export,2116043069,11,2024
Korea,Import,4783939830,11,2024
Korea,Export,2269654590,12,2024
Korea,Import,4790260770,12,2024
Kuwait,Export,5862480,1,2024
Kuwait,Import,655003930,1,2024
Kuwait,Export,4419130,2,2024
Kuwait,Import,503436160,2,2024
Kuwait,Export,7025920,3,2024
Kuwait,Import,669702560,3,2024
Kuwait,Export,6671170,4,2024
Kuwait,Import,710067370,4,2024
Kuwait,Export,5551410,5,2024
Kuwait,Import,768109260,5,2024
Kuwait,Export,4498920,6,2024
Kuwait,Import,547408370,6,2024
Kuwait,Export,6350370,7,2024
Kuwait,Import,706753930,7,2024
Kuwait,Export,5707780,8,2024
Kuwait,Import,560302630,8,2024
Kuwait,Export,7304690,9,2024
Kuwait,Import,607827320,9,2024
Kuwait,Export,5874310,10,2024
Kuwait,Import,462652930,10,2024
Kuwait,Export,8043790,11,2024
Kuwait,Import,468452950,11,2024
Kuwait,Export,7827450,12,2024
Kuwait,Import,590613680,12,2024
Lao PDR,Export,56841180,1,2024
Lao PDR,Import,117633240,1,2024
Lao PDR,Export,36830420,2,2024
Lao PDR,Import,65404240,2,2024
Lao PDR,Export,51502210,3,2024
Lao PDR,Import,148611590,3,2024
Lao PDR,Export,40815170,4,2024
Lao PDR,Import,102039600,4,2024
Lao PDR,Export,52284860,5,2024
Lao PDR,Import,107158290,5,2024
Lao PDR,Export,50692510,6,2024
Lao PDR,Import,97395280,6,2024
Lao PDR,Export,66298820,7,2024
Lao PDR,Import,125315240,7,2024
Lao PDR,Export,74242910,8,2024
Lao PDR,Import,151543010,8,2024
Lao PDR,Export,62426920,9,2024
Lao PDR,Import,97183340,9,2024
Lao PDR,Export,68290710,10,2024
Lao PDR,Import,131556030,10,2024
Lao PDR,Export,81148000,11,2024
Lao PDR,Import,157295910,11,2024
Lao PDR,Export,113827260,12,2024
Lao PDR,Import,195829930,12,2024
Latvia,Export,24863460,1,2024
Latvia,Import,2624290,1,2024
Latvia,Export,23780110,2,2024
Latvia,Import,1914630,2,2024
Latvia,Export,29904830,3,2024
Latvia,Import,2032560,3,2024
Latvia,Export,21036460,4,2024
Latvia,Import,1851680,4,2024
Latvia,Export,23127610,5,2024
Latvia,Import,1948970,5,2024
Latvia,Export,17824000,6,2024
Latvia,Import,1875600,6,2024
Latvia,Export,25988140,7,2024
Latvia,Import,1737860,7,2024
Latvia,Export,18377450,8,2024
Latvia,Import,1991910,8,2024
Latvia,Export,14935580,9,2024
Latvia,Import,1717790,9,2024
Latvia,Export,16497710,10,2024
Latvia,Import,1725030,10,2024
Latvia,Export,18624220,11,2024
Latvia,Import,727990,11,2024
Latvia,Export,12204600,12,2024
Latvia,Import,2754550,12,2024
Litva,Export,12273000,1,2024
Litva,Import,1592760,1,2024
Litva,Export,10957790,2,2024
Litva,Import,2518320,2,2024
Litva,Export,18597670,3,2024
Litva,Import,2822110,3,2024
Litva,Export,15985730,4,2024
Litva,Import,1552580,4,2024
Litva,Export,14151400,5,2024
Litva,Import,3208410,5,2024
Litva,Export,12586470,6,2024
Litva,Import,2280980,6,2024
Litva,Export,11125960,7,2024
Litva,Import,1814020,7,2024
Litva,Export,14881620,8,2024
Litva,Import,2328550,8,2024
Litva,Export,13388990,9,2024
Litva,Import,2515750,9,2024
Litva,Export,17929520,10,2024
Litva,Import,3110230,10,2024
Litva,Export,21787300,11,2024
Litva,Import,3087070,11,2024
Litva,Export,13183250,12,2024
Litva,Import,3297260,12,2024
Luxembourg,Export,4791380,1,2024
Luxembourg,Import,3920140,1,2024
Luxembourg,Export,32869400,2,2024
Luxembourg,Import,4543080,2,2024
Luxembourg,Export,28161560,3,2024
Luxembourg,Import,9514310,3,2024
Luxembourg,Export,8755240,4,2024
Luxembourg,Import,7349320,4,2024
Luxembourg,Export,8171700,5,2024
Luxembourg,Import,8151400,5,2024
Luxembourg,Export,8115390,6,2024
Luxembourg,Import,5192630,6,2024
Luxembourg,Export,8377520,7,2024
Luxembourg,Import,8927790,7,2024
Luxembourg,Export,9150670,8,2024
Luxembourg,Import,5509040,8,2024
Luxembourg,Export,12960400,9,2024
Luxembourg,Import,9172380,9,2024
Luxembourg,Export,19008380,10,2024
Luxembourg,Import,11492470,10,2024
Luxembourg,Export,11037790,11,2024
Luxembourg,Import,8652680,11,2024
Luxembourg,Export,9751130,12,2024
Luxembourg,Import,5525500,12,2024
Malaysia,Export,464267720,1,2024
Malaysia,Import,856898830,1,2024
Malaysia,Export,328201690,2,2024
Malaysia,Import,655818920,2,2024
Malaysia,Export,441856770,3,2024
Malaysia,Import,904608060,3,2024
Malaysia,Export,428753560,4,2024
Malaysia,Import,837793460,4,2024
Malaysia,Export,483361710,5,2024
Malaysia,Import,823746170,5,2024
Malaysia,Export,457449470,6,2024
Malaysia,Import,648362690,6,2024
Malaysia,Export,429794760,7,2024
Malaysia,Import,733075100,7,2024
Malaysia,Export,446955660,8,2024
Malaysia,Import,685685740,8,2024
Malaysia,Export,347592630,9,2024
Malaysia,Import,683978960,9,2024
Malaysia,Export,403141640,10,2024
Malaysia,Import,756207800,10,2024
Malaysia,Export,404007450,11,2024
Malaysia,Import,752538580,11,2024
Malaysia,Export,420092660,12,2024
Malaysia,Import,794315130,12,2024
Malta,Export,1332530,1,2024
Malta,Import,1850060,1,2024
Malta,Export,736840,2,2024
Malta,Import,1330640,2,2024
Malta,Export,912870,3,2024
Malta,Import,1951230,3,2024
Malta,Export,2428430,4,2024
Malta,Import,2271160,4,2024
Malta,Export,538960,5,2024
Malta,Import,2090350,5,2024
Malta,Export,1376720,6,2024
Malta,Import,1056950,6,2024
Malta,Export,1287750,7,2024
Malta,Import,3632540,7,2024
Malta,Export,7211400,8,2024
Malta,Import,3385420,8,2024
Malta,Export,2143040,9,2024
Malta,Import,2277240,9,2024
Malta,Export,1811670,10,2024
Malta,Import,4614270,10,2024
Malta,Export,964970,11,2024
Malta,Import,1459220,11,2024
Malta,Export,2134730,12,2024
Malta,Import,1850360,12,2024
Mexico,Export,486737270,1,2024
Mexico,Import,81038290,1,2024
Mexico,Export,337421970,2,2024
Mexico,Import,75236950,2,2024
Mexico,Export,516262380,3,2024
Mexico,Import,82994090,3,2024
Mexico,Export,464803580,4,2024
Mexico,Import,62244440,4,2024
Mexico,Export,425714910,5,2024
Mexico,Import,78232990,5,2024
Mexico,Export,405207930,6,2024
Mexico,Import,75632950,6,2024
Mexico,Export,532444130,7,2024
Mexico,Import,79387020,7,2024
Mexico,Export,496485200,8,2024
Mexico,Import,77378430,8,2024
Mexico,Export,420422370,9,2024
Mexico,Import,78721990,9,2024
Mexico,Export,488952730,10,2024
Mexico,Import,88933600,10,2024
Mexico,Export,455985350,11,2024
Mexico,Import,87863710,11,2024
Mexico,Export,434554380,12,2024
Mexico,Import,81493750,12,2024
Myanmar,Export,31512530,1,2024
Myanmar,Import,24947360,1,2024
Myanmar,Export,20819250,2,2024
Myanmar,Import,24574460,2,2024
Myanmar,Export,23103310,3,2024
Myanmar,Import,25141450,3,2024
Myanmar,Export,28590320,4,2024
Myanmar,Import,29214950,4,2024
Myanmar,Export,21327390,5,2024
Myanmar,Import,22628200,5,2024
Myanmar,Export,23625850,6,2024
Myanmar,Import,29872780,6,2024
Myanmar,Export,28379440,7,2024
Myanmar,Import,29963360,7,2024
Myanmar,Export,20053170,8,2024
Myanmar,Import,21531820,8,2024
Myanmar,Export,17327600,9,2024
Myanmar,Import,21892900,9,2024
Myanmar,Export,19221120,10,2024
Myanmar,Import,20332580,10,2024
Myanmar,Export,24450570,11,2024
Myanmar,Import,19217840,11,2024
Myanmar,Export,23707110,12,2024
Myanmar,Import,22580370,12,2024
Netherlands,Export,1055816090,1,2024
Netherlands,Import,48834700,1,2024
Netherlands,Export,702567420,2,2024
Netherlands,Import,57970490,2,2024
Netherlands,Export,1182648010,3,2024
Netherlands,Import,44091370,3,2024
Netherlands,Export,1053727790,4,2024
Netherlands,Import,76182220,4,2024
Netherlands,Export,1010507230,5,2024
Netherlands,Import,66254070,5,2024
Netherlands,Export,1147818130,6,2024
Netherlands,Import,54463660,6,2024
Netherlands,Export,1115832730,7,2024
Netherlands,Import,70954050,7,2024
Netherlands,Export,1178119870,8,2024
Netherlands,Import,88234910,8,2024
Netherlands,Export,1013843540,9,2024
Netherlands,Import,60462650,9,2024
Netherlands,Export,1234587200,10,2024
Netherlands,Import,78462620,10,2024
Netherlands,Export,1133688020,11,2024
Netherlands,Import,66856869,11,2024
Netherlands,Export,1164496030,12,2024
Netherlands,Import,71361000,12,2024
New Zealand,Export,71749130,1,2024
New Zealand,Import,41356070,1,2024
New Zealand,Export,47841480,2,2024
New Zealand,Import,27866290,2,2024
New Zealand,Export,57358980,3,2024
New Zealand,Import,38915630,3,2024
New Zealand,Export,51560430,4,2024
New Zealand,Import,52166860,4,2024
New Zealand,Export,48835760,5,2024
New Zealand,Import,63692490,5,2024
New Zealand,Export,52491900,6,2024
New Zealand,Import,64268880,6,2024
New Zealand,Export,66776649,7,2024
New Zealand,Import,54491290,7,2024
New Zealand,Export,66647220,8,2024
New Zealand,Import,58270600,8,2024
New Zealand,Export,60228510,9,2024
New Zealand,Import,51258710,9,2024
New Zealand,Export,64357150,10,2024
New Zealand,Import,47752060,10,2024
New Zealand,Export,52739440,11,2024
New Zealand,Import,43061850,11,2024
New Zealand,Export,46193010,12,2024
New Zealand,Import,60899640,12,2024
Norway,Export,11167690,1,2024
Norway,Import,31910760,1,2024
Norway,Export,6636660,2,2024
Norway,Import,34763920,2,2024
Norway,Export,7934800,3,2024
Norway,Import,42208320,3,2024
Norway,Export,8898370,4,2024
Norway,Import,39213320,4,2024
Norway,Export,11555820,5,2024
Norway,Import,43216890,5,2024
Norway,Export,16846620,6,2024
Norway,Import,44941710,6,2024
Norway,Export,9512890,7,2024
Norway,Import,38340360,7,2024
Norway,Export,13784750,8,2024
Norway,Import,48888690,8,2024
Norway,Export,8271360,9,2024
Norway,Import,36052480,9,2024
Norway,Export,10889820,10,2024
Norway,Import,47133660,10,2024
Norway,Export,15484390,11,2024
Norway,Import,48714190,11,2024
Norway,Export,15379040,12,2024
Norway,Import,61522380,12,2024
Pakistan,Export,36454570,1,2024
Pakistan,Import,49561940,1,2024
Pakistan,Export,26038970,2,2024
Pakistan,Import,33015949,2,2024
Pakistan,Export,33064000,3,2024
Pakistan,Import,32789320,3,2024
Pakistan,Export,37274890,4,2024
Pakistan,Import,20487630,4,2024
Pakistan,Export,37344180,5,2024
Pakistan,Import,21769780,5,2024
Pakistan,Export,51233050,6,2024
Pakistan,Import,22339140,6,2024
Pakistan,Export,47864270,7,2024
Pakistan,Import,34382210,7,2024
Pakistan,Export,49582120,8,2024
Pakistan,Import,38607330,8,2024
Pakistan,Export,54138790,9,2024
Pakistan,Import,20381640,9,2024
Pakistan,Export,46051900,10,2024
Pakistan,Import,17418810,10,2024
Pakistan,Export,52328210,11,2024
Pakistan,Import,16418400,11,2024
Pakistan,Export,51002390,12,2024
Pakistan,Import,20485710,12,2024
Peru,Export,46244250,1,2024
Peru,Import,7883920,1,2024
Peru,Export,32096960,2,2024
Peru,Import,3181090,2,2024
Peru,Export,38635190,3,2024
Peru,Import,6985160,3,2024
Peru,Export,37929100,4,2024
Peru,Import,6465770,4,2024
Peru,Export,34320540,5,2024
Peru,Import,4816770,5,2024
Peru,Export,28642520,6,2024
Peru,Import,3073700,6,2024
Peru,Export,36906210,7,2024
Peru,Import,7019890,7,2024
Peru,Export,48632020,8,2024
Peru,Import,8003590,8,2024
Peru,Export,33660630,9,2024
Peru,Import,5392790,9,2024
Peru,Export,41880480,10,2024
Peru,Import,10481310,10,2024
Peru,Export,38477570,11,2024
Peru,Import,6471450,11,2024
Peru,Export,26167410,12,2024
Peru,Import,4206230,12,2024
Philippines,Export,498320570,1,2024
Philippines,Import,266314070,1,2024
Philippines,Export,349324940,2,2024
Philippines,Import,193831470,2,2024
Philippines,Export,608841220,3,2024
Philippines,Import,243727250,3,2024
Philippines,Export,605737290,4,2024
Philippines,Import,225433360,4,2024
Philippines,Export,472582300,5,2024
Philippines,Import,191159420,5,2024
Philippines,Export,394274630,6,2024
Philippines,Import,157575640,6,2024
Philippines,Export,520572790,7,2024
Philippines,Import,177553700,7,2024
Philippines,Export,628239290,8,2024
Philippines,Import,207564470,8,2024
Philippines,Export,543398240,9,2024
Philippines,Import,199786620,9,2024
Philippines,Export,606728380,10,2024
Philippines,Import,223272060,10,2024
Philippines,Export,530386829,11,2024
Philippines,Import,197884460,11,2024
Philippines,Export,430442720,12,2024
Philippines,Import,192202080,12,2024
Poland,Export,253063730,1,2024
Poland,Import,26585530,1,2024
Poland,Export,201967580,2,2024
Poland,Import,32890850,2,2024
Poland,Export,240862200,3,2024
Poland,Import,37679930,3,2024
Poland,Export,241227700,4,2024
Poland,Import,31028710,4,2024
Poland,Export,258609640,5,2024
Poland,Import,29420210,5,2024
Poland,Export,238015110,6,2024
Poland,Import,34009760,6,2024
Poland,Export,261890700,7,2024
Poland,Import,40238270,7,2024
Poland,Export,325124500,8,2024
Poland,Import,29899630,8,2024
Poland,Export,256546490,9,2024
Poland,Import,30425100,9,2024
Poland,Export,266874870,10,2024
Poland,Import,28926840,10,2024
Poland,Export,256636370,11,2024
Poland,Import,29497500,11,2024
Poland,Export,248086020,12,2024
Poland,Import,37035960,12,2024
Portugal,Export,50237680,1,2024
Portugal,Import,9930960,1,2024
Portugal,Export,34718320,2,2024
Portugal,Import,8108930,2,2024
Portugal,Export,49415400,3,2024
Portugal,Import,18735160,3,2024
Portugal,Export,65055730,4,2024
Portugal,Import,13147950,4,2024
Portugal,Export,41131050,5,2024
Portugal,Import,15928930,5,2024
Portugal,Export,35295690,6,2024
Portugal,Import,21705310,6,2024
Portugal,Export,34915340,7,2024
Portugal,Import,14896760,7,2024
Portugal,Export,43890820,8,2024
Portugal,Import,15927010,8,2024
Portugal,Export,57217100,9,2024
Portugal,Import,13576580,9,2024
Portugal,Export,48797180,10,2024
Portugal,Import,12286350,10,2024
Portugal,Export,42705960,11,2024
Portugal,Import,8134460,11,2024
Portugal,Export,36599230,12,2024
Portugal,Import,12729050,12,2024
Romania,Export,25472660,1,2024
Romania,Import,10452920,1,2024
Romania,Export,24837210,2,2024
Romania,Import,9847880,2,2024
Romania,Export,32194250,3,2024
Romania,Import,15162070,3,2024
Romania,Export,34160460,4,2024
Romania,Import,22182100,4,2024
Romania,Export,26359370,5,2024
Romania,Import,6784120,5,2024
Romania,Export,28125170,6,2024
Romania,Import,7235160,6,2024
Romania,Export,38086680,7,2024
Romania,Import,15439360,7,2024
Romania,Export,36943010,8,2024
Romania,Import,17062610,8,2024
Romania,Export,33543160,9,2024
Romania,Import,22424460,9,2024
Romania,Export,32515760,10,2024
Romania,Import,7296280,10,2024
Romania,Export,35063090,11,2024
Romania,Import,10862960,11,2024
Romania,Export,31036990,12,2024
Romania,Import,10641530,12,2024
Russia Federation,Export,238711980,1,2024
Russia Federation,Import,196564630,1,2024
Russia Federation,Export,130969780,2,2024
Russia Federation,Import,204200040,2,2024
Russia Federation,Export,160346790,3,2024
Russia Federation,Import,179164190,3,2024
Russia Federation,Export,258182300,4,2024
Russia Federation,Import,230489780,4,2024
Russia Federation,Export,193631790,5,2024
Russia Federation,Import,203767340,5,2024
Russia Federation,Export,188852930,6,2024
Russia Federation,Import,156597640,6,2024
Russia Federation,Export,194547190,7,2024
Russia Federation,Import,204074680,7,2024
Russia Federation,Export,220053880,8,2024
Russia Federation,Import,168488250,8,2024
Russia Federation,Export,195514990,9,2024
Russia Federation,Import,194903580,9,2024
Russia Federation,Export,173722800,10,2024
Russia Federation,Import,153995140,10,2024
Russia Federation,Export,165145650,11,2024
Russia Federation,Import,136739210,11,2024
Russia Federation,Export,217424260,12,2024
Russia Federation,Import,217846260,12,2024
Saudi Arabia,Export,122590400,1,2024
Saudi Arabia,Import,152983410,1,2024
Saudi Arabia,Export,96209160,2,2024
Saudi Arabia,Import,86382540,2,2024
Saudi Arabia,Export,128948250,3,2024
Saudi Arabia,Import,115817250,3,2024
Saudi Arabia,Export,127054660,4,2024
Saudi Arabia,Import,96231870,4,2024
Saudi Arabia,Export,144227020,5,2024
Saudi Arabia,Import,103214850,5,2024
Saudi Arabia,Export,156369610,6,2024
Saudi Arabia,Import,86208940,6,2024
Saudi Arabia,Export,129885600,7,2024
Saudi Arabia,Import,149745800,7,2024
Saudi Arabia,Export,128018630,8,2024
Saudi Arabia,Import,124619800,8,2024
Saudi Arabia,Export,145070490,9,2024
Saudi Arabia,Import,121575300,9,2024
Saudi Arabia,Export,147035910,10,2024
Saudi Arabia,Import,141818870,10,2024
Saudi Arabia,Export,163430810,11,2024
Saudi Arabia,Import,158384120,11,2024
Saudi Arabia,Export,121785940,12,2024
Saudi Arabia,Import,126535680,12,2024
Senegal,Export,2936430,1,2024
Senegal,Import,0,1,2024
Senegal,Export,2498790,2,2024
Senegal,Import,0,2,2024
Senegal,Export,3746200,3,2024
Senegal,Import,0,3,2024
Senegal,Export,4610490,4,2024
Senegal,Import,0,4,2024
Senegal,Export,2242850,5,2024
Senegal,Import,0,5,2024
Senegal,Export,2167990,6,2024
Senegal,Import,0,6,2024
Senegal,Export,2681720,7,2024
Senegal,Import,0,7,2024
Senegal,Export,2423370,8,2024
Senegal,Import,0,8,2024
Senegal,Export,3208610,9,2024
Senegal,Import,0,9,2024
Senegal,Export,2858330,10,2024
Senegal,Import,0,10,2024
Senegal,Export,7617980,11,2024
Senegal,Import,0,11,2024
Senegal,Export,6921970,12,2024
Senegal,Import,0,12,2024
Singapore,Export,397363090,1,2024
Singapore,Import,341892960,1,2024
Singapore,Export,339614590,2,2024
Singapore,Import,410084280,2,2024
Singapore,Export,653995960,3,2024
Singapore,Import,468728310,3,2024
Singapore,Export,236223050,4,2024
Singapore,Import,526386209,4,2024
Singapore,Export,483303960,5,2024
Singapore,Import,376975480,5,2024
Singapore,Export,403540890,6,2024
Singapore,Import,343538030,6,2024
Singapore,Export,461884740,7,2024
Singapore,Import,461527250,7,2024
Singapore,Export,489119200,8,2024
Singapore,Import,428327210,8,2024
Singapore,Export,448448390,9,2024
Singapore,Import,384391900,9,2024
Singapore,Export,438382120,10,2024
Singapore,Import,558561260,10,2024
Singapore,Export,388710670,11,2024
Singapore,Import,430087600,11,2024
Singapore,Export,416293900,12,2024
Singapore,Import,644112840,12,2024
Slovakia,Export,119668450,1,2024
Slovakia,Import,6593040,1,2024
Slovakia,Export,87861840,2,2024
Slovakia,Import,2111300,2,2024
Slovakia,Export,130890590,3,2024
Slovakia,Import,3439370,3,2024
Slovakia,Export,143890570,4,2024
Slovakia,Import,3825350,4,2024
Slovakia,Export,94143420,5,2024
Slovakia,Import,3836150,5,2024
Slovakia,Export,150950920,6,2024
Slovakia,Import,3715510,6,2024
Slovakia,Export,220798130,7,2024
Slovakia,Import,7746510,7,2024
Slovakia,Export,220594380,8,2024
Slovakia,Import,5978470,8,2024
Slovakia,Export,125650220,9,2024
Slovakia,Import,6805810,9,2024
Slovakia,Export,119628550,10,2024
Slovakia,Import,6456120,10,2024
Slovakia,Export,129451670,11,2024
Slovakia,Import,5225640,11,2024
Slovakia,Export,131486400,12,2024
Slovakia,Import,3646300,12,2024
Slovenia,Export,31482630,1,2024
Slovenia,Import,7397620,1,2024
Slovenia,Export,28618680,2,2024
Slovenia,Import,7869230,2,2024
Slovenia,Export,34688630,3,2024
Slovenia,Import,8962150,3,2024
Slovenia,Export,32228330,4,2024
Slovenia,Import,10951100,4,2024
Slovenia,Export,51991790,5,2024
Slovenia,Import,9175990,5,2024
Slovenia,Export,28943420,6,2024
Slovenia,Import,13335830,6,2024
Slovenia,Export,36846100,7,2024
Slovenia,Import,10760540,7,2024
Slovenia,Export,31022980,8,2024
Slovenia,Import,8924740,8,2024
Slovenia,Export,36684260,9,2024
Slovenia,Import,9574410,9,2024
Slovenia,Export,29024740,10,2024
Slovenia,Import,7909960,10,2024
Slovenia,Export,27478840,11,2024
Slovenia,Import,5672900,11,2024
Slovenia,Export,32789550,12,2024
Slovenia,Import,7492410,12,2024
South Africa,Export,77338550,1,2024
South Africa,Import,80169140,1,2024
South Africa,Export,53301970,2,2024
South Africa,Import,56625240,2,2024
South Africa,Export,74345410,3,2024
South Africa,Import,116644050,3,2024
South Africa,Export,60573290,4,2024
South Africa,Import,96516410,4,2024
South Africa,Export,78221390,5,2024
South Africa,Import,31362610,5,2024
South Africa,Export,56127130,6,2024
South Africa,Import,120465610,6,2024
South Africa,Export,75740060,7,2024
South Africa,Import,161426630,7,2024
South Africa,Export,64811580,8,2024
South Africa,Import,114604360,8,2024
South Africa,Export,60323870,9,2024
South Africa,Import,58978320,9,2024
South Africa,Export,56069380,10,2024
South Africa,Import,57256550,10,2024
South Africa,Export,64630670,11,2024
South Africa,Import,15580970,11,2024
South Africa,Export,51774030,12,2024
South Africa,Import,36645970,12,2024
Spain,Export,398204020,1,2024
Spain,Import,42792640,1,2024
Spain,Export,268964830,2,2024
Spain,Import,38073760,2,2024
Spain,Export,386006150,3,2024
Spain,Import,50239870,3,2024
Spain,Export,321992980,4,2024
Spain,Import,54200180,4,2024
Spain,Export,286660120,5,2024
Spain,Import,68327380,5,2024
Spain,Export,308186830,6,2024
Spain,Import,59348850,6,2024
Spain,Export,384726910,7,2024
Spain,Import,76031590,7,2024
Spain,Export,377984480,8,2024
Spain,Import,79740630,8,2024
Spain,Export,320944210,9,2024
Spain,Import,66923970,9,2024
Spain,Export,353746980,10,2024
Spain,Import,57180760,10,2024
Spain,Export,308845030,11,2024
Spain,Import,61582020,11,2024
Spain,Export,286916580,12,2024
Spain,Import,61864800,12,2024
Sweden,Export,138754710,1,2024
Sweden,Import,27021010,1,2024
Sweden,Export,60397540,2,2024
Sweden,Import,28657200,2,2024
Sweden,Export,79634440,3,2024
Sweden,Import,27004040,3,2024
Sweden,Export,77279330,4,2024
Sweden,Import,31288400,4,2024
Sweden,Export,78602850,5,2024
Sweden,Import,42479620,5,2024
Sweden,Export,76385990,6,2024
Sweden,Import,28809250,6,2024
Sweden,Export,95127000,7,2024
Sweden,Import,55026950,7,2024
Sweden,Export,80225000,8,2024
Sweden,Import,41153370,8,2024
Sweden,Export,82488100,9,2024
Sweden,Import,27941090,9,2024
Sweden,Export,90668840,10,2024
Sweden,Import,50723710,10,2024
Sweden,Export,91913410,11,2024
Sweden,Import,31738310,11,2024
Sweden,Export,93780540,12,2024
Sweden,Import,35708860,12,2024
Switzerland,Export,21870660,1,2024
Switzerland,Import,49809830,1,2024
Switzerland,Export,10073830,2,2024
Switzerland,Import,38135580,2,2024
Switzerland,Export,11815700,3,2024
Switzerland,Import,51601740,3,2024
Switzerland,Export,15216430,4,2024
Switzerland,Import,46866700,4,2024
Switzerland,Export,16173370,5,2024
Switzerland,Import,48491130,5,2024
Switzerland,Export,14415070,6,2024
Switzerland,Import,53704320,6,2024
Switzerland,Export,13629360,7,2024
Switzerland,Import,52223680,7,2024
Switzerland,Export,12905640,8,2024
Switzerland,Import,52287880,8,2024
Switzerland,Export,11437900,9,2024
Switzerland,Import,52223900,9,2024
Switzerland,Export,21360910,10,2024
Switzerland,Import,65522770,10,2024
Switzerland,Export,17941590,11,2024
Switzerland,Import,55133750,11,2024
Switzerland,Export,16821670,12,2024
Switzerland,Import,61633330,12,2024
Taiwan,Export,462749930,1,2024
Taiwan,Import,1939785550,1,2024
Taiwan,Export,354533250,2,2024
Taiwan,Import,1260260310,2,2024
Taiwan,Export,491586830,3,2024
Taiwan,Import,1707497330,3,2024
Taiwan,Export,400145130,4,2024
Taiwan,Import,1718616520,4,2024
Taiwan,Export,482488680,5,2024
Taiwan,Import,1939472710,5,2024
Taiwan,Export,436621500,6,2024
Taiwan,Import,1729674470,6,2024
Taiwan,Export,460223570,7,2024
Taiwan,Import,2077456160,7,2024
Taiwan,Export,617987720,8,2024
Taiwan,Import,2123702029,8,2024
Taiwan,Export,399154500,9,2024
Taiwan,Import,2121966600,9,2024
Taiwan,Export,473739410,10,2024
Taiwan,Import,2069932610,10,2024
Taiwan,Export,518939350,11,2024
Taiwan,Import,2041585200,11,2024
Taiwan,Export,520617750,12,2024
Taiwan,Import,2011524230,12,2024
Thailand,Export,734443790,1,2024
Thailand,Import,885018450,1,2024
Thailand,Export,590371560,2,2024
Thailand,Import,743396670,2,2024
Thailand,Export,656872240,3,2024
Thailand,Import,979669790,3,2024
Thailand,Export,777727760,4,2024
Thailand,Import,924001090,4,2024
Thailand,Export,549730440,5,2024
Thailand,Import,1019063660,5,2024
Thailand,Export,594526660,6,2024
Thailand,Import,982378800,6,2024
Thailand,Export,696839070,7,2024
Thailand,Import,1176964180,7,2024
Thailand,Export,637193690,8,2024
Thailand,Import,1098912900,8,2024
Thailand,Export,642802750,9,2024
Thailand,Import,1093291880,9,2024
Thailand,Export,629706220,10,2024
Thailand,Import,1222162970,10,2024
Thailand,Export,662456650,11,2024
Thailand,Import,1130616030,11,2024
Thailand,Export,610147840,12,2024
Thailand,Import,1192020490,12,2024
Turkey,Export,164640100,1,2024
Turkey,Import,27059530,1,2024
Turkey,Export,129224850,2,2024
Turkey,Import,28770200,2,2024
Turkey,Export,170991690,3,2024
Turkey,Import,44794820,3,2024
Turkey,Export,158141920,4,2024
Turkey,Import,48394810,4,2024
Turkey,Export,169278040,5,2024
Turkey,Import,32869160,5,2024
Turkey,Export,135744280,6,2024
Turkey,Import,35441700,6,2024
Turkey,Export,150167590,7,2024
Turkey,Import,29077490,7,2024
Turkey,Export,162277170,8,2024
Turkey,Import,32528980,8,2024
Turkey,Export,140926050,9,2024
Turkey,Import,37241760,9,2024
Turkey,Export,216941050,10,2024
Turkey,Import,38823410,10,2024
Turkey,Export,166556300,11,2024
Turkey,Import,28173490,11,2024
Turkey,Export,165502080,12,2024
Turkey,Import,59443230,12,2024
Ukraine,Export,3234030,1,2024
Ukraine,Import,34027940,1,2024
Ukraine,Export,2310630,2,2024
Ukraine,Import,15103770,2,2024
Ukraine,Export,4014000,3,2024
Ukraine,Import,5419870,3,2024
Ukraine,Export,5789920,4,2024
Ukraine,Import,39565810,4,2024
Ukraine,Export,4663930,5,2024
Ukraine,Import,43106890,5,2024
Ukraine,Export,10205280,6,2024
Ukraine,Import,58698200,6,2024
Ukraine,Export,4294020,7,2024
Ukraine,Import,35156270,7,2024
Ukraine,Export,4604120,8,2024
Ukraine,Import,34988990,8,2024
Ukraine,Export,6597660,9,2024
Ukraine,Import,101503770,9,2024
Ukraine,Export,10803950,10,2024
Ukraine,Import,65257640,10,2024
Ukraine,Export,6482810,11,2024
Ukraine,Import,15064610,11,2024
Ukraine,Export,4811540,12,2024
Ukraine,Import,26687540,12,2024
United Arab Emirates,Export,505866200,1,2024
United Arab Emirates,Import,104996640,1,2024
United Arab Emirates,Export,420037270,2,2024
United Arab Emirates,Import,133437959,2,2024
United Arab Emirates,Export,516847250,3,2024
United Arab Emirates,Import,47902250,3,2024
United Arab Emirates,Export,448929040,4,2024
United Arab Emirates,Import,43392490,4,2024
United Arab Emirates,Export,476555870,5,2024
United Arab Emirates,Import,32357260,5,2024
United Arab Emirates,Export,465066090,6,2024
United Arab Emirates,Import,73450870,6,2024
United Arab Emirates,Export,540941040,7,2024
United Arab Emirates,Import,84584110,7,2024
United Arab Emirates,Export,473248060,8,2024
United Arab Emirates,Import,103948500,8,2024
United Arab Emirates,Export,468699300,9,2024
United Arab Emirates,Import,29366860,9,2024
United Arab Emirates,Export,458898060,10,2024
United Arab Emirates,Import,45228000,10,2024
United Arab Emirates,Export,448015130,11,2024
United Arab Emirates,Import,63811700,11,2024
United Arab Emirates,Export,397396480,12,2024
United Arab Emirates,Import,88268900,12,2024
United Kingdom,Export,780495400,1,2024
United Kingdom,Import,49583260,1,2024
United Kingdom,Export,484404840,2,2024
United Kingdom,Import,53966360,2,2024
United Kingdom,Export,637903270,3,2024
United Kingdom,Import,71036350,3,2024
United Kingdom,Export,581869250,4,2024
United Kingdom,Import,66869700,4,2024
United Kingdom,Export,517543410,5,2024
United Kingdom,Import,63324760,5,2024
United Kingdom,Export,573306580,6,2024
United Kingdom,Import,64473670,6,2024
United Kingdom,Export,740115010,7,2024
United Kingdom,Import,70851740,7,2024
United Kingdom,Export,742069960,8,2024
United Kingdom,Import,80624310,8,2024
United Kingdom,Export,613670870,9,2024
United Kingdom,Import,75670170,9,2024
United Kingdom,Export,688588930,10,2024
United Kingdom,Import,101820240,10,2024
United Kingdom,Export,577453500,11,2024
United Kingdom,Import,75716450,11,2024
United Kingdom,Export,605995410,12,2024
United Kingdom,Import,107113630,12,2024
United States,Export,10050254890,1,2024
United States,Import,1235390460,1,2024
United States,Export,6758417630,2,2024
United States,Import,966170060,2,2024
United States,Export,8963403730,3,2024
United States,Import,1183391690,3,2024
United States,Export,9163105170,4,2024
United States,Import,1193918080,4,2024
United States,Export,9723744800,5,2024
United States,Import,1309741310,5,2024
United States,Export,10482150900,6,2024
United States,Import,1228443690,6,2024
United States,Export,11288614610,7,2024
United States,Import,1339796220,7,2024
United States,Export,11810494140,8,2024
United States,Import,1284285550,8,2024
United States,Export,9932684570,9,2024
United States,Import,1244795090,9,2024
United States,Export,10651462550,10,2024
United States,Import,1305141300,10,2024
United States,Export,10146039450,11,2024
United States,Import,1276598470,11,2024
United States,Export,10531112520,12,2024
United States,Import,1534997250,12,2024
